title,duration_seconds,durationText,date,videoId,url,keep
Maverick Hurt His Wing! Skye & Rex Save the Dino! 🚁 | PAW Patrol | Compilation,1506,25:06,6 Aug 2026,v6sY4V8nluA,https://www.youtube.com/watch?v=v6sY4V8nluA,
The PAW Patrol Discovers the Legendary Elephant Spa! 🌴| PAW Patrol | 2 Hour Compilation,7776,2:09:36,6 Aug 2026,HjjE34SilVw,https://www.youtube.com/watch?v=HjjE34SilVw,
Help the Pups Save Mayor Humdinger! 🎩🐈 | PAW Patrol PAWSE & PLAY | Interactive Video for Kids,187,3:07,6 Aug 2026,7Di2Dl2Q4Yw,https://www.youtube.com/watch?v=7Di2Dl2Q4Yw,
The Coconut Catapult Goes Wild!  🥥🐵 | PAW Patrol | Compilation,3804,1:03:24,5 Aug 2026,rUTGIBFYNU0,https://www.youtube.com/watch?v=rUTGIBFYNU0,
PUPS ASSEMBLED: Rocky Reports for Dino Duty! | PAW Patrol | Compilation,1200,20:00,4 Aug 2026,wrLv0lU27Z0,https://www.youtube.com/watch?v=wrLv0lU27Z0,
Baby Dinos ESCAPE! 🦕 | PAW Patrol | Compilation,3678,1:01:18,3 Aug 2026,oT94Sw-FsNo,https://www.youtube.com/watch?v=oT94Sw-FsNo,
A Crash Is Seconds Away! Rocky Acts Fast! 🚂💥 | PAW Patrol | FULL Episode Compilation,2082,34:42,3 Aug 2026,72C1IWOdL7Y,https://www.youtube.com/watch?v=72C1IWOdL7Y,
Volcano Pollution Solution | PAW Patrol | Toy Play for Kids,2325,38:45,2 Aug 2026,xUZSEUeiOVk,https://www.youtube.com/watch?v=xUZSEUeiOVk,
Big Mistake! Humdinger Beamed into a UFO! 👽 | PAW Patrol | Compilation,4388,1:13:08,2 Aug 2026,1HH5oaMjzc4,https://www.youtube.com/watch?v=1HH5oaMjzc4,
A Pup Like Me! 😊🐶 | Official PAW Patrol Music Video 🎶 | Songs for Kids,45,0:45,1 Aug 2026,OT243JYHIlM,https://www.youtube.com/watch?v=OT243JYHIlM,
PUPS ASSEMBLED: Zuma Reports for Dino Duty! | PAW Patrol | Compilation,1352,22:32,1 Aug 2026,NulhgeDnc_A,https://www.youtube.com/watch?v=NulhgeDnc_A,
Marshall Saves the Surprise Birthday Bash! | PAW Patrol | Compilation,5211,1:26:51,31 Jul 2026,PohhrF_TVUg,https://www.youtube.com/watch?v=PohhrF_TVUg,
The Bridge Is Burning! Marshall to the Rescue! 🔥 | PAW Patrol | 2 HOUR Compilation,7771,2:09:31,30 Jul 2026,mn87b2UPuCs,https://www.youtube.com/watch?v=mn87b2UPuCs,
T-Rex Tyke in Danger! 🦖 Chase to the Rescue! | PAW Patrol | Compilation,3678,1:01:18,29 Jul 2026,qwvub4JGO9M,https://www.youtube.com/watch?v=qwvub4JGO9M,
PUPS ASSEMBLED: Skye Reports for Dino Duty! | PAW Patrol | Compilation,1496,24:56,28 Jul 2026,MB28PXmSsYQ,https://www.youtube.com/watch?v=MB28PXmSsYQ,
Dino on the Loose! Can Chase Find Him? 🦕 | PAW Patrol | Compilation,3678,1:01:18,27 Jul 2026,q4kHo2cZfnE,https://www.youtube.com/watch?v=q4kHo2cZfnE,
Runaway Birthday Cake! 🎂 Rubble Saves the Tasty Treat! | PAW Patrol | FULL Episode Compilation,2084,34:44,27 Jul 2026,hbIgTkhNvL8,https://www.youtube.com/watch?v=hbIgTkhNvL8,
Marshall’s Tree Trap Troubles | PAW Patrol | Toy Play for Kids,2198,36:38,26 Jul 2026,M71KgZEHaew,https://www.youtube.com/watch?v=M71KgZEHaew,
Crocodile Hold Up! Can Chase and Ryder Escape?! | PAW Patrol | Compilation,7845,2:10:45,26 Jul 2026,oNTajbxbuEQ,https://www.youtube.com/watch?v=oNTajbxbuEQ,
Friends Song! 🩷 | Official PAW Patrol Music Video | Songs for Kids,57,0:57,25 Jul 2026,Qd8N6LBjJnQ,https://www.youtube.com/watch?v=Qd8N6LBjJnQ,
PUPS ASSEMBLED: Chase Reports for Dino Duty! | PAW Patrol | Compilation,1501,25:01,25 Jul 2026,AhTd5_OK8OU,https://www.youtube.com/watch?v=AhTd5_OK8OU,
Can Marshall Stop the Fire-Breathing Dragon?? 🐉🔥 | PAW Patrol | Compilation,1506,25:06,24 Jul 2026,K7cPM3je4cM,https://www.youtube.com/watch?v=K7cPM3je4cM,
Match The Character To The Badge | PAW Patrol | Fun Interactive Quiz for Kids,192,3:12,24 Jul 2026,to5puGJxVKE,https://www.youtube.com/watch?v=to5puGJxVKE,
Let's Color Rhubarb & the Dino Pups! 🦖 PAW Patrol: The Dino Movie | Coloring Video for Kids,887,14:47,24 Jul 2026,h7Dy0iHNg-M,https://www.youtube.com/watch?v=h7Dy0iHNg-M,
Monster Truck Madness! 🚨 Roxi Joins the PAW Patrol! | PAW Patrol | 2 HOUR Compilation,7783,2:09:43,24 Jul 2026,hmX6NX4sCL0,https://www.youtube.com/watch?v=hmX6NX4sCL0,
Gold Mining Disaster! Tracker's About to Crash! 💥 | PAW Patrol | Compilation,3678,1:01:18,24 Jul 2026,L1_2kNN3ztM,https://www.youtube.com/watch?v=L1_2kNN3ztM,
Broken Crane! 🔧 Rubble Needs Rocky's Help! | PAW Patrol | Compilation,1871,31:11,24 Jul 2026,u_lbS4FyLLM,https://www.youtube.com/watch?v=u_lbS4FyLLM,
Pet Show Prize Goes MISSING! Skye to the Rescue! | PAW Patrol | Compilation,4852,1:20:52,24 Jul 2026,DS_wuNSPCoc,https://www.youtube.com/watch?v=DS_wuNSPCoc,
Otis Flies Away! Chase Rushes to the Rescue | PAW Patrol | FULL Episode Compilation,2082,34:42,24 Jul 2026,GCa9u5ZTtYE,https://www.youtube.com/watch?v=GCa9u5ZTtYE,
Stegosaurus Stampede | PAW Patrol | Toy Play for Kids,2677,44:37,24 Jul 2026,K4olPi_itUU,https://www.youtube.com/watch?v=K4olPi_itUU,
Ms. Marjorie is Missing! 🌊 Can Zuma Find Her?! 🐬 | PAW Patrol | Compilation,2503,41:43,24 Jul 2026,V99cOCXN82k,https://www.youtube.com/watch?v=V99cOCXN82k,
Rubble's First Mission! 💛 Pups Get a Rubble! | FULL Episodes | PAW Patrol | Compilation,3936,1:05:36,24 Jul 2026,pjyTq8xcFCY,https://www.youtube.com/watch?v=pjyTq8xcFCY,
Pink Lemonade Explosion! Search and Rescue Pups are on the Case! | PAW Patrol | Compilation,2503,41:43,17 Jul 2026,jzizqGzo_LY,https://www.youtube.com/watch?v=jzizqGzo_LY,
Coloring the NEW Dino Movie Pups! 🦖 | PAW Patrol:The Dino Movie | Coloring Video for Kids,533,8:53,17 Jul 2026,KuZc0VvxBow,https://www.youtube.com/watch?v=KuZc0VvxBow,
🌊 Waterfall Rescue! 🚨 Some Surprising Heroes Help the Pups! | PAW Patrol | 2 HOUR Compilation,7808,2:10:08,17 Jul 2026,6aPeZWWMs6g,https://www.youtube.com/watch?v=6aPeZWWMs6g,
The Girls Go on an Arctic Camping Trip! ⛺🐻 | PAW Patrol | Compilation,2503,41:43,17 Jul 2026,7uzwnz9Fim0,https://www.youtube.com/watch?v=7uzwnz9Fim0,
Tracker's Vehicle Is Too Loud! Can Rocky Fix It? 🔇♻️ | PAW Patrol | Compilation,1871,31:11,17 Jul 2026,E_Lzkp4wSO8,https://www.youtube.com/watch?v=E_Lzkp4wSO8,
Lost On Mars?! Can Chase Find Where Travis Landed? | PAW Patrol | Compilation,3651,1:00:51,17 Jul 2026,eKj-5k3M27A,https://www.youtube.com/watch?v=eKj-5k3M27A,
Giant Octopus Attacks! 🌊 Zuma Saves Mayor Humdinger! 🐙 | PAW Patrol | FULL Episode Compilation,2082,34:42,17 Jul 2026,yG9Ce9nTFiY,https://www.youtube.com/watch?v=yG9Ce9nTFiY,
Dino Egg Disaster | PAW Patrol | Toy Play for Kids,2142,35:42,17 Jul 2026,s4lmsCjF9qM,https://www.youtube.com/watch?v=s4lmsCjF9qM,
Search and Rescue: Where Are Humdinger's Kitties?! 🐱 | PAW Patrol | Compilation,2503,41:43,17 Jul 2026,X4mkbFlUHuc,https://www.youtube.com/watch?v=X4mkbFlUHuc,
Pups Save a Dolphin Pup! 🐬🌊 | FULL Episode | PAW Patrol | Compilation,3936,1:05:36,17 Jul 2026,D6Kk-B4LWao,https://www.youtube.com/watch?v=D6Kk-B4LWao,
Shark Week In Adventure Bay! 🦈 Biggest Ocean Rescues 🌊 | PAW Patrol | Compilation,3536,58:56,10 Jul 2026,v57qlh3cxLY,https://www.youtube.com/watch?v=v57qlh3cxLY,
Pup Treat Launcher! 🚀 Rocky Recycles a Super Catapult! | PAW Patrol | Compilation,1871,31:11,10 Jul 2026,w1-pqXibpbk,https://www.youtube.com/watch?v=w1-pqXibpbk,
🦖 Giant Dino Bone Rescue! 🚨 Skye Saves the Day! | PAW Patrol | Compilation,3678,1:01:18,10 Jul 2026,6KO32ElY5UI,https://www.youtube.com/watch?v=6KO32ElY5UI,
Help the Mighty Pups Power Up Their Gear! | PAW Patrol: Squad Missions | Interactive,198,3:18,10 Jul 2026,x3hg1ow5nhM,https://www.youtube.com/watch?v=x3hg1ow5nhM,
Ocean Disaster! 🚨 Zuma Finds the Stolen Lighthouse! | PAW Patrol | Compilation,4557,1:15:57,10 Jul 2026,zzF5jq2xllg,https://www.youtube.com/watch?v=zzF5jq2xllg,
Bear Attack! Skye and Rubble Save the Stargazers! | PAW Patrol | Compilation,2018,33:38,7 Jul 2026,PqjlNujN570,https://www.youtube.com/watch?v=PqjlNujN570,
Mayor About to Fall! 🌴 Chase Jumps Into Action! | PAW Patrol | Compilation,3651,1:00:51,7 Jul 2026,bKqzHR7QvRg,https://www.youtube.com/watch?v=bKqzHR7QvRg,
Where are the Mayor's Books?! 📚 Skye Saves the Book Delivery! | PAW Patrol | Compilation,4557,1:15:57,7 Jul 2026,oslpA0_sjxI,https://www.youtube.com/watch?v=oslpA0_sjxI,
Pups Save a Walrus! 🌊🦭 | FULL Episodes | PAW Patrol | Compilation,3936,1:05:36,7 Jul 2026,pOcqKfi2i1k,https://www.youtube.com/watch?v=pOcqKfi2i1k,
Stop the Music! Humdinger's Terrible Concert's Destroying the Town! 😬🎵 | PAW Patrol | Compilation,4557,1:15:57,7 Jul 2026,Z8fpi2dCwVk,https://www.youtube.com/watch?v=Z8fpi2dCwVk,
Quicksand Rescue! Tracker Saves the Mayor! | PAW Patrol | Compilation,981,16:21,7 Jul 2026,WGHwmmlkgNw,https://www.youtube.com/watch?v=WGHwmmlkgNw,
How to Play with the Rocky Megasaurus Dino Vehicle! | Unboxing & Setup,93,1:33,7 Jul 2026,jY4JlLN5dmE,https://www.youtube.com/watch?v=jY4JlLN5dmE,
⚽️ Pups Save the Soccer Games! ⚽ | PAW Patrol | PAWse & Play World Cup Edition,191,3:11,7 Jul 2026,wAxFZTUpVek,https://www.youtube.com/watch?v=wAxFZTUpVek,
Rocky Upgrades Skye's Grabber! 🧲 | PAW Patrol | Compilation,1874,31:14,7 Jul 2026,dHzR5HpX8Jc,https://www.youtube.com/watch?v=dHzR5HpX8Jc,
Rocky Gives Skye's Helicopter a MAKEOVER! ✨💅 | PAW Patrol | Compilation,1864,31:04,7 Jul 2026,taaPjEjzWU8,https://www.youtube.com/watch?v=taaPjEjzWU8,
Chickaletta Hitches a Ride With Danny X!! | PAW Patrol: Toy Play | Compilation,2021,33:41,7 Jul 2026,T3sulMJfz9o,https://www.youtube.com/watch?v=T3sulMJfz9o,
Villain Turns Helper?! 😲 The Pups Team Up With Sweetie! | PAW Patrol | Compilation,4378,1:12:58,7 Jul 2026,XqkCjcAG5Kw,https://www.youtube.com/watch?v=XqkCjcAG5Kw,
Rubble's in a Pickle! 🥒 | PAW Patrol | Compilation,1864,31:04,7 Jul 2026,WS6tK1pqD-c,https://www.youtube.com/watch?v=WS6tK1pqD-c,
Mysterious Crop Circles! Pups Solve the Mystery! 👽  | PAW Patrol | Compilation,4382,1:13:02,7 Jul 2026,dO-3HII0FNY,https://www.youtube.com/watch?v=dO-3HII0FNY,
Park Fire! Fire Patrol to the Rescue! 🔥 | PAW Patrol | 2 HOUR Compilation,7845,2:10:45,7 Jul 2026,NKDzGSnmR_o,https://www.youtube.com/watch?v=NKDzGSnmR_o,
Pants on Fire! Pups Save the Lighthouse! 🔥 | PAW Patrol | Compilation,4381,1:13:01,7 Jul 2026,ZUOdoqANuhY,https://www.youtube.com/watch?v=ZUOdoqANuhY,
Out of Control Fire AND No Water?! Marshall to the Rescue! 🚒  | PAW Patrol | Compilation,1226,20:26,7 Jul 2026,o2dxipRHfEo,https://www.youtube.com/watch?v=o2dxipRHfEo,
GUESS THE CHARACTER BY THE EMOJIS 🐶🚨♻️ (Part 1) | PAW Patrol | Fun Interactive Quiz for Kids,229,3:49,7 Jul 2026,IlHo6uL03Y4,https://www.youtube.com/watch?v=IlHo6uL03Y4,
Race Gone Wrong! The Pups Save Grandma Tilly! | PAW Patrol | 2 HOUR Compilation,7820,2:10:20,7 Jul 2026,K716LJfxnKg,https://www.youtube.com/watch?v=K716LJfxnKg,
Mix Meets The PAW Patrol! | PAW Patrol | Compilation,2504,41:44,7 Jul 2026,TzDp770ULKU,https://www.youtube.com/watch?v=TzDp770ULKU,
BIG BARN FIRE! The Pups Rush To The Rescue | PAW Patrol: Toy Play | Compilation,2023,33:43,7 Jul 2026,EziWYY0WeiE,https://www.youtube.com/watch?v=EziWYY0WeiE,
Delivery Mix-Up! Pups Fix the Chaos! | PAW Patrol | Compilation,4380,1:13:00,7 Jul 2026,F9LpSfGmc9A,https://www.youtube.com/watch?v=F9LpSfGmc9A,
Stuck on a HIGH Cliff! 😱⛰️ Skye to the Rescue! 🚁 | PAW Patrol | Compilation,3409,56:49,7 Jul 2026,WX_vzCO8oM8,https://www.youtube.com/watch?v=WX_vzCO8oM8,
Stuck in Reverse! Rocky Saves Liberty’s Scooter! | PAW Patrol | Compilation,1874,31:14,7 Jul 2026,3d_Fo61mVaw,https://www.youtube.com/watch?v=3d_Fo61mVaw,
Sticky Situation! Hungry Animals Want a Bite of the Mayor!🍓| PAW Patrol | 2 HOUR Compilation,7800,2:10:00,7 Jul 2026,Ips2RxNCqwU,https://www.youtube.com/watch?v=Ips2RxNCqwU,
The Aqua Pups SAVE the Sunken Sub! 🚨🌊 | PAW Patrol Official | Compilation,3707,1:01:47,7 Jul 2026,N25GVOISHZk,https://www.youtube.com/watch?v=N25GVOISHZk,
Danny Goes FLYING! Skye’s Epic Rescue! 🚁 | PAW Patrol | Compilation,1959,32:39,7 Jul 2026,CwAH4_ZMlCU,https://www.youtube.com/watch?v=CwAH4_ZMlCU,
"Help Everest, Liberty, and Rex Power Up Their Vehicles! | PAW Patrol: Squad Missions | Interactive",168,2:48,7 Jul 2026,tiXje6VaKEM,https://www.youtube.com/watch?v=tiXje6VaKEM,
Baking Battle! Pups Save the Big Cook-Off! | PAW Patrol | 2 HOUR Compilation,7835,2:10:35,7 Jul 2026,xhS3UsTsWmw,https://www.youtube.com/watch?v=xhS3UsTsWmw,
"PAW Patrol Sports Day! 🏁🐾 Race, Compete & Win! 🏆 | PAW Patrol | Compilation",1897,31:37,7 Jul 2026,U1T2beE5nvA,https://www.youtube.com/watch?v=U1T2beE5nvA,
Runaway Camera! Paw Patrol Saves Francois! 🚨 | PAW Patrol | Compilation,4852,1:20:52,7 Jul 2026,cOofoKeSZRw,https://www.youtube.com/watch?v=cOofoKeSZRw,
Rubble’s Crane Isn’t Strong Enough! Rocky Can Fix That! | PAW Patrol | Compilation,1874,31:14,7 Jul 2026,hF2wNoro7e4,https://www.youtube.com/watch?v=hF2wNoro7e4,
Aqua Pups Save the Whale Patroller 🐾🐋 | PAW Patrol Official | Compilation,3707,1:01:47,7 Jul 2026,mo8M2lcV0EU,https://www.youtube.com/watch?v=mo8M2lcV0EU,
Skye’s Syrupy Save | PAW Patrol | Compilation,1273,21:13,7 Jul 2026,-wb7saa7J9c,https://www.youtube.com/watch?v=-wb7saa7J9c,
Dino Emergency! Maverick Takes a Tumble! 🦖 | PAW Patrol | Compilation,3651,1:00:51,7 Jul 2026,ZFc1T5w-gzk,https://www.youtube.com/watch?v=ZFc1T5w-gzk,
Big Trouble on the Mountain! | PAW Patrol | 2 HOUR Compilation,7759,2:09:19,7 Jul 2026,3nM_UbxhQ8M,https://www.youtube.com/watch?v=3nM_UbxhQ8M,
Aqua Pups Big Mer-Race! 🧜‍♀️🚨 Save Puplantis! | PAW Patrol Official | Compilation,3707,1:01:47,7 Jul 2026,mJyZziRQEhU,https://www.youtube.com/watch?v=mJyZziRQEhU,
Wacky Water Works! Liberty Saves Uncle Otis! 💦 | PAW Patrol | Compilation,1959,32:39,7 Jul 2026,kzlNMA-hhzQ,https://www.youtube.com/watch?v=kzlNMA-hhzQ,
"Help Marshall, Skye, and Zuma Save the Day!  | PAW Patrol | Compilation",180,3:00,7 Jul 2026,MJnKzy0OShQ,https://www.youtube.com/watch?v=MJnKzy0OShQ,
PAW Patrol: The Dino Movie | Official Trailer 🦖,138,2:18,7 Jul 2026,RJ_G6Hrk23g,https://www.youtube.com/watch?v=RJ_G6Hrk23g,
BBQ Blaze! Paw Patrol Rushes to the Rescue! 🔥 | PAW Patrol | Compilation,4384,1:13:04,7 Jul 2026,RKxdKHrIN5c,https://www.youtube.com/watch?v=RKxdKHrIN5c,
"Build, Fix & Rescue! Big Science Rescues with the PAW Patrol🔧🔬 | PAW Patrol | Compilation",2067,34:27,7 Jul 2026,AtlNhgw9-mw,https://www.youtube.com/watch?v=AtlNhgw9-mw,
Giant Pipes Out of Control! 🐶 Big Truck Pups Rescue! | PAW Patrol Official | Compilation,3707,1:01:47,7 Jul 2026,AHgGCzDYUOM,https://www.youtube.com/watch?v=AHgGCzDYUOM,
Skye in Trouble! Huge Helicopter Emergency!  | PAW Patrol | Compilation,800,13:20,7 Jun 2026,jv7V5gumAw4,https://www.youtube.com/watch?v=jv7V5gumAw4,
Zuma’s Rabbit Rescue | PAW Patrol | Toy Play for Kids,2166,36:06,7 Jun 2026,fr7hxNpKn6k,https://www.youtube.com/watch?v=fr7hxNpKn6k,
Lost in the Maze! 🌀 Pups Find Their Friends! 🐶🌴 | PAW Patrol | Compilation,3409,56:49,7 Jun 2026,PCGKX5p9wG0,https://www.youtube.com/watch?v=PCGKX5p9wG0,
Pet Parlor Chaos! Animals on the Loose! | PAW Patrol | Compilation,4852,1:20:52,7 Jun 2026,kf0wJx8bldc,https://www.youtube.com/watch?v=kf0wJx8bldc,
Broken Hook! Everest in Trouble! | PAW Patrol | Compilation,794,13:14,7 Jun 2026,8sqLMe2HCCg,https://www.youtube.com/watch?v=8sqLMe2HCCg,
Baby Monkey in Trouble! 🐵🌴 Cat Pack to the Rescue! | PAW Patrol Official | Compilation,3707,1:01:47,7 Jun 2026,mLByQbStoH4,https://www.youtube.com/watch?v=mLByQbStoH4,
GUESS THE PAW PATROL VOICE 🐾 📣 | PAW Patrol | Fun Interactive Quiz for Kids,292,4:52,7 Jun 2026,AJi4ej0Bi7w,https://www.youtube.com/watch?v=AJi4ej0Bi7w,
S’More-mergency! PAW Patrol Fire Rescue! 🔥 | PAW Patrol | Compilation,4852,1:20:52,7 Jun 2026,QmrmNPzAFGc,https://www.youtube.com/watch?v=QmrmNPzAFGc,
All Paws on Deck! 🐾🚨 | Save Adventure Bay! | PAW Patrol | Compilation,3707,1:01:47,7 Jun 2026,E76J_mPKEfk,https://www.youtube.com/watch?v=E76J_mPKEfk,
Humdinger Steals the SAFE! 🐱 Cat Pack to the Rescue! | PAW Patrol Official | Compilation,3707,1:01:47,7 Jun 2026,oFYP0njPVlI,https://www.youtube.com/watch?v=oFYP0njPVlI,
Maynard's Whirlwind Adventure | PAW Patrol | Toy Play for Kids,2227,37:07,7 Jun 2026,wXKBzBXAy-A,https://www.youtube.com/watch?v=wXKBzBXAy-A,
Giant Trouble! Save the Baby Dino! 🚨 | PAW Patrol | Compilation,3064,51:04,7 Jun 2026,DzGH8lLWmfA,https://www.youtube.com/watch?v=DzGH8lLWmfA,
Merpup Song 🧜‍♀️🐶 PAW Patrol Music Video! 🎵 | Songs for Kids,34,0:34,7 Jun 2026,aqQjeqG4mx8,https://www.youtube.com/watch?v=aqQjeqG4mx8,
Mighty Pups vs GIANT EEL! Save Mayor Goodway! 🚨⚡ | PAW Patrol Official | 2 HOUR Compilation,7771,2:09:31,7 Jun 2026,SExPz84qb4U,https://www.youtube.com/watch?v=SExPz84qb4U,
Boat on FIRE! Marshall Saves the Flounder  | PAW Patrol | Compilation,1959,32:39,7 Jun 2026,X7tACUCFTU8,https://www.youtube.com/watch?v=X7tACUCFTU8,
"Big Trouble, BIG Trucks! 📡✨ Pups Fix Everything! | PAW Patrol Official | Compilation",3707,1:01:47,7 Jun 2026,AXiiwDTbbRM,https://www.youtube.com/watch?v=AXiiwDTbbRM,
"Help Marshall, Rocky, and Zuma Power Up Their Vehicles! | PAW Patrol | Interactive Video for Kids",173,2:53,7 Jun 2026,jbCK6egRPjg,https://www.youtube.com/watch?v=jbCK6egRPjg,
Jungle Animals SCARED! Marshall Finds a Saber-Tooth Surprise! 🐯 | PAW Patrol Official | Compilation,7820,2:10:20,7 Jun 2026,UnZUZ7kGLEE,https://www.youtube.com/watch?v=UnZUZ7kGLEE,
Puplantis Pearl Party… INTERRUPTED!🌊 Aqua Pups Help! | PAW Patrol Official | Compilation,3707,1:01:47,7 Jun 2026,zRI74YlJY-k,https://www.youtube.com/watch?v=zRI74YlJY-k,
Rubble's Catapult Isn't Working! Rocky to the Rescue | PAW Patrol | Compilation,1874,31:14,7 Jun 2026,y7oA3BD46pM,https://www.youtube.com/watch?v=y7oA3BD46pM,
Monster Truck Out of Control! 🚚 The PAW Patrol Saves Boomer | PAW Patrol Official | Compilation,1825,30:25,7 Jun 2026,MIf-6cQpACQ,https://www.youtube.com/watch?v=MIf-6cQpACQ,
The Pigs Go Bananas | PAW Patrol | Toy Play for Kids,229,3:49,7 Jun 2026,QMHceBsAIAg,https://www.youtube.com/watch?v=QMHceBsAIAg,
Big Dino Trouble! 🦕 Pups Save the Town! | PAW Patrol | Compilation,3651,1:00:51,7 Jun 2026,MJ7C9Z17lQ8,https://www.youtube.com/watch?v=MJ7C9Z17lQ8,
"All PAW Patrol Theme Songs! (Seasons 1-13, Mighty Pups + MORE) 🎵 | Music for Kids #THEMESONG",655,10:55,7 Jun 2026,pOuEucQRBFY,https://www.youtube.com/watch?v=pOuEucQRBFY,
Snow Crash Chaos! Can the Pups Save Them?! 🐐 | PAW Patrol Official | 2 HOUR Compilation,7780,2:09:40,7 Jun 2026,VvYjQGHqlDc,https://www.youtube.com/watch?v=VvYjQGHqlDc,
The Lights are OUT! Can Rocky and Skye Fix Them?? | PAW Patrol | Compilation,1874,31:14,7 Jun 2026,fGNgwXwXz5Y,https://www.youtube.com/watch?v=fGNgwXwXz5Y,
Uh-Oh! Tea Party Trouble! ☕ Can PAW Patrol Fix It? | PAW Patrol | Compilation,3247,54:07,7 Jun 2026,RpiRJLq3FNc,https://www.youtube.com/watch?v=RpiRJLq3FNc,
Treasure Map Missing! The Pups Find the Missing Pages | PAW Patrol Official | 2 HOUR Compilation,5346,1:29:06,7 Jun 2026,L8_7G4Jb8r8,https://www.youtube.com/watch?v=L8_7G4Jb8r8,
Pups Stop a Coconut Catapult | PAWse & Play | PAW Patrol Interactive Video for Kids,180,3:00,7 Jun 2026,Kl295weks8E,https://www.youtube.com/watch?v=Kl295weks8E,
Humdinger’s Monster Truck Plan! 🚚 Pups to the Rescue | PAW Patrol Episode | Compilation,3148,52:28,7 Jun 2026,ZM60HlFd1jA,https://www.youtube.com/watch?v=ZM60HlFd1jA,
Oh No! Mr. Porter's About to Crash! Rocky Saves The Day! | PAW Patrol | Compilation,1959,32:39,7 Jun 2026,InbkUfP3AOk,https://www.youtube.com/watch?v=InbkUfP3AOk,
Stop the Giant Robo-Ducky! 🦆 | PAW Patrol | Compilation,3460,57:40,7 Jun 2026,igMSTaAR4R4,https://www.youtube.com/watch?v=igMSTaAR4R4,
Cat-apulting Cat Toys | PAW Patrol | Toy Play for Kids,249,4:09,7 Jun 2026,9DbfoWPO8ag,https://www.youtube.com/watch?v=9DbfoWPO8ag,
Dino Stampede Trouble! 🦕 Adventure Bay in Danger! 🚒 | PAW Patrol | Compilation,3406,56:46,7 Jun 2026,ITXzoiuYi4o,https://www.youtube.com/watch?v=ITXzoiuYi4o,
Carnival Chaos! 🚨 Pups Save the Train! | PAW Patrol Official | 2 HOUR Compilation,7554,2:05:54,7 Jun 2026,dmjdYWoomE8,https://www.youtube.com/watch?v=dmjdYWoomE8,
Lost & Found! 📢 Rocky Makes Chase a New Megaphone! | PAW Patrol | Compilation,1523,25:23,7 Jun 2026,fr3igNpuWOI,https://www.youtube.com/watch?v=fr3igNpuWOI,
Double Luke Disaster! 😱 Can the Pups Save the Concert? | PAW Patrol | Compilation,5346,1:29:06,7 Jun 2026,ApYbF6e7QYQ,https://www.youtube.com/watch?v=ApYbF6e7QYQ,
Humdinger Steals the DJ Station! 🎧 Rubble Saves the Party | PAW Patrol Episode | Compilation,3195,53:15,7 Jun 2026,3_uihDo-1LA,https://www.youtube.com/watch?v=3_uihDo-1LA,
Silly Siren Trouble! 😆 Rocky to the Rescue! 🚒 | PAW Patrol | Compilation,1523,25:23,7 Jun 2026,VJT99dnNkjc,https://www.youtube.com/watch?v=VJT99dnNkjc,
GUESS THE CHARCTER’S VOICE | PAW Patrol | Interactive Video for Kids | Quizzes,249,4:09,7 Jun 2026,ya-7mXDd9WY,https://www.youtube.com/watch?v=ya-7mXDd9WY,
Museum Art Disappears! 🎨Who Stole the Paintings? | PAW Patrol Official | Compilation,3434,57:14,7 Jun 2026,4jIpq_PxNoE,https://www.youtube.com/watch?v=4jIpq_PxNoE,
Chase Saves the Jungle Fruit Tree! 🌴 PAW Patrol River Rescue | PAW Patrol Official | Compilation,3155,52:35,7 Jun 2026,D6a8qXEkiYI,https://www.youtube.com/watch?v=D6a8qXEkiYI,
Marshall’s Truck Gets a New Tool! 🚒💦 | PAW Patrol | Compilation,1523,25:23,7 Jun 2026,z8ldRnhKtP4,https://www.youtube.com/watch?v=z8ldRnhKtP4,
Massive Dino Rescue! 🦖🌋 Escape the Lava Danger! | PAW Patrol | Compilation,3609,1:00:09,7 Jun 2026,WEvRQL3HVuc,https://www.youtube.com/watch?v=WEvRQL3HVuc,
Uh-Oh! Chase’s Winch Breaks! Rocky Saves the Day!  | PAW Patrol | Compilation,1523,25:23,7 Jun 2026,opy1ndy3l_o,https://www.youtube.com/watch?v=opy1ndy3l_o,
Danny's Waterlogged Water Stunt | Toy Play | PAW Patrol | Compilation,2192,36:32,7 Jun 2026,YHMFKEPxBME,https://www.youtube.com/watch?v=YHMFKEPxBME,
Everything Turns to Gold?! 😲 Hidden Jungle Chaos 🪙 | PAW Patrol | Compilation,5346,1:29:06,7 Jun 2026,_99yHNsQEN8,https://www.youtube.com/watch?v=_99yHNsQEN8,
Purrfect Friend from PAW Patrol! 🐱 Music Video! 🎵 | Songs for Kids,49,0:49,7 Jun 2026,syd5Vidf3nI,https://www.youtube.com/watch?v=syd5Vidf3nI,
Piñata Chaos! Can the Pups Save Marshall Kitty? | PAW Patrol | Compilation,5346,1:29:06,7 Jun 2026,rcQre2923jA,https://www.youtube.com/watch?v=rcQre2923jA,
Runaway Humblower! 🏖️ PAW Patrol Saves the Sand Contest | PAW Patrol Official | Compilation,3652,1:00:52,7 Jun 2026,u6lEQFgwqj4,https://www.youtube.com/watch?v=u6lEQFgwqj4,
Help The Pups Power Up Their Vehicles! | PAW Patrol | Interactive Video for Kids,167,2:47,7 May 2026,ymGJFQZZ8G4,https://www.youtube.com/watch?v=ymGJFQZZ8G4,
Sweetie’s Sneaky Plan! Who Has the Real Bone Stone? 🦴 | PAW Patrol Official | Compilation,3212,53:32,7 May 2026,hrxAPm5dwUc,https://www.youtube.com/watch?v=hrxAPm5dwUc,
Charger Joins the Rescue! Can They Save the Café? | PAW Patrol Official | Compilation,7812,2:10:12,7 May 2026,QqriVPsFnSo,https://www.youtube.com/watch?v=QqriVPsFnSo,
Broken Drill Emergency! Rocky Finds the Missing Gear | PAW Patrol | Compilation,1523,25:23,7 May 2026,Jh-3LwDoFJU,https://www.youtube.com/watch?v=Jh-3LwDoFJU,
Humdinger’s Robot Soccer Cleats Go Wild! ⚽ | PAW Patrol | Compilation,3184,53:04,7 May 2026,InqzyYveN2w,https://www.youtube.com/watch?v=InqzyYveN2w,
Will They Save the Baby Dino? 😱 Dino Rescue 🦕 | PAW Patrol | Compilation,3708,1:01:48,7 May 2026,xXL6nHvpx2c,https://www.youtube.com/watch?v=xXL6nHvpx2c,
Light Show Fright | Toy Play | PAW Patrol | Compilation,2097,34:57,7 May 2026,pzJDXUuLR3g,https://www.youtube.com/watch?v=pzJDXUuLR3g,
Art Installation Goes Wild! 🎨Mayor Goodway's in Trouble! | PAW Patrol Official | Compilation,7791,2:09:51,7 May 2026,tye499LtXoY,https://www.youtube.com/watch?v=tye499LtXoY,
This Game is Getting Heated! 🤖 Huge Hockey Disaster! | PAW Patrol | Compilation,5346,1:29:06,7 May 2026,LI5JZ6O1uR0,https://www.youtube.com/watch?v=LI5JZ6O1uR0,
Too Helpful?! 😲 Robots Cause Big Problems 🤖 | PAW Patrol Official | Compilation,5346,1:29:06,7 May 2026,RiAvk1Akj7w,https://www.youtube.com/watch?v=RiAvk1Akj7w,
Sweetie Causes Airport Chaos! ✈️ Chase to the Rescue | PAW Patrol | Compilation,3638,1:00:38,7 May 2026,EgMYxb5ZT6E,https://www.youtube.com/watch?v=EgMYxb5ZT6E,
"Skye, Everest, and Liberty Save a Pop Star! | PAW Patrol | Special Episode",159,2:39,7 May 2026,XhXvFabFpIw,https://www.youtube.com/watch?v=XhXvFabFpIw,
Humdinger Sabotages the Shinest Ride! 🚗 | PAW Patrol Official | Compilation,3634,1:00:34,7 May 2026,z8wvYTTtE9s,https://www.youtube.com/watch?v=z8wvYTTtE9s,
Hurry! Chickaletta Needs Help! 🐔👑| PAW Patrol | Compilation,3406,56:46,7 May 2026,FSf4GXRQOvQ,https://www.youtube.com/watch?v=FSf4GXRQOvQ,
Alien Party Goes Wrong!👽 | PAW Patrol Official | Compilation,3447,57:27,7 May 2026,nvbtNojRftI,https://www.youtube.com/watch?v=nvbtNojRftI,
The Balloon Animal Are Floating Away! 🎈 | PAW Patrol | Toy Play | Compilation,1918,31:58,7 May 2026,PAKUB3YOU6Y,https://www.youtube.com/watch?v=PAKUB3YOU6Y,
Humdinger Becomes a Superhero?! 😱🐱 Cat Pack Chaos | PAW Patrol Official | Compilation,5346,1:29:06,7 May 2026,Br_ZCPk8ffg,https://www.youtube.com/watch?v=Br_ZCPk8ffg,
Marshall’s SILLIEST Moments! Part 1! | PAW Patrol | Funny Cartoons for Kids,541,9:01,7 May 2026,8jLBIungNTA,https://www.youtube.com/watch?v=8jLBIungNTA,
Rubble Stops Runaway Robot Pants! 🤖 | PAW Patrol | Compilation,2949,49:09,7 May 2026,uvRS8zNge7U,https://www.youtube.com/watch?v=uvRS8zNge7U,
Humdinger’s Cuckoo Plan Fails! 🐦😲 | PAW Patrol Official | Compilation,5346,1:29:06,7 May 2026,efFx0TeIYNM,https://www.youtube.com/watch?v=efFx0TeIYNM,
Rubble Can’t Work! 🚧 Missing Scoop Emergency | PAW Patrol | Compilation,1162,19:22,7 May 2026,bQEkQt42i5I,https://www.youtube.com/watch?v=bQEkQt42i5I,
GUESS THE CHARACTER! PAW Patrol Quiz! | Interactive Cartoon Video for Kids,251,4:11,7 May 2026,52wnJXfh9gM,https://www.youtube.com/watch?v=52wnJXfh9gM,
What If Zuma Wasn’t in PAW Patrol? 🌊 | PAW Patrol Official | Compilation,3403,56:43,7 May 2026,l2qAUaAaTkc,https://www.youtube.com/watch?v=l2qAUaAaTkc,
Fireballs Everywhere! 🔥 Can Skye Stop The Fire? | PAW Patrol | Compilation,1253,20:53,7 May 2026,izwDTbjaBy8,https://www.youtube.com/watch?v=izwDTbjaBy8,
PAW Patrol Saves Pirate Meerkats! 🌿🐾 | PAW Patrol Official | Compilation,3440,57:20,7 May 2026,TTowc-sXhU0,https://www.youtube.com/watch?v=TTowc-sXhU0,
Mighty Pups vs Super Harold! 🌟 | PAW Patrol Official | Compilation,3708,1:01:48,7 May 2026,pZeUCUuWiRQ,https://www.youtube.com/watch?v=pZeUCUuWiRQ,
Fire On The Farm! Marshall Saves The Barn | PAW Patrol | Toy Play | Compilation,1674,27:54,7 May 2026,BO4wY9_1eXY,https://www.youtube.com/watch?v=BO4wY9_1eXY,
PAW Patrol Official Theme Song! 🎵 | Songs for Kids,40,0:40,7 May 2026,nwRh3OyYd_E,https://www.youtube.com/watch?v=nwRh3OyYd_E,
Wild Hippo Ride! 😱 Humdinger Needs Help! 🦛 | PAW Patrol Official | Compilation,5346,1:29:06,7 May 2026,VZwphUMDGt8,https://www.youtube.com/watch?v=VZwphUMDGt8,
Hurry Marshall! 🚒 Castle Fire Emergency 🔥👑 | PAW Patrol | Compilation,1104,18:24,7 May 2026,he_4qjFjJVE,https://www.youtube.com/watch?v=he_4qjFjJVE,
"High-Stakes Road Trip! 🐾 Skye, Liberty & Everest Save Missing Animals! | PAW Patrol | Compilation",3611,1:00:11,7 May 2026,PBXDzfF0PSs,https://www.youtube.com/watch?v=PBXDzfF0PSs,
Villains Take Over the Lookout! 🚨 | PAW Patrol Official | Compilation,1715,28:35,7 May 2026,pOJtiyonG7Q,https://www.youtube.com/watch?v=pOJtiyonG7Q,
"Chase, Marshall, & Rocky Stop an Out-of-Control Bike Race | PAW Patrol | Interactive Video for Kids!",146,2:26,7 May 2026,VbHGRp0Dww8,https://www.youtube.com/watch?v=VbHGRp0Dww8,
Humdinger’s Corny Plan! 🌽 | PAW Patrol Official | Compilation,3634,1:00:34,7 May 2026,p2EOKDRtZxU,https://www.youtube.com/watch?v=p2EOKDRtZxU,
Humdinger’s Music Festival Disaster! 🎵 | PAW Patrol Official | Compilation,3663,1:01:03,7 May 2026,aRsRyq7un3k,https://www.youtube.com/watch?v=aRsRyq7un3k,
Too Big? Too Small? Finding the RIGHT Bulb 💡 | PAW Patrol | Compilation,1032,17:12,7 May 2026,SV4peQlBy3w,https://www.youtube.com/watch?v=SV4peQlBy3w,
Lighthouse Heist! 🌊 PAW Patrol vs Humdinger | PAW Patrol Official | Compilation,3407,56:47,7 May 2026,YvnhEmHM_Qk,https://www.youtube.com/watch?v=YvnhEmHM_Qk,
Rocky and Chase Fix Up The Farm! | PAW Patrol | Compilation,2148,35:48,7 May 2026,330uXzHWWJM,https://www.youtube.com/watch?v=330uXzHWWJM,
Chickaletta in Trouble! 🐔 Clock Rescue 🕰️ | PAW Patrol | Compilation,3617,1:00:17,7 May 2026,sBdBFyXClHQ,https://www.youtube.com/watch?v=sBdBFyXClHQ,
Oh No! Puffy Shirt Floats Away! 👕 | PAW Patrol Official | Compilation,3675,1:01:15,7 May 2026,tzNp8g5_694,https://www.youtube.com/watch?v=tzNp8g5_694,
Double Rescue! Danny & Mayor Goodway Need PAW Patrol! | PAW Patrol | Compilation,1277,21:17,7 May 2026,V-vBWNxKLTk,https://www.youtube.com/watch?v=V-vBWNxKLTk,
Hurt Dino Learns to Fly! 🦕 | PAW Patrol Official | Compilation,3417,56:57,7 May 2026,uvAj1oLnuG0,https://www.youtube.com/watch?v=uvAj1oLnuG0,
Alien Eggs on the Loose! 🛸 | PAW Patrol Official | Compilation,3212,53:32,7 Apr 2026,659V06kVJ5Q,https://www.youtube.com/watch?v=659V06kVJ5Q,
Rocky’s Smart Fix! 🧲 Skye’s NEW Grabber Upgrade | PAW Patrol | Compilation,1184,19:44,7 Apr 2026,YResaLa0F-g,https://www.youtube.com/watch?v=YResaLa0F-g,
Easter Egg Hunt Disaster! | PAW Patrol Official | Compilation,3046,50:46,7 Apr 2026,Rh1fAbF51Hw,https://www.youtube.com/watch?v=Rh1fAbF51Hw,
NEW! Broken Bridge! Zuma and Skye Rush To The Rescue | Toy Play | PAW Patrol Official | Compilation,1930,32:10,7 Apr 2026,SV2AAGgXWgM,https://www.youtube.com/watch?v=SV2AAGgXWgM,
Flying Squirrel Causes Wingsuit Chaos! 🪂 | PAW Patrol | Compilation,7781,2:09:41,7 Apr 2026,8yavmX4oAPo,https://www.youtube.com/watch?v=8yavmX4oAPo,
Rocky’s BIG Rescue! 🚂 Broken Crossing Emergency | PAW Patrol: To The Rescue | Compilation,1226,20:26,7 Apr 2026,wA2AZcgplgg,https://www.youtube.com/watch?v=wA2AZcgplgg,
Birthday Party Fire! Baby Goat Stuck in the Flames!🔥| PAW Patrol Official | Compilation,3046,50:46,7 Apr 2026,Dvxn9qLl2-g,https://www.youtube.com/watch?v=Dvxn9qLl2-g,
Ryder’s Lost! 🐾 Chase & the Pup Team to the Rescue | PAW Patrol Official | Compilation,8217,2:16:57,7 Apr 2026,PBmoGkchltM,https://www.youtube.com/watch?v=PBmoGkchltM,
Baby Penguin Mix-Up! Chickaletta is Missing! 🐧 | PAW Patrol Official | Compilation,3046,50:46,7 Apr 2026,k5ZuRt5bMgQ,https://www.youtube.com/watch?v=k5ZuRt5bMgQ,
PAW Patrol: The Dino Movie | Official Teaser Trailer 🦖,69,1:09,7 Apr 2026,ishQAqh4Dd0,https://www.youtube.com/watch?v=ishQAqh4Dd0,
Big Sticky Mess! Monster Truck Out of Control! 🚚 | PAW Patrol Official | Compilation,3212,53:32,7 Apr 2026,xUJ6dpg1z-o,https://www.youtube.com/watch?v=xUJ6dpg1z-o,
Rocky Upgrades Chase's Old Police Cruiser 🔧 ! | PAW Patrol | Compilation,1183,19:43,7 Apr 2026,A96OtW3d4DA,https://www.youtube.com/watch?v=A96OtW3d4DA,
Monkey or Sloth?! 🐒 Mayor Humdinger Big Animal Mix-Up | PAW Patrol Official | Compilation,3212,53:32,7 Apr 2026,B4HO4k5-W3c,https://www.youtube.com/watch?v=B4HO4k5-W3c,
NEW! French Fry Disaster! Hungry Birds Are Attacking the Bay! | Toy Play | PAW Patrol | Compilation,1038,17:18,7 Apr 2026,mc40YVA0NJw,https://www.youtube.com/watch?v=mc40YVA0NJw,
Humdinger’s Driving Disaster! 🚗 | PAW Patrol Official | Compilation,5048,1:24:08,7 Apr 2026,0DLqj4zuCtA,https://www.youtube.com/watch?v=0DLqj4zuCtA,
Marshall Leads the Ultimate Fire Rescue! 🔥 | PAW Patrol Official | Compilation,3686,1:01:26,7 Apr 2026,Yupus3I8TkA,https://www.youtube.com/watch?v=Yupus3I8TkA,
Humdinger Loses His Mustache! | PAW Patrol Official | Compilation,6183,1:43:03,7 Apr 2026,_lMkyBg5rbw,https://www.youtube.com/watch?v=_lMkyBg5rbw,
Humdinger’s Mom Loses the Trophy! 🏆 | PAW Patrol Episode | Compilation,3626,1:00:26,7 Apr 2026,hK5vwy2xkl0,https://www.youtube.com/watch?v=hK5vwy2xkl0,
Hamster on the Run! 🐹 PAW Patrol to the Rescue | PAW Patrol Episode  | Compilation,3182,53:02,7 Apr 2026,svswYnkN7TU,https://www.youtube.com/watch?v=svswYnkN7TU,
Emergency Helicopter Rescue! 🚁 Chase Saves Alex | PAW Patrol Official | FULL Episodes,981,16:21,7 Apr 2026,71FGc3xG-ro,https://www.youtube.com/watch?v=71FGc3xG-ro,
Adventure Bay Windsurfing Disaster! 🌊 | PAW Patrol Episode | Compilation,3644,1:00:44,7 Apr 2026,i--_94AXWHg,https://www.youtube.com/watch?v=i--_94AXWHg,
NEW! Skye Helps the Paw Patrol Light Up The Night! | PAW Patrol Official | Compilation,1585,26:25,7 Apr 2026,b_UjiES_lNc,https://www.youtube.com/watch?v=b_UjiES_lNc,
Space Junk Disaster! 🚀 Skye Saves Mayor Humdinger | PAW Patrol | Compilation,6825,1:53:45,7 Apr 2026,LlXV9-MF0NA,https://www.youtube.com/watch?v=LlXV9-MF0NA,
Rubble’s Epic Cake Rescue! 🎂 | PAW Patrol Official | Compilation,981,16:21,7 Apr 2026,i-zRJNZ7mTs,https://www.youtube.com/watch?v=i-zRJNZ7mTs,
Rubble Save Animals from a Giant Yarn Ball! 🧶| PAW Patrol Episode | Compilation,3688,1:01:28,7 Apr 2026,z2yjYEjMkDw,https://www.youtube.com/watch?v=z2yjYEjMkDw,
Museum Heist! 🦁 Chase Retrieves the Golden Lion | PAW Patrol Official | Compilation,6231,1:43:51,7 Apr 2026,6uYEm5_2bBw,https://www.youtube.com/watch?v=6uYEm5_2bBw,
Runaway Parade Balloons! 🎈Chase Rescues Mayor Humdinger! | PAW Patrol | Compilation,3274,54:34,7 Apr 2026,GDhW31st_EU,https://www.youtube.com/watch?v=GDhW31st_EU,
Will Neon Humdinger Destroy Adventure Bay?!  ✨ - PAW Patrol - Cartoons for Kids,2092,34:52,7 Apr 2026,cLu2P-LQlSU,https://www.youtube.com/watch?v=cLu2P-LQlSU,
Humdinger’s Cats Are Up to No Good! 🐱 - PAW Patrol - Cartoons for Kids,2092,34:52,7 Apr 2026,zyawFh2Strg,https://www.youtube.com/watch?v=zyawFh2Strg,
Liberty is Stuck in Reverse! 🛵- Rocky's Garage Compilation - PAW Patrol,1185,19:45,7 Apr 2026,oKNdKRMjk-Q,https://www.youtube.com/watch?v=oKNdKRMjk-Q,
NEW! Zuma Saves Danny X From a Shark Attack! | PAW Patrol Official | Compilation,1856,30:56,7 Apr 2026,OZKgiJQgQs8,https://www.youtube.com/watch?v=OZKgiJQgQs8,
Chase and the Baby Dragons! 🐲 - PAW Patrol - Cartoons for Kids,6474,1:47:54,7 Apr 2026,eHFeHaXqo4E,https://www.youtube.com/watch?v=eHFeHaXqo4E,
Join the Pups at a Glow-in-the-Dark Party!  ✨- PAW Patrol - Cartoons for Kids,6474,1:47:54,7 Apr 2026,fVkNUkE7IaQ,https://www.youtube.com/watch?v=fVkNUkE7IaQ,
Rocky and Skye Take to the Skies!  🛩️- Rocky's Garage Compilation - PAW Patrol,1277,21:17,7 Apr 2026,Qk0qZvPk3Zg,https://www.youtube.com/watch?v=Qk0qZvPk3Zg,
Marshall's Volcano Rescue! 🌋 - PAW Patrol - Cartoons for Kids,2092,34:52,7 Apr 2026,E4ccmvMEyRE,https://www.youtube.com/watch?v=E4ccmvMEyRE,
Everest Rescues a Snowbound Cow! 🐄 - PAW Patrol - Cartoons for Kids,2092,34:52,7 Apr 2026,L-JEsrIFZhU,https://www.youtube.com/watch?v=L-JEsrIFZhU,
Mayor Humdinger Ruins an Air Show! 🛩️- PAW Patrol - Cartoons for Kids,1821,30:21,7 Apr 2026,w1b0mCWgMrc,https://www.youtube.com/watch?v=w1b0mCWgMrc,
NEW! Humdinger's Airplane Adventure | Toy Play | PAW Patrol Official | Compilation,1316,21:56,7 Apr 2026,kC5r_t1Se4o,https://www.youtube.com/watch?v=kC5r_t1Se4o,
Liberty Wants A Scooter Upgrade! 🛵 - Rocky's Garage Compilation - PAW Patrol,1172,19:32,7 Apr 2026,_-a8NAjZPm8,https://www.youtube.com/watch?v=_-a8NAjZPm8,
Can the Mighty Pups Stop the Mighty Queen?! 👑- PAW Patrol - Cartoons for Kids,2173,36:13,7 Apr 2026,Cj7B9dma-m4,https://www.youtube.com/watch?v=Cj7B9dma-m4,
The History of Adventure Bay! 📕- PAW Patrol - Cartoons for Kids,2057,34:17,7 Apr 2026,GCilYUzcds0,https://www.youtube.com/watch?v=GCilYUzcds0,
Everest and the PAW Patroller! 🚐 - PAW Patrol - Cartoons for Kids,4050,1:07:30,7 Mar 2026,J4R2EjJ3B0M,https://www.youtube.com/watch?v=J4R2EjJ3B0M,
Rocky RACES to Marshall's Rescue! 🔥- Rocky's Garage Compilation - PAW Patrol,1798,29:58,7 Mar 2026,eJuil8OoRh4,https://www.youtube.com/watch?v=eJuil8OoRh4,
An Underwater Photoshoot Goes Wrong! 📷 - PAW Patrol - Cartoons for Kids,4707,1:18:27,7 Mar 2026,epSGGTVsMys,https://www.youtube.com/watch?v=epSGGTVsMys,
Chase and the Super Cows! 🐮- PAW Patrol - Cartoons for Kids,1821,30:21,7 Mar 2026,9AvrdO_FgdU,https://www.youtube.com/watch?v=9AvrdO_FgdU,
Pups Are Lost in the Fog!  🔦- PAW Patrol - Cartoons for Kids,2074,34:34,7 Mar 2026,fPorSqDYJbE,https://www.youtube.com/watch?v=fPorSqDYJbE,
Big Truck Pups On a Space Mission! 🛰️- PAW Patrol - Cartoons for Kids,2373,39:33,7 Mar 2026,J60Zcweysu0,https://www.youtube.com/watch?v=J60Zcweysu0,
NEW! Rubble’s Sink Hole Save | PAW Patrol | Toy Play for Kids,836,13:56,7 Mar 2026,GOpXhlFEve0,https://www.youtube.com/watch?v=GOpXhlFEve0,
Chickaletta Goes Missing AGAIN! 🐔- PAW Patrol - Cartoons for Kids,2201,36:41,7 Mar 2026,YZxW_z9UVH0,https://www.youtube.com/watch?v=YZxW_z9UVH0,
Ryder Has a Whale of a Time! 🐋- PAW Patrol - Cartoons for Kids,6559,1:49:19,7 Mar 2026,CYgmdjxYCsY,https://www.youtube.com/watch?v=CYgmdjxYCsY,
Pups Save a Special Frozen Delivery! ❄️ - PAW Patrol - Cartoons for Kids,6559,1:49:19,7 Mar 2026,xm7C5MnwuWY,https://www.youtube.com/watch?v=xm7C5MnwuWY,
Free the Songbirds! 🐦- PAW Patrol - Cartoons for Kids,2185,36:25,7 Mar 2026,k7ibYpy_84I,https://www.youtube.com/watch?v=k7ibYpy_84I,
Marshall's Firetruck is Making a TERRIBLE Sound! 🚒🔊 - Rocky's Garage Compilation - PAW Patrol,1277,21:17,7 Mar 2026,9_-KjuhyQSE,https://www.youtube.com/watch?v=9_-KjuhyQSE,
All Paws on Deck! 🐾 - PAW Patrol - Cartoons for Kids,883,14:43,7 Mar 2026,PkbrATpiu68,https://www.youtube.com/watch?v=PkbrATpiu68,
NEW! Katie’s Hiking Hail Fail  | PAW Patrol | Toy Play for Kids,846,14:06,7 Mar 2026,KPEhJVqG4b0,https://www.youtube.com/watch?v=KPEhJVqG4b0,
Mayor Goodway Needs the PAW Patrol! 🚨 - PAW Patrol - Cartoons for Kids,2169,36:09,7 Mar 2026,AeOzFrhRtT4,https://www.youtube.com/watch?v=AeOzFrhRtT4,
Paw Patrol | Search & Rescue Pup Squad HQ Playset | TV Commercial,30,0:30,7 Mar 2026,tTZ3heGlWQ8,https://www.youtube.com/watch?v=tTZ3heGlWQ8,
Humdinger Is a Beautiful Mermaid! 🧜‍♀️ - PAW Patrol - Cartoons for Kids,2169,36:09,7 Mar 2026,mrpSZWpOH4s,https://www.youtube.com/watch?v=mrpSZWpOH4s,
Paw Patrol | Search & Rescue Chase Launch 'N' Rescue Cruiser | TV Commercial,30,0:30,7 Mar 2026,-6VZcDneZdA,https://www.youtube.com/watch?v=-6VZcDneZdA,
Rocky's Road Trip! | Rocky's Cat-astrophe | PAW Patrol | Cartoons for Kids,4519,1:15:19,7 Mar 2026,D9AEHMX-TXw,https://www.youtube.com/watch?v=D9AEHMX-TXw,
Mayor Humdinger's Out of Control Flight! ✈️ - PAW Patrol - Cartoons for Kids,6602,1:50:02,7 Mar 2026,_0MzKX-M_cY,https://www.youtube.com/watch?v=_0MzKX-M_cY,
The Pups Save a Lost Baby T-Rex! 🐾🦖 - PAW Patrol - Cartoons for Kids,2169,36:09,7 Mar 2026,TeCpLqksOKk,https://www.youtube.com/watch?v=TeCpLqksOKk,
Rocky Upgrades Skye's Grabber AND MORE! - Rocky's Garage Compilation - PAW Patrol,1168,19:28,7 Mar 2026,EDmqmnfzxAc,https://www.youtube.com/watch?v=EDmqmnfzxAc,
Return of the Aliens! 👽 - PAW Patrol - Cartoons for Kids,2185,36:25,7 Mar 2026,HE220p-8EIs,https://www.youtube.com/watch?v=HE220p-8EIs,
NEW! Skye's Syrupy Save | PAW Patrol | Toy Play for Kids,860,14:20,7 Mar 2026,uUG0Y-PsK_o,https://www.youtube.com/watch?v=uUG0Y-PsK_o,
"Rocky and Percy, the Dream Team! 🐶😺 | Rocky's Cat-astrophe | PAW Patrol | Cartoons for Kids",2299,38:19,7 Mar 2026,8zUQp2IMB8o,https://www.youtube.com/watch?v=8zUQp2IMB8o,
Rocky Meets a Junkyard Kitten! 😺 | Rocky's Cat-astrophe | PAW Patrol | Cartoons for Kids,120,2:00,7 Mar 2026,Ms2BtiUCAJk,https://www.youtube.com/watch?v=Ms2BtiUCAJk,
The Season of Love! 💘 - PAW Patrol - Cartoons for Kids,2185,36:25,7 Mar 2026,EW9tKMY26jY,https://www.youtube.com/watch?v=EW9tKMY26jY,
Pigs Can Surf?! 🐖🏄🏻 - PAW Patrol - Cartoons for Kids,6611,1:50:11,7 Mar 2026,DvuMRDcu9m4,https://www.youtube.com/watch?v=DvuMRDcu9m4,
The Pups Enjoy the Final Weeks of Winter! ❄️  - PAW Patrol - Cartoons for Kids,2185,36:25,7 Mar 2026,s0mFnkIyieY,https://www.youtube.com/watch?v=s0mFnkIyieY,
Pups Save a School Bus! 🚌 - PAW Patrol - Cartoons for Kids,6611,1:50:11,7 Mar 2026,tnXWOKjTfo0,https://www.youtube.com/watch?v=tnXWOKjTfo0,
Rocky & Skye Stop an Asteroid AND MORE! - Rocky's Garage Compilation - PAW Patrol,1277,21:17,7 Mar 2026,qEME7ZROhxc,https://www.youtube.com/watch?v=qEME7ZROhxc,
Friendship Day in Adventure Bay!  - PAW Patrol - Cartoons for Kids,2185,36:25,7 Mar 2026,ji_R_oVtEBI,https://www.youtube.com/watch?v=ji_R_oVtEBI,
NEW! Chalk Art Bad Start | PAW Patrol | Toy Play for Kids,1335,22:15,7 Mar 2026,-ZmE5xoZdc4,https://www.youtube.com/watch?v=-ZmE5xoZdc4,
Living with Liberty & MORE! - Skye's Music Party Compilation - PAW Patrol,585,9:45,7 Mar 2026,EA-lxAgpOfI,https://www.youtube.com/watch?v=EA-lxAgpOfI,
Monkey at the wheel! 🙈🚗 - PAW Patrol - Cartoons for Kids,2050,34:10,7 Mar 2026,Gi5dseM566Q,https://www.youtube.com/watch?v=Gi5dseM566Q,
Triceratops Trouble! 🦖 - PAW Patrol - Cartoons for Kids,6118,1:41:58,7 Feb 2026,ZUVLyXEMwzo,https://www.youtube.com/watch?v=ZUVLyXEMwzo,
Springtime Bunny & MORE! - Skye's Music Party Compilation - PAW Patrol,572,9:32,7 Feb 2026,YzAdQLWpd_w,https://www.youtube.com/watch?v=YzAdQLWpd_w,
The Pups Rescue a Farmyard Disaster!  🚜🐮 - PAW Patrol - Cartoons for Kids,2050,34:10,7 Feb 2026,WlLheSJ_edA,https://www.youtube.com/watch?v=WlLheSJ_edA,
Tracker Helps a Cheeky Monkey! 🐒 - PAW Patrol - Cartoons for Kids,6118,1:41:58,7 Feb 2026,INvp93OanzI,https://www.youtube.com/watch?v=INvp93OanzI,
The Pups Meet Wally the Walrus! 🦭  - PAW Patrol - Cartoons for Kids,2050,34:10,7 Feb 2026,uiW2vAvhRNY,https://www.youtube.com/watch?v=uiW2vAvhRNY,
NEW! Danny’s Sorry Soaring Stunt | PAW Patrol | Toy Play for Kids,1175,19:35,7 Feb 2026,yEwXHbdt9b0,https://www.youtube.com/watch?v=yEwXHbdt9b0,
Jungle Trouble! 🙊 - PAW Patrol - Cartoons for Kids,2139,35:39,7 Feb 2026,6MVMJWMXusM,https://www.youtube.com/watch?v=6MVMJWMXusM,
NEW! Zuma's Big Wave Rescue Ride | PAW Patrol: To The Rescue | Cartoons for Kids,846,14:06,7 Feb 2026,RpGtKJjhkq8,https://www.youtube.com/watch?v=RpGtKJjhkq8,
Everest is the Best & MORE! - Skye's Music Party Compilation - PAW Patrol,585,9:45,7 Feb 2026,798zMG8VmN4,https://www.youtube.com/watch?v=798zMG8VmN4,
Marshall and the Missing Fireworks! 🎆 - PAW Patrol - Cartoons for Kids,6501,1:48:21,7 Feb 2026,dFMmBAuY_MA,https://www.youtube.com/watch?v=dFMmBAuY_MA,
Fly With Me & MORE! - Skye's Music Party Compilation - PAW Patrol,593,9:53,7 Feb 2026,zrTUheM4RDw,https://www.youtube.com/watch?v=zrTUheM4RDw,
It's Parade Day in Adventure Bay! 🎈- PAW Patrol - Cartoons for Kids,2139,35:39,7 Feb 2026,tk0PUJd5VQE,https://www.youtube.com/watch?v=tk0PUJd5VQE,
Pups Save a Mer-pup! 🧜🏻‍♂️ - PAW Patrol - Cartoons for Kids,6501,1:48:21,7 Feb 2026,S-nojZ9oxcw,https://www.youtube.com/watch?v=S-nojZ9oxcw,
The Pups Fix an Alien Spaceship! 👽 - PAW Patrol - Cartoons for Kids,2139,35:39,7 Feb 2026,dr7Qc16keE0,https://www.youtube.com/watch?v=dr7Qc16keE0,
Railway Rescue! 🚂  - PAW Patrol - Cartoons for Kids,2201,36:41,7 Feb 2026,bOaZW1qjYpw,https://www.youtube.com/watch?v=bOaZW1qjYpw,
NEW! PAW Patrol Mountain Rescue Toy Play | Daring Danny X Saves Francois,1190,19:50,7 Feb 2026,OVIn9rXVLro,https://www.youtube.com/watch?v=OVIn9rXVLro,
Cow Song & MORE! - Skye's Music Party Compilation - PAW Patrol,602,10:02,7 Feb 2026,u_AN0VAW89w,https://www.youtube.com/watch?v=u_AN0VAW89w,
NEW! Rocky's Railroad Crossing Rescue | PAW Patrol: To The Rescue | Cartoons for Kids,850,14:10,7 Feb 2026,-wsCkcuv8Bw,https://www.youtube.com/watch?v=-wsCkcuv8Bw,
A Surprise Party for Chase!  🎉- PAW Patrol - Cartoons for Kids,6150,1:42:30,7 Feb 2026,JBDP_8McNxU,https://www.youtube.com/watch?v=JBDP_8McNxU,
The Pups Will Chase Your Fears Away! - PAW Patrol - Cartoons for Kids,6150,1:42:30,7 Feb 2026,ntDt_hx1CHM,https://www.youtube.com/watch?v=ntDt_hx1CHM,
Food Song & MORE! - Skye's Music Party Compilation - PAW Patrol,6575,1:49:35,7 Feb 2026,QMfEhVBrI20,https://www.youtube.com/watch?v=QMfEhVBrI20,
How Do the Turtles Cross the Road?! 🐢 - PAW Patrol - Cartoons for Kids,2201,36:41,7 Feb 2026,P4JSkxpCpXU,https://www.youtube.com/watch?v=P4JSkxpCpXU,
Chase's Manatee Rescue! 🐋  - PAW Patrol - Cartoons for Kids,2142,35:42,7 Feb 2026,u_A9UHR1v9k,https://www.youtube.com/watch?v=u_A9UHR1v9k,
Helicopter Rescue & MORE!  🚁| PAW Patrol Compilation | Toy Play for Kids,1386,23:06,7 Feb 2026,Zntv-_646lI,https://www.youtube.com/watch?v=Zntv-_646lI,
The Pups Save a Concert! 🎸 - PAW Patrol - Cartoons for Kids,2142,35:42,7 Feb 2026,1ZP0SBLB764,https://www.youtube.com/watch?v=1ZP0SBLB764,
NEW! Chase's Inflatable Boat Rescue | PAW Patrol: To The Rescue | Cartoons for Kids,867,14:27,7 Feb 2026,_wR59B2e2xg,https://www.youtube.com/watch?v=_wR59B2e2xg,
Need for Speed & MORE! - Skye's Music Party Compilation - PAW Patrol,594,9:54,7 Feb 2026,5v5RhOdBXX4,https://www.youtube.com/watch?v=5v5RhOdBXX4,
Liberty's Mountain Rescue!  🗻 - PAW Patrol - Cartoons for Kids,6576,1:49:36,7 Feb 2026,f_36iFmEykA,https://www.youtube.com/watch?v=f_36iFmEykA,
Skye's Ultimate Rescue! 🗻 🚁- PAW Patrol - Cartoons for Kids,2142,35:42,7 Feb 2026,Y6fcBapcCjg,https://www.youtube.com/watch?v=Y6fcBapcCjg,
Everest's Missing Hook AND MORE! - Rocky's Garage Compilation - PAW Patrol,1136,18:56,7 Feb 2026,PiLJatUHjxU,https://www.youtube.com/watch?v=PiLJatUHjxU,
Meerkat Pirates! 🦜 - PAW Patrol - Cartoons for Kids,6576,1:49:36,7 Feb 2026,5v2ZRqKC1-4,https://www.youtube.com/watch?v=5v2ZRqKC1-4,
Pirate Rescue! 🏴‍☠️ - PAW Patrol - Cartoons for Kids,2192,36:32,7 Feb 2026,oCfD5k4sbZs,https://www.youtube.com/watch?v=oCfD5k4sbZs,
Feathered Friends! 🪽 - PAW Patrol - Cartoons for Kids,2169,36:09,7 Feb 2026,9IVxM45dSuU,https://www.youtube.com/watch?v=9IVxM45dSuU,
The Adventure Bay Games! | PAW Patrol Compilation | Toy Play for Kids,6784,1:53:04,7 Feb 2026,B6MxUe7QuCk,https://www.youtube.com/watch?v=B6MxUe7QuCk,
NEW! Chase Rescues the Runaway Sheep | PAW Patrol: To The Rescue | Cartoons for Kids,765,12:45,7 Feb 2026,yvA1HOzeQqc,https://www.youtube.com/watch?v=yvA1HOzeQqc,
Liberty Has a Broken Headlight AND MORE! - Rocky's Garage Compilation - PAW Patrol,1279,21:19,7 Feb 2026,oiuIAtVN2L0,https://www.youtube.com/watch?v=oiuIAtVN2L0,
Humdinger Ruins the Pet Show! 😭 - PAW Patrol - Cartoons for Kids,6408,1:46:48,7 Feb 2026,-yvLMxNe6pA,https://www.youtube.com/watch?v=-yvLMxNe6pA,
Rubble's Catapult AND MORE! - Rocky's Garage Compilation - PAW Patrol,708,11:48,7 Feb 2026,MzDuPuqcPsg,https://www.youtube.com/watch?v=MzDuPuqcPsg,
Monster Trucks! 🛻 - PAW Patrol - Cartoons for Kids,6491,1:48:11,7 Feb 2026,FjyVnC0p-6Y,https://www.youtube.com/watch?v=FjyVnC0p-6Y,
Aqua Pups to the Rescue! 💦 - PAW Patrol - Cartoons for Kids,2169,36:09,7 Feb 2026,Erqdh55OU8Y,https://www.youtube.com/watch?v=Erqdh55OU8Y,
Tracker and the Playful Elephant! 🐘 - PAW Patrol - Cartoons for Kids,2169,36:09,7 Jan 2026,JuOhqnSfHIA,https://www.youtube.com/watch?v=JuOhqnSfHIA,
Rubble Goes for Gold! 🪙 - PAW Patrol - Cartoons for Kids,2192,36:32,7 Jan 2026,lxGa8NKKxaY,https://www.youtube.com/watch?v=lxGa8NKKxaY,
Runaway Whale! 🐳 | PAW Patrol Compilation | Toy Play for Kids,3235,53:55,7 Jan 2026,0-PtNcvCuO4,https://www.youtube.com/watch?v=0-PtNcvCuO4,
Mysterious Crop Circles! 👽 - PAW Patrol - Cartoons for Kids,6491,1:48:11,7 Jan 2026,_MxX82MDDx4,https://www.youtube.com/watch?v=_MxX82MDDx4,
Tracker's Jeep AND MORE! - Rocky's Garage Compilation - PAW Patrol,3178,52:58,7 Jan 2026,YY2rlgZm4Vc,https://www.youtube.com/watch?v=YY2rlgZm4Vc,
The Mystery of the Missing Bone! 🦴 - PAW Patrol  - Cartoons for Kids,6491,1:48:11,7 Jan 2026,DCsgclHAor8,https://www.youtube.com/watch?v=DCsgclHAor8,
Marshall's Truck AND MORE! - Rocky's Garage Compilation - PAW Patrol,1798,29:58,7 Jan 2026,dVMDweSuuQk,https://www.youtube.com/watch?v=dVMDweSuuQk,
Mountain Goat Rescue! 🐐- PAW Patrol - Cartoons for Kids,6491,1:48:11,7 Jan 2026,STgtLiEGhE0,https://www.youtube.com/watch?v=STgtLiEGhE0,
The Mayor's New Clothes!🥼- PAW Patrol - Cartoons for Kids,2169,36:09,7 Jan 2026,B_yxpKftm2k,https://www.youtube.com/watch?v=B_yxpKftm2k,
Pups Save a Missing Baby Dinosaur! 🦕- PAW Patrol - Cartoons for Kids,2169,36:09,7 Jan 2026,KBwhzltM0hs,https://www.youtube.com/watch?v=KBwhzltM0hs,
Baby Dragons! 🐲 | PAW Patrol Compilation | Toy Play for Kids,3235,53:55,7 Jan 2026,9X8vTryy2qM,https://www.youtube.com/watch?v=9X8vTryy2qM,
Everest's Hook AND MORE! - Rocky's Garage Compilation - PAW Patrol,1136,18:56,7 Jan 2026,6Cmtm7wDHuI,https://www.youtube.com/watch?v=6Cmtm7wDHuI,
Super Cows! 🐮 - PAW Patrol - Cartoons for Kids,6491,1:48:11,7 Jan 2026,37MVFWHoedY,https://www.youtube.com/watch?v=37MVFWHoedY,
An Arctic Mission! 🐻‍❄️ - PAW Patrol - Cartoons for Kids,2192,36:32,7 Jan 2026,lj9x9eGqlR0,https://www.youtube.com/watch?v=lj9x9eGqlR0,
Chase's Cruiser AND MORE! - Rocky's Garage Compilation - PAW Patrol,1798,29:58,7 Jan 2026,M_itkzutP-k,https://www.youtube.com/watch?v=M_itkzutP-k,
Christmas with the Pups! 🎅🏻🐾 - PAW Patrol - Cartoons for Kids,3442,57:22,7 Jan 2026,G18jXoUIF-s,https://www.youtube.com/watch?v=G18jXoUIF-s,
The Pups Save Christmas! 🎅🏻 | PAW Patrol: 12 Days of Christmas 🎁 | 1 Day to Go!,3674,1:01:14,7 Jan 2026,Xg3pri7X1js,https://www.youtube.com/watch?v=Xg3pri7X1js,
An Arctic Rescue Mission! 🥶 | PAW Patrol: 12 Days of Christmas 🎁 | 2 Days to Go!,3674,1:01:14,7 Jan 2026,lCwy3T66Zcw,https://www.youtube.com/watch?v=lCwy3T66Zcw,
This Christmas Tree Needs Rescued! 🎄 - A PAW Patrol Christmas - PAW Patrol -Cartoons for Kids,121,2:01,7 Jan 2026,czgmog1Fc4o,https://www.youtube.com/watch?v=czgmog1Fc4o,
"Francois, the Human Penguin! 🐧 | PAW Patrol: 12 Days of Christmas 🎁 | 3 Days to Go!",3640,1:00:40,7 Jan 2026,93Yrl2V7mYo,https://www.youtube.com/watch?v=93Yrl2V7mYo,
Penguin Rescue!🐧Full Episode Compilation | PAW Patrol: 12 Days of Christmas 🎁 | 4 Days to Go!,4596,1:16:36,7 Jan 2026,tAyhiLm5nlk,https://www.youtube.com/watch?v=tAyhiLm5nlk,
Everest Meets a Playful Whale! 🐳 | PAW Patrol: 12 Days of Christmas 🎁 | 5 Days to Go!,3707,1:01:47,7 Jan 2026,JhhWgbhrJdw,https://www.youtube.com/watch?v=JhhWgbhrJdw,
The Season of Goodwill! 🎁  - PAW Patrol - Cartoons for Kids,6469,1:47:49,7 Jan 2026,WLs_IoS_QYc,https://www.youtube.com/watch?v=WLs_IoS_QYc,
Epic Snowboarding! 🏂🏻 | PAW Patrol: 12 Days of Christmas 🎁 | 6 Days to Go!,3640,1:00:40,7 Jan 2026,Ll1COVk9_6c,https://www.youtube.com/watch?v=Ll1COVk9_6c,
A New Pup for Christmas! 🐾 | PAW Patrol: 12 Days of Christmas 🎁 | 7 Days to Go!,3640,1:00:40,7 Jan 2026,nEjAewKwf7s,https://www.youtube.com/watch?v=nEjAewKwf7s,
Pesky Penguins! 🐧 - PAW Patrol - Cartoons for Kids,6469,1:47:49,7 Jan 2026,IS0BHbUhafY,https://www.youtube.com/watch?v=IS0BHbUhafY,
Big Truck Pups Save a Sliding Chalet! ⛰️ | PAW Patrol: 12 Days of Christmas 🎁 | 8 Days to Go!,3640,1:00:40,7 Jan 2026,FJ9NfqrMWKU,https://www.youtube.com/watch?v=FJ9NfqrMWKU,
The Pups Save a Snowbound Cow! 🐮 | PAW Patrol: 12 Days of Christmas 🎁 | 9 Days to Go!,3640,1:00:40,7 Jan 2026,vtt1aFzp7Wo,https://www.youtube.com/watch?v=vtt1aFzp7Wo,
The Pups Rescue a Runaway Snow Cat! 😺 | PAW Patrol: 12 Days of Christmas 🎁 | 10 Days to Go!,3640,1:00:40,7 Jan 2026,3xi-JLoHsu4,https://www.youtube.com/watch?v=3xi-JLoHsu4,
"Ice or Snow, the Pups are Ready to Go! ☃️ | PAW Patrol: 12 Days of Christmas 🎁 | 11 Days to Go!",3674,1:01:14,7 Jan 2026,zYLcD21trSI,https://www.youtube.com/watch?v=zYLcD21trSI,
Chase Saves a Birthday Party! 🎈 | PAW Patrol Compilation | Toy Play for Kids,1256,20:56,7 Jan 2026,kn_YxC7FDPs,https://www.youtube.com/watch?v=kn_YxC7FDPs,
Can You Believe It’s Finally Christmas SING ALONG! 🎁🎶 PAW Patrol | Holiday Songs for Kids,150,2:30,7 Jan 2026,MpibzOLAE4Q,https://www.youtube.com/watch?v=MpibzOLAE4Q,
PAW Patrol Holiday Fireplace 🎄🎁 Cozy Up With The Pups,1802,30:02,7 Jan 2026,r0JdFkcRxLM,https://www.youtube.com/watch?v=r0JdFkcRxLM,
Snowstorm Rescue! ❄️| PAW Patrol: 12 Days of Christmas 🎁 | 12 Days to Go!,3674,1:01:14,7 Jan 2026,4eYNR7y7fKw,https://www.youtube.com/watch?v=4eYNR7y7fKw,
We Wish You A Merry Christmas!🎄 | PAW Patrol | Holiday Songs for Kids,33,0:33,7 Jan 2026,9C2b2ve_Noo,https://www.youtube.com/watch?v=9C2b2ve_Noo,
Marshall's Parrot Friend! 🦜 - PAW Patrol - Cartoons for Kids,6705,1:51:45,7 Jan 2026,PTs0WgaDSY4,https://www.youtube.com/watch?v=PTs0WgaDSY4,
Walrus Rescue!  - PAW Patrol - Cartoons for Kids,6705,1:51:45,7 Jan 2026,_c7HluXQPCw,https://www.youtube.com/watch?v=_c7HluXQPCw,
Can Rubble Save Christmas?! 🎅🏻- A PAW Patrol Christmas - PAW Patrol - Cartoons for Kids,1029,17:09,7 Jan 2026,R_DA8p72V9E,https://www.youtube.com/watch?v=R_DA8p72V9E,
Rocky is Electric! ⚡  - Rocky's Garage Compilation - PAW Patrol,1197,19:57,7 Jan 2026,1O0ptHhNXmY,https://www.youtube.com/watch?v=1O0ptHhNXmY,
Christmas Eve Is Here! 🎄 | PAW Patrol Holiday Music Video | Songs for Kids,52,0:52,7 Jan 2026,K0GrX30d5Rg,https://www.youtube.com/watch?v=K0GrX30d5Rg,
Rocky Around the Christmas Tree! 🎄 - PAW Patrol - Cartoons for Kids,2315,38:35,7 Jan 2026,FJPAygX9Efg,https://www.youtube.com/watch?v=FJPAygX9Efg,
It’s Christmas Time in Adventure Bay 🎅🏿🎄 | PAW Patrol Music Video | Holiday Songs for Kids,43,0:43,7 Jan 2026,C8pff7xdjME,https://www.youtube.com/watch?v=C8pff7xdjME,
Everest's Snowstorm Rescue! 🎿 - PAW Patrol - Cartoons for Kids,2315,38:35,7 Jan 2026,q1UWfTErWDA,https://www.youtube.com/watch?v=q1UWfTErWDA,
Rocky is a Scooter Seat Saviour!🛴  - Rocky's Garage Compilation - PAW Patrol,1172,19:32,7 Jan 2026,K-W53U9v7do,https://www.youtube.com/watch?v=K-W53U9v7do,
Humdinger Crashes His Sleigh! 🛷 A PAW Patrol Christmas - PAW Patrol Compilation - Cartoons for Kids,1160,19:20,7 Dec 2025,v5BSim4pwFI,https://www.youtube.com/watch?v=v5BSim4pwFI,
Humdinger's Sleigh Ride! 🛷- A PAW Patrol Christmas - PAW Patrol - Cartoons for Kids,120,2:00,7 Dec 2025,ce4qBdeaIWA,https://www.youtube.com/watch?v=ce4qBdeaIWA,
Mighty Twins on a Mission! 🧑‍🤝‍🧑- PAW Patrol - Cartoons for Kids,6408,1:46:48,7 Dec 2025,2erZ5Yw0Se0,https://www.youtube.com/watch?v=2erZ5Yw0Se0,
It's Time to Put Up the Christmas Tree!🎄 - A PAW Patrol Christmas - PAW Patrol -Cartoons for Kids,121,2:01,7 Dec 2025,U8K4a9ZBYwI,https://www.youtube.com/watch?v=U8K4a9ZBYwI,
Deck the Pups 🎄 | PAW Patrol Music Video | Holiday Songs for Kids,24,0:24,7 Dec 2025,OlAT6ZrGn6k,https://www.youtube.com/watch?v=OlAT6ZrGn6k,
Rescue Wheels! 🚗- PAW Patrol - Cartoons for Kids,3386,56:26,7 Dec 2025,xvuWuV_kz5I,https://www.youtube.com/watch?v=xvuWuV_kz5I,
Chase Stops a Runaway Rocket! 🚀- PAW Patrol - Cartoons for Kids,6163,1:42:43,7 Dec 2025,39CWnbNWdfM,https://www.youtube.com/watch?v=39CWnbNWdfM,
Pups Save a Runaway Truck! 🚚- PAW Patrol - Cartoons for Kids,3386,56:26,7 Dec 2025,aK-xWqi2C1s,https://www.youtube.com/watch?v=aK-xWqi2C1s,
No Christmas Presents This Year Official Music Video | PAW Patrol | Holiday Songs for Kids,107,1:47,7 Dec 2025,8YC5VK952Io,https://www.youtube.com/watch?v=8YC5VK952Io,
Everest Has a Whale of a Time! 🐳 - PAW Patrol - Cartoons for Kids,3707,1:01:47,7 Dec 2025,8lDvdk2T57U,https://www.youtube.com/watch?v=8lDvdk2T57U,
A Whirlwind AND MORE! 🌪️ | PAW Patrol Compilation | Toy Play for Kids,1197,19:57,7 Dec 2025,K3T1pCVkDtQ,https://www.youtube.com/watch?v=K3T1pCVkDtQ,
The Chaotic Kitty Song & MORE! - Skye's Music Party Compilation - PAW Patrol,1169,19:29,7 Dec 2025,nhDo8xn4Ulw,https://www.youtube.com/watch?v=nhDo8xn4Ulw,
There's a Turkey on the Loose! 🦃 - PAW Patrol - Cartoons for Kids,3383,56:23,7 Dec 2025,Cw3qAzuPrt4,https://www.youtube.com/watch?v=Cw3qAzuPrt4,
Can You Believe It’s Finally Christmas MUSIC VIDEO! 🎄🎶 PAW Patrol | Holiday Songs for Kids,150,2:30,7 Dec 2025,kDGWsuoW1_g,https://www.youtube.com/watch?v=kDGWsuoW1_g,
Which Mayor Will Win the Race?! 🏁 - PAW Patrol - Cartoons for Kids,6705,1:51:45,7 Dec 2025,FBzvOBMUJ4g,https://www.youtube.com/watch?v=FBzvOBMUJ4g,
Rubble's in Trouble! - Rocky's Garage Compilation - PAW Patrol,827,13:47,7 Dec 2025,i_7IQ_k9bdk,https://www.youtube.com/watch?v=i_7IQ_k9bdk,
Happy Thanksgiving! 🦃 - PAW Patrol - Cartoons for Kids,3777,1:02:57,7 Dec 2025,C0pzu1VihPw,https://www.youtube.com/watch?v=C0pzu1VihPw,
Hip Hop Jingle Bells 🎶 with DJ Rubble! | PAW Patrol Music Video | Holiday Songs for Kids,71,1:11,7 Dec 2025,k2nF5ebQljo,https://www.youtube.com/watch?v=k2nF5ebQljo,
The Whale Patroller is Missing! 🐋 - PAW Patrol - Cartoons for Kids,1738,28:58,7 Dec 2025,U2gBDDQvcsc,https://www.youtube.com/watch?v=U2gBDDQvcsc,
Mighty Eel! - PAW Patrol - Cartoons for Kids,6163,1:42:43,7 Dec 2025,UNgo25VVjaI,https://www.youtube.com/watch?v=UNgo25VVjaI,
A Sea Rescue AND MORE! 🌊 | PAW Patrol Compilation | Toy Play for Kids,1350,22:30,7 Dec 2025,GUj5Tdp1cWQ,https://www.youtube.com/watch?v=GUj5Tdp1cWQ,
"Thank You, Heroes & MORE! - Skye's Music Party Compilation - PAW Patrol",3307,55:07,7 Dec 2025,thajaqW25_o,https://www.youtube.com/watch?v=thajaqW25_o,
Tracker Escapes a Stampede! 🐘 | Valiente - A Tracker Story | PAW Patrol | Cartoons for Kids,1142,19:02,7 Dec 2025,043HmM8KNLA,https://www.youtube.com/watch?v=043HmM8KNLA,
BIG SNOW! ❄️🎶 Music Video | PAW Patrol | Holiday Songs for Kids,68,1:08,7 Dec 2025,-vjxycOg5K0,https://www.youtube.com/watch?v=-vjxycOg5K0,
Liberty Makes an Unexpected Friend! 🐻 - PAW Patrol - Cartoons for Kids,6163,1:42:43,7 Dec 2025,19HVyf9z9tc,https://www.youtube.com/watch?v=19HVyf9z9tc,
Playing Pirate & MORE! - Skye's Music Party Compilation - PAW Patrol,580,9:40,7 Dec 2025,hc8NoGkaJcg,https://www.youtube.com/watch?v=hc8NoGkaJcg,
Rubble is On Top of the World! 🌍 - PAW Patrol - Cartoons for Kids,6163,1:42:43,7 Dec 2025,UJElWtC2H8k,https://www.youtube.com/watch?v=UJElWtC2H8k,
The Pups Chill Out! 🥶 - PAW Patrol - Cartoons for Kids,3684,1:01:24,7 Dec 2025,V8pcEX4cGmc,https://www.youtube.com/watch?v=V8pcEX4cGmc,
PAW Patrol vs Giant Vegetables! 🥕 - PAW Patrol - Cartoons for Kids,3697,1:01:37,7 Dec 2025,J3EkZZsBLlE,https://www.youtube.com/watch?v=J3EkZZsBLlE,
Skye's Windy Save | PAW Patrol | Toy Play for Kids,234,3:54,7 Dec 2025,2OBcIXYcXSM,https://www.youtube.com/watch?v=2OBcIXYcXSM,
The Pups Save Skye! 🪽 - PAW Patrol - Cartoons for Kids,3674,1:01:14,7 Dec 2025,v9WmdcB9YM4,https://www.youtube.com/watch?v=v9WmdcB9YM4,
Tracker and the Shadow Jungle! 🐒 | Valiente - A Tracker Story | PAW Patrol | Cartoons for Kids,574,9:34,7 Dec 2025,NVC97rmVBV0,https://www.youtube.com/watch?v=NVC97rmVBV0,
Rocky Paints Skye's Helicopter! 🚁 - Rocky's Garage Compilation - PAW Patrol,1185,19:45,7 Dec 2025,2kt17YJr3vk,https://www.youtube.com/watch?v=2kt17YJr3vk,
Tracker Faces His Fears! 😱 | Valiente - A Tracker Story | PAW Patrol | Cartoons for Kids,119,1:59,7 Dec 2025,jkekRFoGrLk,https://www.youtube.com/watch?v=jkekRFoGrLk,
Wally the Walrus Goes Missing! 🦭 - PAW Patrol - Cartoons for Kids,6705,1:51:45,7 Dec 2025,DgXedo0G1qM,https://www.youtube.com/watch?v=DgXedo0G1qM,
"Don't Lose It, Re-Use It! - Rocky's Garage Compilation - PAW Patrol",1185,19:45,7 Dec 2025,VNorq5UPVDw,https://www.youtube.com/watch?v=VNorq5UPVDw,
Mighty Pups Are On a Roll! 🦹🏻🐶 - PAW Patrol - Cartoons for Kids,6408,1:46:48,7 Dec 2025,JW3p6sijFwQ,https://www.youtube.com/watch?v=JW3p6sijFwQ,
Rubble's Penguin Rescue! 🐧  - PAW Patrol - Cartoons for Kids,3640,1:00:40,7 Dec 2025,H_dNjnxDi0k,https://www.youtube.com/watch?v=H_dNjnxDi0k,
Mayor Goodway is Lost in the Snow! ☃️  - PAW Patrol - Cartoons for Kids,3674,1:01:14,7 Dec 2025,l8C5fegSTYs,https://www.youtube.com/watch?v=l8C5fegSTYs,
Rocky's Rockslide Rescue | PAW Patrol | Toy Play for Kids,225,3:45,7 Dec 2025,qDlOxckeBUs,https://www.youtube.com/watch?v=qDlOxckeBUs,
The Skye is the Limit! 🛩️ - PAW Patrol - Cartoons for Kids,10057,2:47:37,7 Dec 2025,FXN80GF1XdA,https://www.youtube.com/watch?v=FXN80GF1XdA,
Rubble's On the Hunt for a Jukebox! 🔊  - PAW Patrol - Cartoons for Kids,3710,1:01:50,7 Dec 2025,nt3Pz0zohuU,https://www.youtube.com/watch?v=nt3Pz0zohuU,
Rocky Lights the Way for Chase! 💡 - Rocky's Garage Compilation - PAW Patrol,1157,19:17,7 Dec 2025,Fdq5KQ03aNI,https://www.youtube.com/watch?v=Fdq5KQ03aNI,
Monster Truck Stunt Goes WRONG! 🛻 - PAW Patrol - Cartoons for Kids,7167,1:59:27,7 Dec 2025,3AXXQDkDpQw,https://www.youtube.com/watch?v=3AXXQDkDpQw,
A Truck Boat Needs Built!🚤  - Rocky's Garage Compilation - PAW Patrol,1182,19:42,7 Nov 2025,c43V_LO6iLw,https://www.youtube.com/watch?v=c43V_LO6iLw,
Adventure Bay's BRAND NEW Airport! 🛫 - PAW Patrol - Cartoons for Kids,7167,1:59:27,7 Nov 2025,TOBHFrqLx1g,https://www.youtube.com/watch?v=TOBHFrqLx1g,
Pups Save the Tigers! 🐯 - PAW Patrol - Cartoons for Kids,3369,56:09,7 Nov 2025,0e8Y4TG9piM,https://www.youtube.com/watch?v=0e8Y4TG9piM,
Marshall Saves a Whale! 🐋 - PAW Patrol - Cartoons for Kids,2463,41:03,7 Nov 2025,vMoIsRlikEE,https://www.youtube.com/watch?v=vMoIsRlikEE,
A PAW Patrol Christmas | Official Trailer,31,0:31,7 Nov 2025,cPiYI1we-yk,https://www.youtube.com/watch?v=cPiYI1we-yk,
Another Air Rescue for the Pups! 🐦 - PAW Patrol - Cartoons for Kids,6902,1:55:02,7 Nov 2025,lHqG_CdzO44,https://www.youtube.com/watch?v=lHqG_CdzO44,
Daring Danny X’s Eagle Adventure | PAW Patrol | Toy Play for Kids,231,3:51,7 Nov 2025,LentjRz5LJw,https://www.youtube.com/watch?v=LentjRz5LJw,
Stranded on Swampy Island! 🏝️ - PAW Patrol - Cartoons for Kids,6902,1:55:02,7 Nov 2025,iMOvvIB16iY,https://www.youtube.com/watch?v=iMOvvIB16iY,
Rocky Fixes Rubble's Drill & MORE! - Rocky's Garage Compilation - PAW Patrol,1181,19:41,7 Nov 2025,XHQqS5cYe1Y,https://www.youtube.com/watch?v=XHQqS5cYe1Y,
Rubble and the Pirate Ghost! 🏴‍☠️👻 - PAW Patrol Halloween Special - Cartoons for Kids,1119,18:39,7 Nov 2025,7nkt0VAiaYM,https://www.youtube.com/watch?v=7nkt0VAiaYM,
Haunted Farm!🐮👻  - PAW Patrol Halloween Special - Cartoons for Kids,2923,48:43,7 Nov 2025,iiJpOx6pCmA,https://www.youtube.com/watch?v=iiJpOx6pCmA,
Rocky Fixes Chase's Winch & MORE! - Rocky's Garage Compilation - PAW Patrol,1181,19:41,7 Nov 2025,UWgSWIlqImE,https://www.youtube.com/watch?v=UWgSWIlqImE,
Chase's Frog Pond! 🐸 - PAW Patrol Halloween Special - Cartoons for Kids,2923,48:43,7 Nov 2025,xz8a1E3sRM4,https://www.youtube.com/watch?v=xz8a1E3sRM4,
Ghost Cabin! 👻 - PAW Patrol Halloween Special - Cartoons for Kids,2923,48:43,7 Nov 2025,n6JdxXJpdr0,https://www.youtube.com/watch?v=n6JdxXJpdr0,
Marshall's Fire Train-ing | PAW Patrol | Toy Play for Kids,169,2:49,7 Nov 2025,AFI062iPfX8,https://www.youtube.com/watch?v=AFI062iPfX8,
Rubble Saves Halloween & MORE! | PAW Patrol: To The Rescue Compilation | Cartoons for Kids,2482,41:22,7 Nov 2025,9FqDLwMbP2k,https://www.youtube.com/watch?v=9FqDLwMbP2k,
Trick or Treat! 🎃 - PAW Patrol Halloween Special - Cartoons for Kids,1119,18:39,7 Nov 2025,xXUvSRhVb5Y,https://www.youtube.com/watch?v=xXUvSRhVb5Y,
Skye Needs a Helicopter Upgrade! 🚁- Rocky's Garage Compilation - PAW Patrol,953,15:53,7 Nov 2025,GqXIGYP_oX8,https://www.youtube.com/watch?v=GqXIGYP_oX8,
Humdinger Needs an Ultimate Fire Rescue! 🔥 - PAW Patrol - Cartoons for Kids,119,1:59,7 Nov 2025,UmTB4c1uTvw,https://www.youtube.com/watch?v=UmTB4c1uTvw,
Ultimate Fire Rescue! 🔥 - PAW Patrol - Cartoons for Kids,114,1:54,7 Nov 2025,PzlLFRPMVVM,https://www.youtube.com/watch?v=PzlLFRPMVVM,
Rocky Rescues Marshall and Liberty! - Rocky's Garage Compilation - PAW Patrol,837,13:57,7 Nov 2025,KJoDVrXNNpQ,https://www.youtube.com/watch?v=KJoDVrXNNpQ,
The Pups Meet a Lonely Ghost! 👻 - PAW Patrol Halloween Special - Cartoons for Kids,1119,18:39,7 Nov 2025,5aR7wLuFteI,https://www.youtube.com/watch?v=5aR7wLuFteI,
The Pups Wake Up a Dozing Dragon! 🐉💤  - PAW Patrol - Cartoons for Kids,3483,58:03,7 Nov 2025,T1-n-Z9vixI,https://www.youtube.com/watch?v=T1-n-Z9vixI,
Garbie’s Yoga Bind | PAW Patrol | Toy Play for Kids,179,2:59,7 Nov 2025,nLuapySG_CI,https://www.youtube.com/watch?v=nLuapySG_CI,
Mystery of the Werepuppy! 🌕🐾 - PAW Patrol Halloween Special - Cartoons for Kids,3547,59:07,7 Nov 2025,Gr1oX7gI9i4,https://www.youtube.com/watch?v=Gr1oX7gI9i4,
Mighty Pups Escape a Giant Dome! 🌐  - PAW Patrol - Cartoons for Kids,118,1:58,7 Nov 2025,l7BbDAtEpZA,https://www.youtube.com/watch?v=l7BbDAtEpZA,
The Pups Are in Fancy Dress! 🎭🐾 - PAW Patrol Halloween Special - Cartoons for Kids,1132,18:52,7 Nov 2025,MaSHzq9xCY8,https://www.youtube.com/watch?v=MaSHzq9xCY8,
Rocky Helps Out Skye and Rubble! - Rocky's Garage Compilation - PAW Patrol,1096,18:16,7 Nov 2025,f8L0ZoHKWVk,https://www.youtube.com/watch?v=f8L0ZoHKWVk,
Gigantic Robot! 🤖  - PAW Patrol - Cartoons for Kids,118,1:58,7 Nov 2025,PYebxvL21gk,https://www.youtube.com/watch?v=PYebxvL21gk,
The Pups Save a Giant Chicken! 🐔 - PAW Patrol - Cartoons for Kids,2279,37:59,7 Nov 2025,J5FV1VrPNwc,https://www.youtube.com/watch?v=J5FV1VrPNwc,
Beware of Giant Tomatoes! 🍅 - PAW Patrol - Cartoons for Kids,3448,57:28,7 Nov 2025,Rg000IsTHYU,https://www.youtube.com/watch?v=Rg000IsTHYU,
A Bear-y Puptastic Rescue! 🐻 - PAW Patrol - Cartoons for Kids,2204,36:44,7 Nov 2025,foby11nVchE,https://www.youtube.com/watch?v=foby11nVchE,
Pups Save a Bakery! | PAW Patrol | Toy Play for Kids,250,4:10,7 Nov 2025,TkFM8aQhamk,https://www.youtube.com/watch?v=TkFM8aQhamk,
Tracker Joins the Paw Patrol! 🐾 - PAW Patrol - Cartoons for Kids,2305,38:25,7 Nov 2025,w80KpVKd6pg,https://www.youtube.com/watch?v=w80KpVKd6pg,
Chase is Having Problems With His Drone! - Rocky's Garage Compilation - PAW Patrol,691,11:31,7 Nov 2025,6ExaYt5Q64c,https://www.youtube.com/watch?v=6ExaYt5Q64c,
Marshall makes some frog friends! 🐸  - PAW Patrol - Cartoons for Kids,118,1:58,7 Nov 2025,dtzButbQerY,https://www.youtube.com/watch?v=dtzButbQerY,
Rubble's Scoop Needs Fixing! - Rocky's Garage Compilation - PAW Patrol,808,13:28,7 Nov 2025,kHXWAYk8CCk,https://www.youtube.com/watch?v=kHXWAYk8CCk,
The Pups Rescue a Rescuer!  - PAW Patrol - Cartoons for Kids,118,1:58,7 Nov 2025,bHw8dWW3ZiA,https://www.youtube.com/watch?v=bHw8dWW3ZiA,
Zuma's Pig Rescue!🐷 - PAW Patrol - Cartoons for Kids,2204,36:44,7 Nov 2025,1_XszGQSzZc,https://www.youtube.com/watch?v=1_XszGQSzZc,
Tracker's First Day! - PAW Patrol - Cartoons for Kids,2305,38:25,7 Nov 2025,D8a58HKKeNY,https://www.youtube.com/watch?v=D8a58HKKeNY,
Chase Will Help You Cross the Road! - PAW Patrol - Cartoons for Kids,3831,1:03:51,7 Oct 2025,WVI9NJ1A0Zk,https://www.youtube.com/watch?v=WVI9NJ1A0Zk,
Pups Save Sweetie! | PAW Patrol | Toy Play for Kids,281,4:41,7 Oct 2025,0RWN7QhKr8o,https://www.youtube.com/watch?v=0RWN7QhKr8o,
NEW! Rubble Saves Halloween | PAW Patrol: To The Rescue | Cartoons for Kids,162,2:42,7 Oct 2025,ysQnpz4SlYI,https://www.youtube.com/watch?v=ysQnpz4SlYI,
A Pup-Tastic Cake! 🎂 -  PAW Patrol - Cartoons for Kids,3526,58:46,7 Oct 2025,M9gdhXux0CI,https://www.youtube.com/watch?v=M9gdhXux0CI,
Rubble Requests a Rocky Rescue! - Rocky's Garage Compilation - PAW Patrol,954,15:54,7 Oct 2025,a9v-z589SQ4,https://www.youtube.com/watch?v=a9v-z589SQ4,
A Robo-Toy Causes Mayhem! - PAW Patrol - Cartoons for Kids,119,1:59,7 Oct 2025,LeQuNy_a8uk,https://www.youtube.com/watch?v=LeQuNy_a8uk,
Rocky is on the Case for Chase! - Rocky's Garage Compilation - PAW Patrol,691,11:31,7 Oct 2025,p_ZMiL_TKHg,https://www.youtube.com/watch?v=p_ZMiL_TKHg,
Marshall Saves a Humsquatch! - PAW Patrol - Cartoons for Kids,116,1:56,7 Oct 2025,J7Y2YBbmE_s,https://www.youtube.com/watch?v=J7Y2YBbmE_s,
The Pups Save a Satellite! 🛰️ - PAW Patrol - Cartoons for Kids,3389,56:29,7 Oct 2025,SakH_wI4yCw,https://www.youtube.com/watch?v=SakH_wI4yCw,
Farmyard Chaos!🌽   - PAW Patrol - Cartoons for Kids,3454,57:34,7 Oct 2025,sGjSUKcGjKA,https://www.youtube.com/watch?v=sGjSUKcGjKA,
Pups Save a Royal Heir! | PAW Patrol | Toy Play for Kids,264,4:24,7 Oct 2025,TntUTYN-Tao,https://www.youtube.com/watch?v=TntUTYN-Tao,
Trouble in the Skies! 🪂 - PAW Patrol - Cartoons for Kids,2040,34:00,7 Oct 2025,SnT1XlyWBRg,https://www.youtube.com/watch?v=SnT1XlyWBRg,
Marshall Has A Mission For Rocky! - Rocky's Garage Compilation - PAW Patrol,1184,19:44,7 Oct 2025,XtwIPe9OLLU,https://www.youtube.com/watch?v=XtwIPe9OLLU,
The Pups Save a Falling Monkey! 🐒 - PAW Patrol - Cartoons for Kids,466,7:46,7 Oct 2025,OOrGKH7vk1U,https://www.youtube.com/watch?v=OOrGKH7vk1U,
Make Way for the Mighty Pups! - PAW Patrol - Cartoons for Kids,120,2:00,7 Oct 2025,oyNvq0OqIbk,https://www.youtube.com/watch?v=oyNvq0OqIbk,
Skye Saves a Pterodactyl! 🦖  - PAW Patrol - Cartoons for Kids,2040,34:00,7 Oct 2025,mKGmeHODWtg,https://www.youtube.com/watch?v=mKGmeHODWtg,
Kangaroo Rescue! 🦘 - PAW Patrol - Cartoons for Kids,114,1:54,7 Oct 2025,67_npESrknM,https://www.youtube.com/watch?v=67_npESrknM,
Mischief Song & MORE! - Skye's Music Party Compilation - PAW Patrol,1173,19:33,7 Oct 2025,06g8o7Jvxvw,https://www.youtube.com/watch?v=06g8o7Jvxvw,
The Pups' Underwater Adventure! - PAW Patrol - Cartoons for Kids,2040,34:00,7 Oct 2025,mPQTbgZ0Zno,https://www.youtube.com/watch?v=mPQTbgZ0Zno,
Everyone LOVES Marshall! ❤️ - PAW Patrol - Cartoons for Kids,2071,34:31,7 Oct 2025,fDZtwlYp6Qo,https://www.youtube.com/watch?v=fDZtwlYp6Qo,
Spicy Tuna Cat-astrophe | PAW Patrol | Toy Play for Kids,251,4:11,7 Oct 2025,XqB4kVmIwmA,https://www.youtube.com/watch?v=XqB4kVmIwmA,
Skye's Mighty Pups Song & MORE! - Skye's Music Party Compilation - PAW Patrol,1176,19:36,7 Oct 2025,ZAJk1eSaKTU,https://www.youtube.com/watch?v=ZAJk1eSaKTU,
Doctor Marshall Saves the Day! ⛑️ - PAW Patrol - Cartoons for Kids,573,9:33,7 Oct 2025,NZepKhLeEXU,https://www.youtube.com/watch?v=NZepKhLeEXU,
Save the Squirrels! - PAW Patrol - Cartoons for Kids,117,1:57,7 Oct 2025,J2zGbheA0JA,https://www.youtube.com/watch?v=J2zGbheA0JA,
Tracker Has a Task For Rocky! - Rocky's Garage Compilation - PAW Patrol,816,13:36,7 Oct 2025,o98Sv-FSKvQ,https://www.youtube.com/watch?v=o98Sv-FSKvQ,
Saving Animals From a Volcano!🌋 - PAW Patrol - Cartoons for Kids,2085,34:45,7 Oct 2025,AzrmeSfKUno,https://www.youtube.com/watch?v=AzrmeSfKUno,
The Pups Take a Trip to... the North Pole?! - PAW Patrol - Cartoons for Kids,117,1:57,7 Oct 2025,1lh19MJ2Wk8,https://www.youtube.com/watch?v=1lh19MJ2Wk8,
Chase is Lost in a Temple! 🐾🏯 - PAW Patrol - Cartoons for Kids,2071,34:31,7 Oct 2025,-kJTiVb32dI,https://www.youtube.com/watch?v=-kJTiVb32dI,
Pups Save the Sinking Tower | PAW Patrol | Toy Play for Kids,266,4:26,7 Oct 2025,jWTHOAtBkUg,https://www.youtube.com/watch?v=jWTHOAtBkUg,
Rubble's Hoverboard!😱 - PAW Patrol - Cartoons for Kids,2234,37:14,7 Oct 2025,T9OWHpmR7-k,https://www.youtube.com/watch?v=T9OWHpmR7-k,
Robo-Dog to the Rescue & MORE! - Skye's Music Party Compilation - PAW Patrol,1169,19:29,7 Oct 2025,844TC9Wsqpk,https://www.youtube.com/watch?v=844TC9Wsqpk,
Ryder Leads the Way! ➡️- PAW Patrol - Cartoons for Kids,572,9:32,7 Oct 2025,-9e9FODo7_c,https://www.youtube.com/watch?v=-9e9FODo7_c,
The Pups Rescue a White Wolf! - PAW Patrol - Cartoons for Kids,111,1:51,7 Oct 2025,YupyoAe5ZZk,https://www.youtube.com/watch?v=YupyoAe5ZZk,
Super Humdinger! - PAW Patrol - Cartoons for Kids,112,1:52,7 Oct 2025,ddoGqLhd5Mc,https://www.youtube.com/watch?v=ddoGqLhd5Mc,
The Pups are a DREAM TEAM! 🐾  -  PAW Patrol - Cartoons for Kids,2234,37:14,7 Oct 2025,HIYEerHJQpw,https://www.youtube.com/watch?v=HIYEerHJQpw,
Rocky Will Fix It! - Rocky's Garage Compilation - PAW Patrol,841,14:01,7 Oct 2025,00QvA4bo4SA,https://www.youtube.com/watch?v=00QvA4bo4SA,
Don't Steal Humdinger's Pancakes! 🥞  -  PAW Patrol - Cartoons for Kids,2204,36:44,7 Oct 2025,595eQykaOBs,https://www.youtube.com/watch?v=595eQykaOBs,
Rubble's Cave Escape!  -  PAW Patrol - Cartoons for Kids,572,9:32,7 Oct 2025,_OhETPCMgEI,https://www.youtube.com/watch?v=_OhETPCMgEI,
Rocky’s Rad Boba Repairs | PAW Patrol | Toy Play for Kids,267,4:27,7 Oct 2025,8JTZso67Dco,https://www.youtube.com/watch?v=8JTZso67Dco,
NEW! Marshall and the BBQ Boat AND MORE! | PAW Patrol: To The Rescue | Cartoons for Kids,2325,38:45,7 Oct 2025,33LjupW9m80,https://www.youtube.com/watch?v=33LjupW9m80,
Everest rides into the storm! ⛈️ -  PAW Patrol - Cartoons for Kids,2234,37:14,7 Sep 2025,Zs8OVocOQ8s,https://www.youtube.com/watch?v=Zs8OVocOQ8s,
NEW! Marshall and the BBQ Boat | PAW Patrol: To The Rescue | Cartoons for Kids,155,2:35,7 Sep 2025,M46BZ7l2cSY,https://www.youtube.com/watch?v=M46BZ7l2cSY,
Rocky Fixes Chase's Microphone & MORE! - Rocky's Garage Compilation - PAW Patrol,934,15:34,7 Sep 2025,6H_vIzq0aE8,https://www.youtube.com/watch?v=6H_vIzq0aE8,
Ryder's Farmyard Rescue! - PAW Patrol - Cartoons for Kids,117,1:57,7 Sep 2025,GGs-1yzsuCI,https://www.youtube.com/watch?v=GGs-1yzsuCI,
Has the Ladybird met her match?!  - PAW Patrol - Cartoons for Kids,115,1:55,7 Sep 2025,mNQQkx9t_6Y,https://www.youtube.com/watch?v=mNQQkx9t_6Y,
Non-Stop Snowboarders! 🏂 -  PAW Patrol - Cartoons for Kids,2234,37:14,7 Sep 2025,GzyYg_nn2o8,https://www.youtube.com/watch?v=GzyYg_nn2o8,
Rocky Fixes the Electricity & MORE! - Rocky's Garage Compilation - PAW Patrol,967,16:07,7 Sep 2025,42S8zoePXxg,https://www.youtube.com/watch?v=42S8zoePXxg,
Sunny Day in Adventure Bay! ☀️-  PAW Patrol - Cartoons for Kids,2234,37:14,7 Sep 2025,MIk3gmtDcvY,https://www.youtube.com/watch?v=MIk3gmtDcvY,
Ryder Discovers a Mysterious Storm! - PAW Patrol Episode - Cartoons for Kids,1355,22:35,7 Sep 2025,hrxh5O9BoL4,https://www.youtube.com/watch?v=hrxh5O9BoL4,
Baby Bear Rescue | PAW Patrol | Toy Play for Kids,209,3:29,7 Sep 2025,otiqxIzdEbU,https://www.youtube.com/watch?v=otiqxIzdEbU,
Rocky Rescues the Rocket Train & MORE! | PAW Patrol: To The Rescue Compilation | Cartoons for Kids,2189,36:29,7 Sep 2025,gMO3kJuAEDs,https://www.youtube.com/watch?v=gMO3kJuAEDs,
Pups Save a T-Rex! -  PAW Patrol Episode - Cartoons for Kids,3157,52:37,7 Sep 2025,xIFhIQqJSDE,https://www.youtube.com/watch?v=xIFhIQqJSDE,
NEW! Rocky Rescues the Rocket Train | PAW Patrol: To The Rescue | Cartoons for Kids,169,2:49,7 Sep 2025,WRpd2e2NgvQ,https://www.youtube.com/watch?v=WRpd2e2NgvQ,
Rocky Fixes Skye's Starter & MORE! - Rocky's Garage Compilation - PAW Patrol,865,14:25,7 Sep 2025,NxgCAsjAoMI,https://www.youtube.com/watch?v=NxgCAsjAoMI,
Sleeping bears!  - PAW Patrol Episode - Cartoons for Kids,108,1:48,7 Sep 2025,mwNQXC96N4g,https://www.youtube.com/watch?v=mwNQXC96N4g,
Caught in a Web!🕸️ - PAW Patrol Episode - Cartoons for Kids,115,1:55,7 Sep 2025,eCVZY9cGYc8,https://www.youtube.com/watch?v=eCVZY9cGYc8,
Rocky Fixes Chase's Lights & MORE! - Rocky's Garage Compilation - PAW Patrol,805,13:25,7 Sep 2025,bDnu7IPqTDM,https://www.youtube.com/watch?v=bDnu7IPqTDM,
Fun at the Carnival! -  PAW Patrol Episode - Cartoons for Kids,3157,52:37,7 Sep 2025,D4PMcQhtG2k,https://www.youtube.com/watch?v=D4PMcQhtG2k,
The Pups Go for Gold!🏆-  PAW Patrol Episode - Cartoons for Kids,2709,45:09,7 Sep 2025,_kAGINdHAWk,https://www.youtube.com/watch?v=_kAGINdHAWk,
Pups Save A Chicken & MORE! | PAW Patrol Compilation | Toy Play for Kids,1233,20:33,7 Sep 2025,FZa6UYQtm98,https://www.youtube.com/watch?v=FZa6UYQtm98,
Supervillains! -  PAW Patrol Episode - Cartoons for Kids,628,10:28,7 Sep 2025,5UBzworZtCs,https://www.youtube.com/watch?v=5UBzworZtCs,
Rocky Finds Rubble's Scoop & MORE! - Rocky's Garage Compilation - PAW Patrol,1798,29:58,7 Sep 2025,cyablodPZjI,https://www.youtube.com/watch?v=cyablodPZjI,
Marshall Saves the Cave | PAW Patrol: To The Rescue | Cartoons for Kids,158,2:38,7 Sep 2025,_81e-mM5ljA,https://www.youtube.com/watch?v=_81e-mM5ljA,
Quest for the Crown! -  PAW Patrol Episode - Cartoons for Kids,3291,54:51,7 Sep 2025,-WYuHl7ImDo,https://www.youtube.com/watch?v=-WYuHl7ImDo,
Save the Pup Balloons! - PAW Patrol Episode - Cartoons for Kids,110,1:50,7 Sep 2025,dKmdf3CcXus,https://www.youtube.com/watch?v=dKmdf3CcXus,
Pups Save Royal Heir & MORE! | PAW Patrol Compilation | Toy Play for Kids,1184,19:44,7 Sep 2025,HUDM9qYyeO0,https://www.youtube.com/watch?v=HUDM9qYyeO0,
Adventure Bay is Frozen! - PAW Patrol Episode - Cartoons for Kids,115,1:55,7 Sep 2025,wwcoBLqeuwo,https://www.youtube.com/watch?v=wwcoBLqeuwo,
Magic Mayor! -  PAW Patrol Episode - Cartoons for Kids,3291,54:51,7 Sep 2025,6lq-eMsR-_A,https://www.youtube.com/watch?v=6lq-eMsR-_A,
Beware of Flying Food! -  PAW Patrol Episode - Cartoons for Kids,3291,54:51,7 Sep 2025,U8zU-ED7tyQ,https://www.youtube.com/watch?v=U8zU-ED7tyQ,
Cat Pack and Mighty Pups!  -  PAW Patrol Episode - Cartoons for Kids,3263,54:23,7 Sep 2025,kIYTK-mD5Hw,https://www.youtube.com/watch?v=kIYTK-mD5Hw,
Rocky's Rope & MORE! | PAW Patrol Compilation | Toy Play for Kids,1221,20:21,7 Sep 2025,Rv-SpfXH1rE,https://www.youtube.com/watch?v=Rv-SpfXH1rE,
Can the Pups Save Humdinger?! -  PAW Patrol Episode - Cartoons for Kids,3153,52:33,7 Sep 2025,pSubLkCd68w,https://www.youtube.com/watch?v=pSubLkCd68w,
Rocky Fixes Marshall's Truck & MORE! - Rocky's Garage Compilation - PAW Patrol,1798,29:58,7 Sep 2025,WdcZs-wd8KQ,https://www.youtube.com/watch?v=WdcZs-wd8KQ,
Rocky's Stunt Dive Rescue | PAW Patrol: To The Rescue | Cartoons for Kids,164,2:44,7 Sep 2025,52-ecNuAiRU,https://www.youtube.com/watch?v=52-ecNuAiRU,
Lemonade & MORE! | PAW Patrol Compilation | Toy Play for Kids,1303,21:43,7 Sep 2025,WQl23ub_iMU,https://www.youtube.com/watch?v=WQl23ub_iMU,
Super Paws! - PAW Patrol Episode - Cartoons for Kids,108,1:48,7 Sep 2025,9dKu27tTec4,https://www.youtube.com/watch?v=9dKu27tTec4,
Pups Save the World! -  PAW Patrol Episode - Cartoons for Kids,3263,54:23,7 Sep 2025,tFv5D0gF1cI,https://www.youtube.com/watch?v=tFv5D0gF1cI,
Saving a Mud Monster! - PAW Patrol Episode - Cartoons for Kids,120,2:00,7 Sep 2025,K06Ty4OKkuk,https://www.youtube.com/watch?v=K06Ty4OKkuk,
Marshall's Mountain Mission! -  PAW Patrol Episode - Cartoons for Kids,3216,53:36,7 Sep 2025,xvc6b6jq_Xg,https://www.youtube.com/watch?v=xvc6b6jq_Xg,
Searching For a Snow Monster! -  PAW Patrol 3-HOUR COMPILATION - Cartoons for Kids,11389,3:09:49,7 Sep 2025,_b7_oQkPX6E,https://www.youtube.com/watch?v=_b7_oQkPX6E,
Inky Puplantis & MORE! | PAW Patrol Compilation | Toy Play for Kids,2535,42:15,7 Sep 2025,VudBP9DgixM,https://www.youtube.com/watch?v=VudBP9DgixM,
Space Pups! 🚀-  PAW Patrol Episode - Cartoons for Kids,3202,53:22,7 Sep 2025,VKRnEkLJgJA,https://www.youtube.com/watch?v=VKRnEkLJgJA,
Rocky Supes Out Chase's Cruiser & MORE! - Rocky's Garage Compilation - PAW Patrol,1798,29:58,7 Sep 2025,V1jICHSQXls,https://www.youtube.com/watch?v=V1jICHSQXls,
Skye and the Hiccuping Dragons | PAW Patrol: To The Rescue | Cartoons for Kids,159,2:39,7 Sep 2025,1TiwvgqZDig,https://www.youtube.com/watch?v=1TiwvgqZDig,
The Pups Free a Bat Family! 🦇 - PAW Patrol Episode - Cartoons for Kids,114,1:54,7 Sep 2025,n4eFgr3pRQY,https://www.youtube.com/watch?v=n4eFgr3pRQY,
Pups Save Carrot Cake & MORE! | PAW Patrol Compilation | Toy Play for Kids,2713,45:13,7 Sep 2025,0rW0hRC6a_E,https://www.youtube.com/watch?v=0rW0hRC6a_E,
Giant Vegetable Attack! 🥦 -  PAW Patrol Episode - Cartoons for Kids,3202,53:22,7 Sep 2025,T-s9hPari_Q,https://www.youtube.com/watch?v=T-s9hPari_Q,
Humdinger's Wearing the Wrong Pants! 👖 - PAW Patrol Episode - Cartoons for Kids,117,1:57,7 Sep 2025,4iM-GzKOg9I,https://www.youtube.com/watch?v=4iM-GzKOg9I,
Merpups! 🧜‍♀️ -  PAW Patrol Episode - Cartoons for Kids,3202,53:22,7 Aug 2025,V0U2txReYwc,https://www.youtube.com/watch?v=V0U2txReYwc,
It's Time to Save Robo-Dog! -  PAW Patrol Episode - Cartoons for Kids,3235,53:55,7 Aug 2025,pDrOfaBi_R4,https://www.youtube.com/watch?v=pDrOfaBi_R4,
Epic Boulder Races & MORE! | PAW Patrol Compilation | Toy Play for Kids,2898,48:18,7 Aug 2025,h3MRD_lvda0,https://www.youtube.com/watch?v=h3MRD_lvda0,
Marshall Puts Out the Castle Fire | PAW Patrol: To The Rescue | Cartoons for Kids,148,2:28,7 Aug 2025,vAzCns393_E,https://www.youtube.com/watch?v=vAzCns393_E,
Rocky Tricks Out Marshall's Truck & MORE! - Rocky's Garage Compilation - PAW Patrol,1798,29:58,7 Aug 2025,o2r5LOy9Tvw,https://www.youtube.com/watch?v=o2r5LOy9Tvw,
Pups Save the Day! -  PAW Patrol Episode - Cartoons for Kids,3235,53:55,7 Aug 2025,YVPhMEmUe40,https://www.youtube.com/watch?v=YVPhMEmUe40,
Marshall Stops a Fire & MORE! | PAW Patrol Compilation | Toy Play for Kids,3232,53:52,7 Aug 2025,seXuN05DSBw,https://www.youtube.com/watch?v=seXuN05DSBw,
Chase and Chickaletta Switch Bodies! - PAW Patrol Episode - Cartoons for Kids,118,1:58,7 Aug 2025,0zLkhtQkI6Y,https://www.youtube.com/watch?v=0zLkhtQkI6Y,
Mighty Twins! - PAW Patrol Episode - Cartoons for Kids,120,2:00,7 Aug 2025,k2ppDhYDcVw,https://www.youtube.com/watch?v=k2ppDhYDcVw,
Air Pups to the Rescue! -  PAW Patrol Episode - Cartoons for Kids,3235,53:55,7 Aug 2025,NEY_lMxvqlQ,https://www.youtube.com/watch?v=NEY_lMxvqlQ,
Treetop Mission! -  PAW Patrol Episode - Cartoons for Kids,1708,28:28,7 Aug 2025,vREQHCrtfM0,https://www.youtube.com/watch?v=vREQHCrtfM0,
Operation: Clean Up | PAW Patrol to the Rescue,31,0:31,7 Aug 2025,ZiigBa2we_U,https://www.youtube.com/watch?v=ZiigBa2we_U,
Dragon Quest! 🐉  - PAW Patrol Episode - Cartoons for Kids,2938,48:58,7 Aug 2025,gP29NgRmGvw,https://www.youtube.com/watch?v=gP29NgRmGvw,
Adventures with Grandpa | PAW Patrol Story Time,151,2:31,7 Aug 2025,RRn-3K47iTE,https://www.youtube.com/watch?v=RRn-3K47iTE,
Rocky Fixes Tracker's Jeep & MORE! - Rocky's Garage Compilation - PAW Patrol,3178,52:58,7 Aug 2025,kVQXbStU-Kw,https://www.youtube.com/watch?v=kVQXbStU-Kw,
Rubble Sees a Ghost! 👻  - PAW Patrol - Cartoons for Kids,2938,48:58,7 Aug 2025,aDiueMDnRxc,https://www.youtube.com/watch?v=aDiueMDnRxc,
Let's Find Adventure | PAW Patrol Story Time,168,2:48,7 Aug 2025,QsHhRnLXmGU,https://www.youtube.com/watch?v=QsHhRnLXmGU,
The World Turns Upside Down!  - PAW Patrol Episode - Cartoons for Kids,113,1:53,7 Aug 2025,CKpCA0VZe-k,https://www.youtube.com/watch?v=CKpCA0VZe-k,
A Mechanical Shark! 🦈  - PAW Patrol Episode - Cartoons for Kids,2938,48:58,7 Aug 2025,pRCgUPdAzbQ,https://www.youtube.com/watch?v=pRCgUPdAzbQ,
Zuma Climbs Into the Unknown!  - PAW Patrol Episode - Cartoons for Kids,114,1:54,7 Aug 2025,W1srheeiaD0,https://www.youtube.com/watch?v=W1srheeiaD0,
Skye Rescues a Flying Robo-Toy! - PAW Patrol Episode - Cartoons for Kids,1708,28:28,7 Aug 2025,mM1iWiY-R48,https://www.youtube.com/watch?v=mM1iWiY-R48,
Bathtime Emergency | PAW Patrol to the Rescue,31,0:31,7 Aug 2025,dVKAMAZpxQg,https://www.youtube.com/watch?v=dVKAMAZpxQg,
Adventures with Grandpa | PAW Patrol Story Time,317,5:17,7 Aug 2025,PJ6rQK_fE9I,https://www.youtube.com/watch?v=PJ6rQK_fE9I,
Humdinger's Big Mistake!  - PAW Patrol Episode - Cartoons for Kids,2549,42:29,7 Aug 2025,2oHsDOy10DQ,https://www.youtube.com/watch?v=2oHsDOy10DQ,
The Barking Kitty Crew!  - PAW Patrol Episode - Cartoons for Kids,2096,34:56,7 Aug 2025,gjVXotdNkWY,https://www.youtube.com/watch?v=gjVXotdNkWY,
Chase's Best Bits! - Rocky's Garage Compilation - PAW Patrol,568,9:28,7 Aug 2025,F3UYjiGS_3s,https://www.youtube.com/watch?v=F3UYjiGS_3s,
Zuma’s Ruff River Rescue  | PAW Patrol | Toy Play for Kids,226,3:46,7 Aug 2025,x3ZQVxuRqsQ,https://www.youtube.com/watch?v=x3ZQVxuRqsQ,
A Sticky Situation! - PAW Patrol Episode - Cartoons for Kids,110,1:50,7 Aug 2025,LK-2keuPWX8,https://www.youtube.com/watch?v=LK-2keuPWX8,
Toodles the Clown!  - PAW Patrol Episode - Cartoons for Kids,2096,34:56,7 Aug 2025,kDJmtUNuhPA,https://www.youtube.com/watch?v=kDJmtUNuhPA,
Swamp Rescue! - PAW Patrol Episode - Cartoons for Kids,113,1:53,7 Aug 2025,EQDJCCZ7OGU,https://www.youtube.com/watch?v=EQDJCCZ7OGU,
Marshall Escapes a Volcano!🌋  - PAW Patrol Episode - Cartoons for Kids,2096,34:56,7 Aug 2025,WPnB_T1vKpw,https://www.youtube.com/watch?v=WPnB_T1vKpw,
Brand New Bedtime Story | PAW Patrol to the Rescue,31,0:31,7 Aug 2025,py1h7LVOTTE,https://www.youtube.com/watch?v=py1h7LVOTTE,
Rocky's in a Race Against Time! - Rocky's Garage Compilation - PAW Patrol,687,11:27,7 Aug 2025,NDkTr6XeLfs,https://www.youtube.com/watch?v=NDkTr6XeLfs,
Mount Humdinger | PAW Patrol | Toy Play for Kids,249,4:09,7 Aug 2025,FTPvXfs40OU,https://www.youtube.com/watch?v=FTPvXfs40OU,
Ryder Takes Charge! - PAW Patrol Episode - Cartoons for Kids,2549,42:29,7 Aug 2025,rXhg_6XrG-Q,https://www.youtube.com/watch?v=rXhg_6XrG-Q,
Rocky's Fire Rescue! - Rocky's Garage Compilation - PAW Patrol,610,10:10,7 Aug 2025,cw84mxJ3vLg,https://www.youtube.com/watch?v=cw84mxJ3vLg,
Everest's Snowslide Rescue | PAW Patrol: To The Rescue | Cartoons for Kids,151,2:31,7 Aug 2025,UG-MbFDSi-4,https://www.youtube.com/watch?v=UG-MbFDSi-4,
The Kitty Catastrophe Crew! - PAW Patrol Episode - Cartoons for Kids,117,1:57,7 Aug 2025,6lqO1GxRnYM,https://www.youtube.com/watch?v=6lqO1GxRnYM,
Humdinger Gets Fired | PAW Patrol | Toy Play for Kids,234,3:54,7 Aug 2025,4WkAJZjDOaM,https://www.youtube.com/watch?v=4WkAJZjDOaM,
The Pups Chase a Runaway Egg! 🥚 - PAW Patrol Episode - Cartoons for Kids,115,1:55,7 Aug 2025,YUulzOMRvRk,https://www.youtube.com/watch?v=YUulzOMRvRk,
The Pups Have Talent! - PAW Patrol Episode - Cartoons for Kids,2178,36:18,7 Aug 2025,LoGCKdDAHxY,https://www.youtube.com/watch?v=LoGCKdDAHxY,
Ryder's Air Rescue!  - PAW Patrol Episode - Cartoons for Kids,2549,42:29,7 Aug 2025,SNHStQW085Y,https://www.youtube.com/watch?v=SNHStQW085Y,
Pups Save A Dolphin Pup & MORE! | PAW Patrol FULL EPISODES | Cartoons for Kids,2051,34:11,7 Aug 2025,cOZztsFcdW4,https://www.youtube.com/watch?v=cOZztsFcdW4,
Rocky Builds a Truck Boat & MORE! - Rocky's Garage Compilation - PAW Patrol,713,11:53,7 Aug 2025,w_eOuYZ_D0o,https://www.youtube.com/watch?v=w_eOuYZ_D0o,
Tracker Rescues the Golden Chicken | PAW Patrol: To The Rescue | Cartoons for Kids,159,2:39,7 Aug 2025,kg8C16NnGK4,https://www.youtube.com/watch?v=kg8C16NnGK4,
Adventure Bay Parade Day! - PAW Patrol Episode - Cartoons for Kids,2178,36:18,7 Aug 2025,dgFQp-U2Iw0,https://www.youtube.com/watch?v=dgFQp-U2Iw0,
Humdinger the Gem Hunter | PAW Patrol | Toy Play for Kids,250,4:10,7 Aug 2025,GdhTh-4NKMk,https://www.youtube.com/watch?v=GdhTh-4NKMk,
Bedtime! 😴 - PAW Patrol Episode - Cartoons for Kids,111,1:51,7 Aug 2025,-NR-2gQoIys,https://www.youtube.com/watch?v=-NR-2gQoIys,
The Pups Explore a Cave! - PAW Patrol Episode - Cartoons for Kids,2178,36:18,7 Aug 2025,ycSZCCJDWzg,https://www.youtube.com/watch?v=ycSZCCJDWzg,
Yoga Goats! 🐐 - PAW Patrol Episode - Cartoons for Kids,109,1:49,7 Aug 2025,xri8jWz0XDA,https://www.youtube.com/watch?v=xri8jWz0XDA,
Dad and Daughter on a Mission | PAW Patrol to the Rescue,31,0:31,7 Aug 2025,-rQ_xZsP_6k,https://www.youtube.com/watch?v=-rQ_xZsP_6k,
Marshall Gets Tangled Up! - PAW Patrol Episode - Cartoons for Kids,2178,36:18,7 Aug 2025,XWaqLobq_lY,https://www.youtube.com/watch?v=XWaqLobq_lY,
How to Play with Room Patrol Chase | Paw Patrol | Toys for Kids,98,1:38,7 Aug 2025,wHOG4lgAHOo,https://www.youtube.com/watch?v=wHOG4lgAHOo,
Pups Save A Walrus & MORE! | PAW Patrol FULL EPISODES | Cartoons for Kids,2052,34:12,7 Aug 2025,cS-BGJ9E8XA,https://www.youtube.com/watch?v=cS-BGJ9E8XA,
Humdinger Escapes the Nest! 🪺 - PAW Patrol Episode - Cartoons for Kids,2810,46:50,7 Aug 2025,xT64V8OTPoU,https://www.youtube.com/watch?v=xT64V8OTPoU,
Rocky Fixes Marshall's Siren & MORE! - Rocky's Garage Compilation - PAW Patrol,1147,19:07,7 Aug 2025,r2g6S5ZJfas,https://www.youtube.com/watch?v=r2g6S5ZJfas,
Everest Pulls Some Strings! 🎸 - PAW Patrol Episode - Cartoons for Kids,119,1:59,7 Aug 2025,nwhpesVqBWA,https://www.youtube.com/watch?v=nwhpesVqBWA,
How to Play with Chase RC Action Cruiser | PAW Patrol | Toys for Kids,49,0:49,7 Aug 2025,Vin5nYtOF3c,https://www.youtube.com/watch?v=Vin5nYtOF3c,
Learn About Safety 🚧 with PAW Patrol | Educational Videos for Toddlers & Preschoolers!,163,2:43,7 Aug 2025,e3Gk0cXqY5Q,https://www.youtube.com/watch?v=e3Gk0cXqY5Q,
Tea Party with the Pups! ☕ - PAW Patrol Episode - Cartoons for Kids,2810,46:50,7 Aug 2025,US8GorYkm1c,https://www.youtube.com/watch?v=US8GorYkm1c,
How to Be a Good Community Member | Learn with PAW Patrol | Videos for Toddlers,133,2:13,7 Aug 2025,8RDZV5fdE7M,https://www.youtube.com/watch?v=8RDZV5fdE7M,
Don’t Touch! | PAW Patrol to the Rescue,16,0:16,7 Aug 2025,YatiRiicpcc,https://www.youtube.com/watch?v=YatiRiicpcc,
Get Ready For a Magic Show! 🪄 - PAW Patrol Episode - Cartoons for Kids,2810,46:50,7 Aug 2025,2IGaLV-CPlc,https://www.youtube.com/watch?v=2IGaLV-CPlc,
Zuma's Octopus Rescue | PAW Patrol: To The Rescue | Cartoons for Kids,155,2:35,7 Aug 2025,vHbVXS5yqSc,https://www.youtube.com/watch?v=vHbVXS5yqSc,
Rocky Fixes Liberty's Headlights & MORE! - Rocky's Garage Compilation - PAW Patrol,1279,21:19,7 Aug 2025,_jWLP17zWtM,https://www.youtube.com/watch?v=_jWLP17zWtM,
Ostrich Rescue! - PAW Patrol Episode - Cartoons for Kids,119,1:59,7 Aug 2025,gDE_D8WHr2w,https://www.youtube.com/watch?v=gDE_D8WHr2w,
On Holiday with the Pups! - PAW Patrol Episode - Cartoons for Kids,112,1:52,7 Aug 2025,KaY7hK79GhM,https://www.youtube.com/watch?v=KaY7hK79GhM,
Pup Racers! 🏎️ - PAW Patrol Episode - Cartoons for Kids,1606,26:46,7 Aug 2025,sQ_ZxY6wEv4,https://www.youtube.com/watch?v=sQ_ZxY6wEv4,
The Pirate Ghost! 🏴‍☠️ - PAW Patrol Episode - Cartoons for Kids,1494,24:54,7 Aug 2025,6EhGmY4rM2w,https://www.youtube.com/watch?v=6EhGmY4rM2w,
How To Be a Good Friend 🐾 with PAW Patrol | Educational Videos for Toddlers,206,3:26,7 Aug 2025,TG2OfK9Xgy0,https://www.youtube.com/watch?v=TG2OfK9Xgy0,
Learning Emotions with PAW Patrol! | Learning Videos for Toddlers & Preschoolers,154,2:34,7 Aug 2025,I6HCe2RIj6s,https://www.youtube.com/watch?v=I6HCe2RIj6s,
Pup Presentation! - PAW Patrol Episode - Cartoons for Kids,1494,24:54,7 Aug 2025,8joI8RsnMUY,https://www.youtube.com/watch?v=8joI8RsnMUY,
Pups Get A Rubble + Pups and the Pirate Treasure | PAW Patrol DOUBLE EPISODE | Cartoons for Kids,2052,34:12,7 Aug 2025,QqOIJZvn-aU,https://www.youtube.com/watch?v=QqOIJZvn-aU,
The A-maze-ing Daring Danny X | PAW Patrol | Toy Play for Kids,234,3:54,7 Aug 2025,am0rDza6H4Y,https://www.youtube.com/watch?v=am0rDza6H4Y,
Liberty and the Water Geysers | PAW Patrol: To The Rescue | Cartoons for Kids,151,2:31,7 Aug 2025,_LJKNmh1eNM,https://www.youtube.com/watch?v=_LJKNmh1eNM,
Abracadabra! - PAW Patrol Episode - Cartoons for Kids,3419,56:59,7 Aug 2025,VTi4hNKSkTw,https://www.youtube.com/watch?v=VTi4hNKSkTw,
Rocky Paints Skye's Chopper & MORE! - Rocky's Garage Compilation - PAW Patrol,716,11:56,7 Aug 2025,HRbthTAzxLk,https://www.youtube.com/watch?v=HRbthTAzxLk,
Skye's Rockslide Rescue | PAW Patrol | Toy Play for Kids,198,3:18,7 Aug 2025,efPKPEf6JKU,https://www.youtube.com/watch?v=efPKPEf6JKU,
Monkey Business! - PAW Patrol Episode - Cartoons for Kids,118,1:58,7 Aug 2025,HSEWXx3hRjM,https://www.youtube.com/watch?v=HSEWXx3hRjM,
Marshall Meets a SCARY Polar Bear! -  PAW Patrol Episode - Cartoons for Kids,2308,38:28,7 Aug 2025,ll1oGHnQ-Wc,https://www.youtube.com/watch?v=ll1oGHnQ-Wc,
Mountain Climbers! - PAW Patrol Episode - Cartoons for Kids,113,1:53,7 Aug 2025,iM0Ue7OX88g,https://www.youtube.com/watch?v=iM0Ue7OX88g,
Learning Shapes at the Beach with PAW Patrol! | Learning Videos for Toddlers,238,3:58,7 Aug 2025,TfMQrKcQoJc,https://www.youtube.com/watch?v=TfMQrKcQoJc,
The Best Animal Rescues! - PAW Patrol Episode - Cartoons for Kids,1829,30:29,7 Aug 2025,Lmwar-zAUhs,https://www.youtube.com/watch?v=Lmwar-zAUhs,
Chase is Out Of This World! | PAW Patrol FULL EPISODES | Cartoons for Kids,1968,32:48,7 Aug 2025,itjZdCX6Qsg,https://www.youtube.com/watch?v=itjZdCX6Qsg,
The Pups Save the Muddy Farmers | PAW Patrol | Toy Play for Kids,227,3:47,7 Aug 2025,Tq02k7MN-5c,https://www.youtube.com/watch?v=Tq02k7MN-5c,
Rocky Upgrades Liberty's Scooter Seat & MORE! - Rocky's Garage Compilation - PAW Patrol,1172,19:32,7 Aug 2025,DB7YN6sBl9U,https://www.youtube.com/watch?v=DB7YN6sBl9U,
Rubble and the Runaway Birthday Cake | PAW Patrol: To The Rescue | Cartoons for Kids,169,2:49,7 Aug 2025,EVyLBV0uJZs,https://www.youtube.com/watch?v=EVyLBV0uJZs,
MORE Animal Rescues! - PAW Patrol Episode - Cartoons for Kids,1829,30:29,7 Aug 2025,0Klq22B-lU8,https://www.youtube.com/watch?v=0Klq22B-lU8,
Free Flight for Chickaletta! - PAW Patrol Episode - Cartoons for Kids,108,1:48,7 Aug 2025,Ho-oergn9IY,https://www.youtube.com/watch?v=Ho-oergn9IY,
Boomer's Epic Skatepark | PAW Patrol | Toy Play for Kids,216,3:36,7 Aug 2025,CdFOux2rsKg,https://www.youtube.com/watch?v=CdFOux2rsKg,
Buzz Buzz! 🐝 - PAW Patrol Episode - Cartoons for Kids,113,1:53,7 Aug 2025,dHNgrJhhHGk,https://www.youtube.com/watch?v=dHNgrJhhHGk,
Animal Rescues! - PAW Patrol Episode - Cartoons for Kids,1829,30:29,7 Aug 2025,YgJofBm8CrM,https://www.youtube.com/watch?v=YgJofBm8CrM,
The Cat-Pack Stop a Rocket! - PAW Patrol Episode - Cartoons for Kids Compilation,3850,1:04:10,7 Aug 2025,sjjDu8gi9Mc,https://www.youtube.com/watch?v=sjjDu8gi9Mc,
"Penguins, Dolphins and Space Aliens! | PAW Patrol Full Episodes | Cartoons for Kids",1968,32:48,7 Aug 2025,OMOLCPxTZVk,https://www.youtube.com/watch?v=OMOLCPxTZVk,
Hootie's Fire Fiasco | PAW Patrol | Toy Play for Kids,240,4:00,7 Aug 2025,4NEOODKxnPE,https://www.youtube.com/watch?v=4NEOODKxnPE,
Underwater Rescue! - PAW Patrol Episode - Cartoons for Kids,3154,52:34,7 Aug 2025,VAAGSrT__QU,https://www.youtube.com/watch?v=VAAGSrT__QU,
Rocky Fixes Everest's Hook & MORE! - Rocky's Garage Compilation - PAW Patrol,1172,19:32,7 Aug 2025,Om_0rUO7Z1g,https://www.youtube.com/watch?v=Om_0rUO7Z1g,
Flying with the Birds! - PAW Patrol Episode - Cartoons for Kids,113,1:53,7 Aug 2025,_-VvHPQQN8s,https://www.youtube.com/watch?v=_-VvHPQQN8s,
Boomer's Fireworks Frenzy | PAW Patrol | Toy Play for Kids,271,4:31,7 Aug 2025,eiEeDYC4YX0,https://www.youtube.com/watch?v=eiEeDYC4YX0,
What's wrong with Bettina?! - PAW Patrol Episode - Cartoons for Kids,119,1:59,7 Aug 2025,eHAII7XcCig,https://www.youtube.com/watch?v=eHAII7XcCig,
Narwhal Rescue! - PAW Patrol Episode - Cartoons for Kids,3426,57:06,7 Aug 2025,yjawNLRtrm4,https://www.youtube.com/watch?v=yjawNLRtrm4,
Flower Power! - PAW Patrol 3-HOUR Compilation - Cartoons for Kids,11647,3:14:07,7 Aug 2025,WunYa8NQJps,https://www.youtube.com/watch?v=WunYa8NQJps,
Roxie Rescues Cali | PAW Patrol | Toy Play for Kids,262,4:22,7 Aug 2025,NLx8QR0K-j0,https://www.youtube.com/watch?v=NLx8QR0K-j0,
Marshall's Laser Beams! - PAW Patrol Episode - Cartoons for Kids,3401,56:41,7 Aug 2025,T9jGZFt5HAo,https://www.youtube.com/watch?v=T9jGZFt5HAo,
Skye's Grabber & MORE! - Rocky's Garage Compilation - PAW Patrol,1173,19:33,7 Aug 2025,5kqmn2TvZSs,https://www.youtube.com/watch?v=5kqmn2TvZSs,
Daring Danny's Wreckless Racing | PAW Patrol | Toy Play for Kids,248,4:08,7 Aug 2025,SjASMUhpc6k,https://www.youtube.com/watch?v=SjASMUhpc6k,
The Hidden Jungle! - PAW Patrol Episode - Cartoons for Kids,114,1:54,7 Aug 2025,GryMMdvHvRM,https://www.youtube.com/watch?v=GryMMdvHvRM,
Jungle Explorer! - PAW Patrol Episode - Cartoons for Kids,111,1:51,7 Aug 2025,TewcNISaboY,https://www.youtube.com/watch?v=TewcNISaboY,
Ice Rescues! - PAW Patrol Episode - Cartoons for Kids,3401,56:41,7 Aug 2025,a-3pP8_QPtQ,https://www.youtube.com/watch?v=a-3pP8_QPtQ,
Ryder and Friends To the Rescue! - PAW Patrol Episode - Cartoons for Kids,2286,38:06,7 Aug 2025,6YqK3aGHsrw,https://www.youtube.com/watch?v=6YqK3aGHsrw,
Cap’n Turbot on Thin Ice | PAW Patrol | Toy Play for Kids,238,3:58,7 Aug 2025,6y8QlXNormU,https://www.youtube.com/watch?v=6y8QlXNormU,
A Surprise for Marshall! - PAW Patrol Episode - Cartoons for Kids,2286,38:06,7 Aug 2025,qZ3B4y_nOAc,https://www.youtube.com/watch?v=qZ3B4y_nOAc,
Rocky Fixes Chase's Drone & MORE! - Rocky's Garage Compilation - PAW Patrol,1179,19:39,7 Aug 2025,MWYzBP2akNo,https://www.youtube.com/watch?v=MWYzBP2akNo,
Danny’s Obstacle Course Disaster | PAW Patrol | Toy Play for Kids,230,3:50,7 Aug 2025,oOnoBBcYyMU,https://www.youtube.com/watch?v=oOnoBBcYyMU,
Sleepy goats! - PAW Patrol Episode - Cartoons for Kids,109,1:49,7 Aug 2025,D-yk1guzd-4,https://www.youtube.com/watch?v=D-yk1guzd-4,
Spring Cleaning! - PAW Patrol Episode - Cartoons for Kids,2286,38:06,7 Aug 2025,oTp0nmOD3Gw,https://www.youtube.com/watch?v=oTp0nmOD3Gw,
Mountain climbers! - PAW Patrol Episode - Cartoons for Kids,113,1:53,7 Aug 2025,1gdJ2EL3uHA,https://www.youtube.com/watch?v=1gdJ2EL3uHA,
Mayor Humdinger gets sporty! 🏒- PAW Patrol Episode - Cartoons for Kids,5739,1:35:39,7 Aug 2025,9vTwQIHWJv8,https://www.youtube.com/watch?v=9vTwQIHWJv8,
Pups Save a Sinking Ship! - PAW Patrol Compilation - Cartoons for Kids,2170,36:10,7 Aug 2025,mRLE8wFNk4c,https://www.youtube.com/watch?v=mRLE8wFNk4c,
Robo Dog! - PAW Patrol Episode - Cartoons for Kids Compilation,3087,51:27,7 Aug 2025,hrOIzjikhW8,https://www.youtube.com/watch?v=hrOIzjikhW8,
Monster Truck Masterpiece | PAW Patrol | Toy Play for Kids,260,4:20,7 Aug 2025,52BJwmTZAK8,https://www.youtube.com/watch?v=52BJwmTZAK8,
Giant Farming Robot! - PAW Patrol Cartoons for Kids Compilation,3419,56:59,7 Aug 2025,npA8ma0OM9g,https://www.youtube.com/watch?v=npA8ma0OM9g,
Giant Ants! - PAW Patrol Episode - Cartoons for Kids Compilation,2270,37:50,7 Aug 2025,DrxV0G5Grug,https://www.youtube.com/watch?v=DrxV0G5Grug,
Pups Save a Space Alien | PAW Patrol Full Episode | Cartoons for Kids,731,12:11,7 Aug 2025,PkwwTMdAQqM,https://www.youtube.com/watch?v=PkwwTMdAQqM,
A Royal Welcome! - PAW Patrol Episode - Cartoons for Kids Compilation,2163,36:03,7 Aug 2025,M9VlTbg1Jvw,https://www.youtube.com/watch?v=M9VlTbg1Jvw,
Flying Monkey Rescue! - PAW Patrol Compilation - Cartoons for Kids,2212,36:52,7 Aug 2025,G6tZ6q2eC5M,https://www.youtube.com/watch?v=G6tZ6q2eC5M,
Pups Epic Boulder Races | PAW Patrol | Toy Play for Kids,280,4:40,7 Aug 2025,8sN3bACKdWY,https://www.youtube.com/watch?v=8sN3bACKdWY,
Mountain Rescuer! - PAW Patrol Episode - Cartoons for Kids Compilation,2163,36:03,7 Aug 2025,NlsPiiKPcWk,https://www.youtube.com/watch?v=NlsPiiKPcWk,
Fearless Flyer! - PAW Patrol Episode - Cartoons for Kids Compilation,2163,36:03,7 Aug 2025,uXGdDrMScc0,https://www.youtube.com/watch?v=uXGdDrMScc0,
Pups Save a Dolphin Pup | PAW Patrol Full Episode | Cartoons for Kids,731,12:11,7 Aug 2025,GlJJRBvbvl0,https://www.youtube.com/watch?v=GlJJRBvbvl0,
Pups Fix the Broken Train Tracks | PAW Patrol | Toy Play for Kids,248,4:08,7 Aug 2025,Mbk-SFQ42Mo,https://www.youtube.com/watch?v=Mbk-SFQ42Mo,
Rubble Rescues! - PAW Patrol Episode - Cartoons for Kids Compilation,3198,53:18,7 Aug 2025,yEMNz4WesJU,https://www.youtube.com/watch?v=yEMNz4WesJU,
Everest's Mountain Rescue! - PAW Patrol Compilation - Cartoons for Kids,2139,35:39,7 Aug 2025,dYcmQeziuyc,https://www.youtube.com/watch?v=dYcmQeziuyc,
Pups Save a Water Park | PAW Patrol | Toy Play for Kids,281,4:41,7 Aug 2025,MKlDwUV4WHQ,https://www.youtube.com/watch?v=MKlDwUV4WHQ,
Marshall Gets Stuck in Snow! - PAW Patrol Episode - Cartoons for Kids Compilation,3198,53:18,7 Aug 2025,JlmngbnRBfk,https://www.youtube.com/watch?v=JlmngbnRBfk,
Up in the Clouds! - PAW Patrol Episode - Cartoons for Kids,1970,32:50,7 Aug 2025,3WS0AXs888k,https://www.youtube.com/watch?v=3WS0AXs888k,
Learn How To Count with  PAW Patrol | Learning Videos for Toddlers!,186,3:06,7 Aug 2025,UJ910lxDrgo,https://www.youtube.com/watch?v=UJ910lxDrgo,
Pups Save the Penguins | PAW Patrol Full Episode | Cartoons for Kids,731,12:11,7 Aug 2025,7FIDxRudCiA,https://www.youtube.com/watch?v=7FIDxRudCiA,
Chase Saves a Parachuting Alex | PAW Patrol: To The Rescue | Cartoons for Kids,142,2:22,7 Aug 2025,SDB0Ib_jKKE,https://www.youtube.com/watch?v=SDB0Ib_jKKE,
Easter with the PAW Patrol! - PAW Patrol Episode - Cartoons for Kids Compilation,1247,20:47,7 Aug 2025,NsJCqvrd-kY,https://www.youtube.com/watch?v=NsJCqvrd-kY,
Pups Save The Apple Orchard | PAW Patrol | Toy Play for Kids,306,5:06,7 Aug 2025,UoYKOKeRv_w,https://www.youtube.com/watch?v=UoYKOKeRv_w,
It's Magic! - PAW Patrol Episode - Cartoons for Kids Compilation,2329,38:49,7 Aug 2025,LhkFl9DsnMs,https://www.youtube.com/watch?v=LhkFl9DsnMs,
Zuma's Water Rescue! - PAW Patrol Episode - Cartoons for Kids Compilation,2329,38:49,7 Aug 2025,NAfrH-5gWsA,https://www.youtube.com/watch?v=NAfrH-5gWsA,
Learn All About Animals | PAW Patrol | Educational Videos with Toddlers,186,3:06,7 Aug 2025,hkpbT2mPctI,https://www.youtube.com/watch?v=hkpbT2mPctI,
Marshall and the Farm Fire | PAW Patrol: To The Rescue | Cartoons for Kids,161,2:41,7 Aug 2025,y2gFN9qMRqo,https://www.youtube.com/watch?v=y2gFN9qMRqo,
Chase Stops a Traffic Jam! - PAW Patrol Episode - Cartoons for Kids Compilation,890,14:50,7 Aug 2025,lkeXfvuANaY,https://www.youtube.com/watch?v=lkeXfvuANaY,
Pups Save a Spa Day | PAW Patrol | Toy Play for Kids,283,4:43,7 Aug 2025,sl1LdahrKzg,https://www.youtube.com/watch?v=sl1LdahrKzg,
Chase Takes Flight! - PAW Patrol Compilation - Cartoons for Kids,2193,36:33,7 Aug 2025,7QGYESq1h0s,https://www.youtube.com/watch?v=7QGYESq1h0s,
Is This the Real Mayor Humdinger?! - PAW Patrol Episode - Cartoons for Kids Compilation,1169,19:29,7 Aug 2025,AKYQTGUABlw,https://www.youtube.com/watch?v=AKYQTGUABlw,
Cats vs Dogs! - PAW Patrol Episode - Cartoons for Kids Compilation,890,14:50,7 Aug 2025,SbiQZ-jMUyc,https://www.youtube.com/watch?v=SbiQZ-jMUyc,
Learn Colors with the PAW Patrol Pups | Educational Videos for Preschoolers!,185,3:05,7 Aug 2025,_eRbfIPhtfM,https://www.youtube.com/watch?v=_eRbfIPhtfM,
Wacky Water Skiers! - PAW Patrol Episode - Cartoons for Kids,119,1:59,7 Aug 2025,uObtfHh0f2s,https://www.youtube.com/watch?v=uObtfHh0f2s,
Skye Stops the Rocket Wheel | PAW Patrol: To The Rescue | Cartoons for Kids,156,2:36,7 Aug 2025,rfEaUx9C-CA,https://www.youtube.com/watch?v=rfEaUx9C-CA,
Mum's the Word! - PAW Patrol Episode - Cartoons for Kids Compilation,3401,56:41,7 Aug 2025,06GzDQqToMs,https://www.youtube.com/watch?v=06GzDQqToMs,
Enjoy a visit to Adventure Bay and Sweetwood! | PAW Patrol | Vida the Vet | Cartoons for Kids,1173,19:33,7 Aug 2025,N6GmYmaqWFM,https://www.youtube.com/watch?v=N6GmYmaqWFM,
The Pups Stop an Art Heist | PAW Patrol | Toy Play for Kids,271,4:31,7 Aug 2025,875ie7ggnBo,https://www.youtube.com/watch?v=875ie7ggnBo,
Rescue in the Dark! - PAW Patrol Episode - Cartoons for Kids Compilation,3401,56:41,7 Aug 2025,I_npeuGudMs,https://www.youtube.com/watch?v=I_npeuGudMs,
Mighty Pups Save the World! - PAW Patrol - Cartoons for Kids,3648,1:00:48,7 Aug 2025,UTfKsRKysxw,https://www.youtube.com/watch?v=UTfKsRKysxw,
Learn Your ABCs with PAW Patrol | Learning Videos for Preschoolers!,159,2:39,7 Aug 2025,qjgkUveD_Ck,https://www.youtube.com/watch?v=qjgkUveD_Ck,
Pups and the Pirate Treasure | PAW Patrol Full Episode | Cartoons for Kids,1393,23:13,7 Aug 2025,hc4hH7JMV_g,https://www.youtube.com/watch?v=hc4hH7JMV_g,
Skye Rescues the Rooster | PAW Patrol: To The Rescue | Cartoons for Kids,162,2:42,7 Aug 2025,rNql3mzlzc8,https://www.youtube.com/watch?v=rNql3mzlzc8,
A New Enemy! - PAW Patrol - Cartoons for Kids,2946,49:06,7 Aug 2025,nVo5HdQ4FJo,https://www.youtube.com/watch?v=nVo5HdQ4FJo,
Uncle Otis' Rolling Rescue | PAW Patrol | Toy Play for Kids,237,3:57,7 Aug 2025,BTdUmcN-s0U,https://www.youtube.com/watch?v=BTdUmcN-s0U,
Rescue Wheels: Pups vs. The Monster Truck Mayor! - PAW Patrol Episode - Cartoons for Kids,121,2:01,7 Aug 2025,PhDG7jyBols,https://www.youtube.com/watch?v=PhDG7jyBols,
Pups Save the Cheese Goat! - PAW Patrol Episode - Cartoons for Kids,121,2:01,7 Aug 2025,F9eYaAYy1E0,https://www.youtube.com/watch?v=F9eYaAYy1E0,
An Udderly Amazing Rescue! - PAW Patrol Episode - Cartoons for Kids Compilation,3007,50:07,7 Aug 2025,cbZho7BFfg4,https://www.youtube.com/watch?v=cbZho7BFfg4,
Learn NEW WORDS with Skye | PAW Patrol | Learning Videos for Preschoolers,196,3:16,7 Aug 2025,2-I9vZapTsE,https://www.youtube.com/watch?v=2-I9vZapTsE,
Chase Saves the Missing Chicken | PAW Patrol: To The Rescue | Cartoons for Kids,121,2:01,7 Aug 2025,xTTM5gX93Og,https://www.youtube.com/watch?v=xTTM5gX93Og,
Jurassic Pups!  - PAW Patrol - Cartoons for Kids,3621,1:00:21,7 Aug 2025,VnjEMox33_U,https://www.youtube.com/watch?v=VnjEMox33_U,
Francois' Acorn Emergency | PAW Patrol | Toy Play for Kids,260,4:20,7 Aug 2025,ZEL7mKpfvsg,https://www.youtube.com/watch?v=ZEL7mKpfvsg,
Escape the Volcano!  - PAW Patrol - Cartoons for Kids,3705,1:01:45,7 Aug 2025,VEJ90JkOzck,https://www.youtube.com/watch?v=VEJ90JkOzck,
Rocky Kitty joins the Pups to rescue Humdinger! - PAW Patrol Episode - Cartoons for Kids,121,2:01,7 Aug 2025,l9HQCOtOfEY,https://www.youtube.com/watch?v=l9HQCOtOfEY,
Pups Save the Dune Buggy Racers! - PAW Patrol Episode - Cartoons for Kids,121,2:01,7 Aug 2025,ISDW4T_C1RQ,https://www.youtube.com/watch?v=ISDW4T_C1RQ,
Desert Rescue! - PAW Patrol - Cartoons for Kids,3372,56:12,7 Aug 2025,qdllxXW5tjw,https://www.youtube.com/watch?v=qdllxXW5tjw,
Skye Saves the Firework Bike | PAW Patrol: To The Rescue | Cartoons for Kids,151,2:31,7 Aug 2025,t2L577koHRg,https://www.youtube.com/watch?v=t2L577koHRg,
Return of the Ladybird! - PAW Patrol - Cartoons for Kids,2946,49:06,7 Aug 2025,3rgEyVaNWs4,https://www.youtube.com/watch?v=3rgEyVaNWs4,
Mayor Humdinger's Disaster Raft | PAW Patrol | Toy Play for Kids,314,5:14,7 Aug 2025,XkVVESnZrLo,https://www.youtube.com/watch?v=XkVVESnZrLo,
Pups Save a Runaway Robo-Chicken Purse - PAW Patrol Episode - Cartoons for Kids,121,2:01,7 Aug 2025,PgNZ8aSMBTE,https://www.youtube.com/watch?v=PgNZ8aSMBTE,
Teaming Up With Robo Dog! - PAW Patrol - Cartoons for Kids,2969,49:29,7 Aug 2025,OZeLYbsroYg,https://www.youtube.com/watch?v=OZeLYbsroYg,
Rescue Wheels: Pups Save Adventure Bay from Monster Trucks! - PAW Patrol Episode - Cartoons for Kids,121,2:01,7 Aug 2025,WqR38hJSvTA,https://www.youtube.com/watch?v=WqR38hJSvTA,
Police Pups! 🚔 - PAW Patrol - Cartoons for Kids,2937,48:57,7 Aug 2025,IVjC9K0RccQ,https://www.youtube.com/watch?v=IVjC9K0RccQ,
Moonlight Magic & More! - Skye's Music Party - PAW Patrol Compilation - Cartoons for Kids,1408,23:28,7 Aug 2025,Vrgo3fKSc7M,https://www.youtube.com/watch?v=Vrgo3fKSc7M,
Girl Power & More! - Skye's Music Party - PAW Patrol Compilation - Cartoons for Kids,3586,59:46,7 Aug 2025,_UvxOawWaNk,https://www.youtube.com/watch?v=_UvxOawWaNk,
Zuma is Scared of Heights! - PAW Patrol - Cartoons for Kids,5441,1:30:41,7 Aug 2025,4-_7f2QPjgw,https://www.youtube.com/watch?v=4-_7f2QPjgw,
Pups Save the Adventure Bay Games | PAW Patrol | Toy Play for Kids,270,4:30,7 Aug 2025,NHxIArruoc4,https://www.youtube.com/watch?v=NHxIArruoc4,
Pups Save the History of Adventure Bay! - PAW Patrol Episode - Cartoons for Kids,121,2:01,7 Aug 2025,RWggf7FlZXk,https://www.youtube.com/watch?v=RWggf7FlZXk,
Monkey Business! 🙊 - PAW Patrol - Cartoons for Kids,5441,1:30:41,7 Aug 2025,YJvozw5qxZ0,https://www.youtube.com/watch?v=YJvozw5qxZ0,
Pups Save the Talking Animals! - PAW Patrol Episode - Cartoons for Kids,121,2:01,7 Aug 2025,P7FyQZOhphc,https://www.youtube.com/watch?v=P7FyQZOhphc,
Captain Rocky! 🛳️ - PAW Patrol - Cartoons for Kids,5441,1:30:41,7 Aug 2025,g7siRGrEZZo,https://www.youtube.com/watch?v=g7siRGrEZZo,
Waddle Waddle & More! - Skye's Music Party - PAW Patrol Compilation - Cartoons for Kids,2691,44:51,7 Aug 2025,IO97zUSgiNk,https://www.youtube.com/watch?v=IO97zUSgiNk,
Upcycle Song & More! - Skye's Music Party - PAW Patrol Compilation - Cartoons for Kids,2695,44:55,7 Aug 2025,qd4_m6DguVM,https://www.youtube.com/watch?v=qd4_m6DguVM,
Cat Nap! - PAW Patrol - Cartoons for Kids,4971,1:22:51,7 Aug 2025,HDZGGrk_Lm0,https://www.youtube.com/watch?v=HDZGGrk_Lm0,
The Pups Save Cali and Chickaletta | PAW Patrol | Toy Play for Kids,252,4:12,7 Aug 2025,c17IoC_ZpY0,https://www.youtube.com/watch?v=c17IoC_ZpY0,
Pups Save a Turbot Racing Tournament - PAW Patrol Episode - Cartoons for Kids,121,2:01,7 Aug 2025,VCb-Zq9JaLU,https://www.youtube.com/watch?v=VCb-Zq9JaLU,
A Golden Sweetie! - PAW Patrol - Cartoons for Kids,5740,1:35:40,7 Aug 2025,nqKcC4qkc_k,https://www.youtube.com/watch?v=nqKcC4qkc_k,
Pups and Cats Save a new Super Hero: HumCatDingerMan! - PAW Patrol Episode - Cartoons for Kids,121,2:01,7 Aug 2025,C9RdCfCTZvw,https://www.youtube.com/watch?v=C9RdCfCTZvw,
The Pups play ice hockey! 🏒- PAW Patrol Episode - Cartoons for Kids,5740,1:35:40,7 Aug 2025,d2vJ8EOQf5U,https://www.youtube.com/watch?v=d2vJ8EOQf5U,
Rubble's Treads & More! - Rocky's Garage - PAW Patrol Compilation - Cartoons for Kids,1244,20:44,7 Aug 2025,Y6nzqFcOtyo,https://www.youtube.com/watch?v=Y6nzqFcOtyo,
Chase's Cruiser & More! - Rocky's Garage - PAW Patrol Compilation - Cartoons for Kids,1235,20:35,7 Aug 2025,ofiC-Dzv83A,https://www.youtube.com/watch?v=ofiC-Dzv83A,
Air Rescues! Part 2 - PAW Patrol - Cartoons for Kids,6371,1:46:11,7 Aug 2025,8l3sja6unM8,https://www.youtube.com/watch?v=8l3sja6unM8,
Up in the Sky! | PAW Patrol | Toy Play for Kids,234,3:54,7 Aug 2025,fAI3wdZccY4,https://www.youtube.com/watch?v=fAI3wdZccY4,
Jungle Rescue Pups Save a Capybara! - PAW Patrol Episode - Cartoons for Kids,121,2:01,7 Aug 2025,wNvdCzlXX5E,https://www.youtube.com/watch?v=wNvdCzlXX5E,
Air Rescues! - PAW Patrol - Cartoons for Kids,3368,56:08,7 Aug 2025,3aBGFII2GxY,https://www.youtube.com/watch?v=3aBGFII2GxY,
Pups put out Fires all over Adventure Bay! - PAW Patrol Episode - Cartoons for Kids,121,2:01,7 Aug 2025,_2uU5iQIQuE,https://www.youtube.com/watch?v=_2uU5iQIQuE,
Rescue Knights! - PAW Patrol - Cartoons for Kids,7634,2:07:14,7 Aug 2025,Fl8fDx5O-6s,https://www.youtube.com/watch?v=Fl8fDx5O-6s,
Falling Satellite! | PAW Patrol | Toy Play for Kids,210,3:30,7 Aug 2025,XCFBiDkVujA,https://www.youtube.com/watch?v=XCFBiDkVujA,
Animal Rescues! - PAW Patrol - Cartoons for Kids,7118,1:58:38,7 Aug 2025,ktsU8w3V100,https://www.youtube.com/watch?v=ktsU8w3V100,
Rocky Fixes the Lights & More! - Rocky's Garage - PAW Patrol Compilation - Cartoons for Kids,1213,20:13,7 Aug 2025,X3DWeNXfjNs,https://www.youtube.com/watch?v=X3DWeNXfjNs,
Daring Danny X’s Wild Windsurfing | PAW Patrol | Toy Play for Kids,259,4:19,7 Aug 2025,5-S9gYf3jNE,https://www.youtube.com/watch?v=5-S9gYf3jNE,
Pups Save an Uncle Otis Underwater! - PAW Patrol Episode - Cartoons for Kids,121,2:01,7 Aug 2025,7e3lwTjYDCo,https://www.youtube.com/watch?v=7e3lwTjYDCo,
Sea Patrol! - PAW Patrol - Cartoons for Kids,7738,2:08:58,7 Aug 2025,_MVpH_Mr38g,https://www.youtube.com/watch?v=_MVpH_Mr38g,
Pups Save the Elephant Spa! - PAW Patrol Episode - Cartoons for Kids,121,2:01,7 Aug 2025,ZMiWyd0RoXk,https://www.youtube.com/watch?v=ZMiWyd0RoXk,
Super Skye! - PAW Patrol Episode - Cartoons for Kids,7238,2:00:38,7 Aug 2025,FJYcBgJovqg,https://www.youtube.com/watch?v=FJYcBgJovqg,
Helicopter Rescue! | PAW Patrol | Toy Play Episode for Kids,194,3:14,7 Aug 2025,zdAzjksyNZg,https://www.youtube.com/watch?v=zdAzjksyNZg,
Sand Sculpture! - PAW Patrol Episode - Cartoons for Kids,1970,32:50,7 Aug 2025,lY5_XYaJLS8,https://www.youtube.com/watch?v=lY5_XYaJLS8,
Tracker's Jungle Cruiser & More! - Rocky's Garage - PAW Patrol Compilation - Cartoons for Kids,1217,20:17,7 Aug 2025,j-TRA8QVDYE,https://www.youtube.com/watch?v=j-TRA8QVDYE,
Marshall Stops a Fire at the Food Festival | PAW Patrol | Toy Play for Kids,256,4:16,7 Aug 2025,Be_ogPpvvY0,https://www.youtube.com/watch?v=Be_ogPpvvY0,
Pups Save Little Grandpa and Mr. Alex - PAW Patrol Episode - Cartoons for Kids,121,2:01,7 Aug 2025,SKcXRzIt1io,https://www.youtube.com/watch?v=SKcXRzIt1io,
Rubble in outer space! - PAW Patrol Episode - Cartoons for Kids Compilation,3941,1:05:41,7 Aug 2025,UtGmBSoGKJ8,https://www.youtube.com/watch?v=UtGmBSoGKJ8,
Pups Save a Disappearing Flounder! - PAW Patrol Episode - Cartoons for Kids,121,2:01,7 Aug 2025,GsZ5670snzc,https://www.youtube.com/watch?v=GsZ5670snzc,
Pilot Humdinger! - PAW Patrol Episode - Cartoons for Kids,1971,32:51,7 Aug 2025,2PjvMEuwCrE,https://www.youtube.com/watch?v=2PjvMEuwCrE,
Pups Take to the Stage! - PAW Patrol Episode - Cartoons for Kids,3709,1:01:49,7 Aug 2025,hXBn7M6xHXk,https://www.youtube.com/watch?v=hXBn7M6xHXk,
Skye's Starter & More! - Rocky's Garage - PAW Patrol Compilation - Cartoons for Kids,1203,20:03,7 Aug 2025,X7n_5KZoHfY,https://www.youtube.com/watch?v=X7n_5KZoHfY,
Skye's Grabber & More! - Rocky's Garage - PAW Patrol Compilation - Cartoons for Kids,1223,20:23,7 Aug 2025,GoETbH3C_2o,https://www.youtube.com/watch?v=GoETbH3C_2o,
High Flying Skye! - PAW Patrol Episode - Cartoons for Kids,3421,57:01,7 Aug 2025,uW5Fue32TnE,https://www.youtube.com/watch?v=uW5Fue32TnE,
Humdinger Bottom! - PAW Patrol Toy Play Episode for Kids,233,3:53,7 Aug 2025,DzeF6fZBLOk,https://www.youtube.com/watch?v=DzeF6fZBLOk,
Mighty Pups Stop the Mighty Hiccups! - PAW Patrol Episode - Cartoons for Kids,121,2:01,7 Aug 2025,Wd2UQHQs3TQ,https://www.youtube.com/watch?v=Wd2UQHQs3TQ,
Mighty Pups Stop the Mighty Queen Sweetie! - PAW Patrol Episode - Cartoons for Kids,121,2:01,7 Aug 2025,ZEuI_UKyE1E,https://www.youtube.com/watch?v=ZEuI_UKyE1E,
Flamingo Dancer! 🦩 - PAW Patrol Episode - Cartoons for Kids,3859,1:04:19,7 Aug 2025,X3IFG4kbhys,https://www.youtube.com/watch?v=X3IFG4kbhys,
Big Hairy's Brand New Toy! - PAW Patrol Episode - Cartoons for Kids,3667,1:01:07,7 Aug 2025,Es4FevYzaIU,https://www.youtube.com/watch?v=Es4FevYzaIU,
Chase's Megaphone & More! - Rocky's Garage - PAW Patrol Compilation - Cartoons for Kids,1239,20:39,7 Aug 2025,D6yq_3hyTMk,https://www.youtube.com/watch?v=D6yq_3hyTMk,
An Elephant Never Forgets! 🐘 - PAW Patrol Episode - Cartoons for Kids,3645,1:00:45,7 Aug 2025,hD6Y9Lb3Zwc,https://www.youtube.com/watch?v=hD6Y9Lb3Zwc,
Chase's Lights & More! - Rocky's Garage - PAW Patrol Compilation - Cartoons for Kids,1322,22:02,7 Aug 2025,yNaIZn7cYTE,https://www.youtube.com/watch?v=yNaIZn7cYTE,
A Runaway Rocket! - PAW Patrol Episode - Cartoons for Kids Compilation,3851,1:04:11,7 Aug 2025,Kgz-wXW2LrI,https://www.youtube.com/watch?v=Kgz-wXW2LrI,
Park Fun Day! - PAW Patrol Toy Play Episode for Kids,264,4:24,7 Aug 2025,re2KghJ-a3U,https://www.youtube.com/watch?v=re2KghJ-a3U,
Mighty Pups vs. The Mighty Cheetah! - PAW Patrol Episode - Cartoons for Kids,121,2:01,7 Aug 2025,bS98spgQXw8,https://www.youtube.com/watch?v=bS98spgQXw8,
Rubble in outer space! - PAW Patrol Episode - Cartoons for Kids Compilation,4057,1:07:37,7 Aug 2025,LBQK1oilT2A,https://www.youtube.com/watch?v=LBQK1oilT2A,
Mighty Pups vs. Harold and his Freeze Ray! - PAW Patrol Episode - Cartoons for Kids,121,2:01,7 Aug 2025,-Uh5jb0zrCs,https://www.youtube.com/watch?v=-Uh5jb0zrCs,
Chickaletta is trapped in the Jungle! Can Chase rescue her? - PAW Patrol Episode - Cartoons for Kids,3824,1:03:44,7 Aug 2025,Os4fRf8yUv4,https://www.youtube.com/watch?v=Os4fRf8yUv4,
Marshall's Hose & More! - Rocky's Garage - PAW Patrol Compilation - Cartoons for Kids,1268,21:08,7 Aug 2025,VhDZQQjbZFM,https://www.youtube.com/watch?v=VhDZQQjbZFM,
Moto Pups' Best Bits! - PAW Patrol Episode - Cartoons for Kids Compilation,3051,50:51,7 Aug 2025,kJjrYnk9GaM,https://www.youtube.com/watch?v=kJjrYnk9GaM,
Everest's Grappling Hook & More! - Rocky's Garage - PAW Patrol Compilation - Cartoons for Kids,1219,20:19,7 Aug 2025,VT1i5Sw-hoI,https://www.youtube.com/watch?v=VT1i5Sw-hoI,
Overboard Cargo! - PAW Patrol Toy Play Episode for Kids,197,3:17,7 Aug 2025,RNDmm0nV-Lw,https://www.youtube.com/watch?v=RNDmm0nV-Lw,
Moto Pups to the Rescue! - PAW Patrol Episode - Cartoons for Kids Compilation,3034,50:34,7 Aug 2025,3bASEL6av0g,https://www.youtube.com/watch?v=3bASEL6av0g,
Pups Save Luke and his Look-Alike - PAW Patrol Episode - Cartoons for Kids,121,2:01,7 Aug 2025,dYSo5GHYvas,https://www.youtube.com/watch?v=dYSo5GHYvas,
Rubble and Everest Save a Baby Caribou - PAW Patrol Episode - Cartoons for Kids,121,2:01,7 Aug 2025,_Fa1gbCmS0w,https://www.youtube.com/watch?v=_Fa1gbCmS0w,
Yummy Honey! - PAW Patrol Episode - Cartoons for Kids Compilation,3071,51:11,7 Aug 2025,iwOsHcFmJII,https://www.youtube.com/watch?v=iwOsHcFmJII,
Pup Squad Adventure Bay Airport How-To Play | PAW Patrol | Toys for Kids,103,1:43,7 Aug 2025,V5bfufzdDUk,https://www.youtube.com/watch?v=V5bfufzdDUk,
Stopping An Asteroid & More! - Rocky's Garage - PAW Patrol Compilation - Cartoons for Kids,1269,21:09,7 Aug 2025,-KYWR4U3HxA,https://www.youtube.com/watch?v=-KYWR4U3HxA,
Rubble's Scoop & More! - Rocky's Garage - PAW Patrol Compilation - Cartoons for Kids,1247,20:47,7 Aug 2025,f0dtI5ieLqA,https://www.youtube.com/watch?v=f0dtI5ieLqA,
"Hair Today, Gone Tomorrow! - PAW Patrol Episode - Cartoons for Kids Compilation",3474,57:54,7 Aug 2025,QvOO0k7mNyE,https://www.youtube.com/watch?v=QvOO0k7mNyE,
Kitty Crew Zoo! - PAW Patrol Toy Play Episode for Kids,206,3:26,7 Aug 2025,UjwaRBXQNgs,https://www.youtube.com/watch?v=UjwaRBXQNgs,
Pups Save the Hockey Game! - PAW Patrol Episode - Cartoons for Kids,121,2:01,7 Aug 2025,K9ypX4T-l_E,https://www.youtube.com/watch?v=K9ypX4T-l_E,
Mayor Humdinger is Trapped on a Rock! - PAW Patrol Episode - Cartoons for Kids Compilation,4022,1:07:02,7 Aug 2025,8X-xhwmJGEk,https://www.youtube.com/watch?v=8X-xhwmJGEk,
Pups Stop the Falling Space Junk! - PAW Patrol Episode - Cartoons for Kids,121,2:01,7 Aug 2025,Wd7cJKyX56E,https://www.youtube.com/watch?v=Wd7cJKyX56E,
Tower of Pizza! - PAW Patrol Episode - Cartoons for Kids Compilation,4029,1:07:09,7 Aug 2025,88Xaib5lvi4,https://www.youtube.com/watch?v=88Xaib5lvi4,
Recycling Boat Float & More! - Rocky's Garage - PAW Patrol Compilation - Cartoons for Kids,1227,20:27,7 Aug 2025,JlW4B-tMBuY,https://www.youtube.com/watch?v=JlW4B-tMBuY,
Rubble Stops a Landslide! - PAW Patrol Episode - Cartoons for Kids Compilation,4008,1:06:48,7 Aug 2025,gDaurxWu_uI,https://www.youtube.com/watch?v=gDaurxWu_uI,
Giant Space Meteors & More! - Rocky's Garage - PAW Patrol Compilation -Cartoons for Kids,1269,21:09,7 Aug 2025,6iPqjCf3LI8,https://www.youtube.com/watch?v=6iPqjCf3LI8,
Ramp it Up! - PAW Patrol Toy Play Episode for Kids,237,3:57,7 Aug 2025,s6nN8wjHwus,https://www.youtube.com/watch?v=s6nN8wjHwus,
Mighty Pups vs. The Mayor of the Universe! - PAW Patrol Episode - Cartoons for Kids,121,2:01,7 Aug 2025,5z5Rcsr5C_A,https://www.youtube.com/watch?v=5z5Rcsr5C_A,
Rubble Is Out Of This World! - PAW Patrol Episode - Cartoons for Kids Compilation,4057,1:07:37,7 Aug 2025,6Ia3e55L5D0,https://www.youtube.com/watch?v=6Ia3e55L5D0,
Pups Clear the Foggy Skies! - PAW Patrol Episode - Cartoons for Kids,121,2:01,7 Aug 2025,C9Zjp5N48aM,https://www.youtube.com/watch?v=C9Zjp5N48aM,
Pups Ride the Waves! - PAW Patrol Episode - Cartoons for Kids Compilation,3476,57:56,7 Aug 2025,nruDoxbkryQ,https://www.youtube.com/watch?v=nruDoxbkryQ,
Humdinger at the Rodeo! - PAW Patrol Episode - Cartoons for Kids Compilation,3496,58:16,7 Aug 2025,Gi2xG4_izPc,https://www.youtube.com/watch?v=Gi2xG4_izPc,
Pups Save Humdinger's Kitty in a Piñata! - PAW Patrol Episode - Cartoons for Kids,121,2:01,7 Aug 2025,sWayI8VtYBE,https://www.youtube.com/watch?v=sWayI8VtYBE,
Meteor Strike! - PAW Patrol Toy Play Episode for Kids,211,3:31,7 Aug 2025,FycsKeW1Cx4,https://www.youtube.com/watch?v=FycsKeW1Cx4,
Pups Stop the Giant Cuckoo Bird! - PAW Patrol Episode - Cartoons for Kids,121,2:01,7 Aug 2025,IhGPzhLByds,https://www.youtube.com/watch?v=IhGPzhLByds,
Snow Rescue! - PAW Patrol Episode - Cartoons for Kids Compilation,3034,50:34,7 Aug 2025,98k6-Ii5U-w,https://www.youtube.com/watch?v=98k6-Ii5U-w,
Pawprints in the Snow! - PAW Patrol Episode - Cartoons for Kids Compilation,3034,50:34,7 Aug 2025,2oFhlFaRiFY,https://www.youtube.com/watch?v=2oFhlFaRiFY,
Show Off Your Best Costume - Skye's Music Party - PAW Patrol Music Cartoons for Kids,128,2:08,7 Aug 2025,thnnZQ00zD8,https://www.youtube.com/watch?v=thnnZQ00zD8,
The Great Christmas Rescue | PAW Patrol Story Time,679,11:19,7 Aug 2025,bkPm0lw32cM,https://www.youtube.com/watch?v=bkPm0lw32cM,
Junior Patrol! No Job is Too Small! - Skye's Music Party - PAW Patrol Music Cartoons for Kids,131,2:11,7 Aug 2025,nJOX1LxnKps,https://www.youtube.com/watch?v=nJOX1LxnKps,
Chase and Rocky help save the Holidays and more! - PAW Patrol Episode Cartoons for Kids Compilation,4025,1:07:05,7 Aug 2025,v8aAClzTmoQ,https://www.youtube.com/watch?v=v8aAClzTmoQ,
Spring Time Bunny Hop Song - Skye's Music Party - PAW Patrol Music Cartoons for Kids,130,2:10,7 Aug 2025,-xjPwAvDTDQ,https://www.youtube.com/watch?v=-xjPwAvDTDQ,
Charger's Christmas Adventure! - PAW Patrol Episode - Cartoons for Kids,121,2:01,7 Aug 2025,cqNem2lk8TM,https://www.youtube.com/watch?v=cqNem2lk8TM,
Traffic jam! - PAW Patrol Toy Play Episode for Kids,241,4:01,7 Aug 2025,iQq63VWfViQ,https://www.youtube.com/watch?v=iQq63VWfViQ,
Pups Save a Flying Farmer Yumi! - PAW Patrol Episode - Cartoons for Kids,121,2:01,7 Aug 2025,HhW57ISOsJE,https://www.youtube.com/watch?v=HhW57ISOsJE,
Gigantic Robot! - PAW Patrol Episode - Cartoons for Kids Compilation,3452,57:32,7 Aug 2025,_rIs0YXCvmU,https://www.youtube.com/watch?v=_rIs0YXCvmU,
Christmas is Coming! | PAW Patrol Story Time,361,6:01,7 Aug 2025,6clXCyfXCxQ,https://www.youtube.com/watch?v=6clXCyfXCxQ,
The Kitten Catastrophe Crew! - PAW Patrol Episode - Cartoons for Kids Compilation,3411,56:51,7 Aug 2025,kgiTD0mtBSY,https://www.youtube.com/watch?v=kgiTD0mtBSY,
Living With Liberty Sing Along - Skye's Music Party - PAW Patrol Music Cartoons for Kids,137,2:17,7 Aug 2025,gVRuCvaLmxs,https://www.youtube.com/watch?v=gVRuCvaLmxs,
Skye's Got The Need for Speed - Skye's Music Party - PAW Patrol Music Cartoons for Kids,133,2:13,7 Aug 2025,xuggnGK4Ouk,https://www.youtube.com/watch?v=xuggnGK4Ouk,
Up in the air! - PAW Patrol Episode - Cartoons for Kids Compilation,3085,51:25,7 Aug 2025,ekLzWJd1tw0,https://www.youtube.com/watch?v=ekLzWJd1tw0,
Liberty Visits just in time for a Mountain Rescue! - PAW Patrol Episode - Cartoons for Kids,121,2:01,7 Aug 2025,6UaRTGVbjkc,https://www.youtube.com/watch?v=6UaRTGVbjkc,
Adventure City Fashion Show! - PAW Patrol Toy Play Episode for Kids,206,3:26,7 Aug 2025,mqQS-_fFsEc,https://www.youtube.com/watch?v=mqQS-_fFsEc,
Pups Help Mayor Humdinger Out of a Jam - PAW Patrol Episode - Cartoons for Kids,121,2:01,7 Aug 2025,gOSSbBlR4FE,https://www.youtube.com/watch?v=gOSSbBlR4FE,
Robo Dog Saves the Day! - PAW Patrol Episode - Cartoons for Kids Compilation,3088,51:28,7 Aug 2025,GJoD5g_NPhY,https://www.youtube.com/watch?v=GJoD5g_NPhY,
PAW Patrol Holiday Fireplace 🎄🎁 Cozy Up With The Pups,5406,1:30:06,7 Aug 2025,khLwykVfYFw,https://www.youtube.com/watch?v=khLwykVfYFw,
Keep it Mooo-ving! - PAW Patrol Episode - Cartoons for Kids Compilation,3008,50:08,7 Aug 2025,OtKxNdU9rrg,https://www.youtube.com/watch?v=OtKxNdU9rrg,
Pirate Pretend Play with Arrby - Skye's Music Party - PAW Patrol Music Cartoons for Kids,124,2:04,7 Aug 2025,MtRQMCZTbsc,https://www.youtube.com/watch?v=MtRQMCZTbsc,
Mighty Pup's Wish You A Merry Christmas - Skye's Music Party - PAW Patrol Music Cartoons for Kids,140,2:20,7 Aug 2025,DKP3s-aDfyU,https://www.youtube.com/watch?v=DKP3s-aDfyU,
Chase is on the Case! - PAW Patrol Episode - Cartoons for Kids Compilation,2755,45:55,7 Aug 2025,SAIoC8Y1qrA,https://www.youtube.com/watch?v=SAIoC8Y1qrA,
Pups Save Winnie and Roosterio! - PAW Patrol Episode - Cartoons for Kids,120,2:00,7 Aug 2025,ryNuoKcbbD8,https://www.youtube.com/watch?v=ryNuoKcbbD8,
Epic Dance Party! 🕺 - PAW Patrol Toy Play Episode for Kids,295,4:55,7 Aug 2025,Z1cbv75ICAI,https://www.youtube.com/watch?v=Z1cbv75ICAI,
Pups Stop the out of control Gold Digging Machine - PAW Patrol Episode - Cartoons for Kids,121,2:01,7 Aug 2025,uM9vLhOQdJc,https://www.youtube.com/watch?v=uM9vLhOQdJc,
Queen Coral! - PAW Patrol Episode - Cartoons for Kids Compilation,3042,50:42,7 Aug 2025,LpfrheJSIPI,https://www.youtube.com/watch?v=LpfrheJSIPI,
It's Raining Cats and Dogs! - PAW Patrol Episode - Cartoons for Kids Compilation,2755,45:55,7 Aug 2025,8k8WJ3MXStE,https://www.youtube.com/watch?v=8k8WJ3MXStE,
Mayor Humdinger is Pranked!  - PAW Patrol Episode - Cartoons for Kids Compilation,3038,50:38,7 Aug 2025,fQJKAsz31bw,https://www.youtube.com/watch?v=fQJKAsz31bw,
Rubble's Cousin Charger Visits the Pups! - PAW Patrol Episode - Cartoons for Kids,121,2:01,7 Aug 2025,fsYpFLauB8Q,https://www.youtube.com/watch?v=fsYpFLauB8Q,
PAW Patrol Stop the Earth From Shaking! 🌏 - PAW Patrol Toy Play Episode for Kids,256,4:16,7 Aug 2025,2R-cjiBYSIE,https://www.youtube.com/watch?v=2R-cjiBYSIE,
Jungle Pups Save the Giant Ants and the Hidden Jungle! - PAW Patrol Episode - Cartoons for Kids,121,2:01,7 Aug 2025,9qV0hwyCYXc,https://www.youtube.com/watch?v=9qV0hwyCYXc,
Flying Pups! 🚁  - PAW Patrol Episode - Cartoons for Kids Compilation,3118,51:58,7 Aug 2025,YBfVAAyOlQM,https://www.youtube.com/watch?v=YBfVAAyOlQM,
Jungle Pups! 🙊  - PAW Patrol Episode - Cartoons for Kids Compilation,2745,45:45,7 Aug 2025,cyeoSi_tMMY,https://www.youtube.com/watch?v=cyeoSi_tMMY,
Rocky and Rubble Build an Ultimate Catapult - Rocky's Garage - PAW Patrol Cartoons for Kids,139,2:19,7 Aug 2025,KQil3zjgHIg,https://www.youtube.com/watch?v=KQil3zjgHIg,
"Liberty's Broken Scooter, Pup To The Rescue! - Rocky's Garage - PAW Patrol Cartoons",137,2:17,7 Aug 2025,u0894PZQMpU,https://www.youtube.com/watch?v=u0894PZQMpU,
A Friendly Ghost! 👻  - PAW Patrol Episode - Cartoons for Kids Compilation,2996,49:56,7 Aug 2025,hIEw48T-FPk,https://www.youtube.com/watch?v=hIEw48T-FPk,
Trackers Quiet Jungle Camouflage Upgrade - Rocky's Garage - PAW Patrol Cartoons for Kids,125,2:05,7 Aug 2025,IkxjQS8Hlhs,https://www.youtube.com/watch?v=IkxjQS8Hlhs,
Eddie and Emmy Clones Play Pranks on Adventure Bay! - PAW Patrol Episode - Cartoons for Kids,121,2:01,7 Aug 2025,HS6mDqckkrc,https://www.youtube.com/watch?v=HS6mDqckkrc,
PAW Patrol Reach For The Stars! ⭐️ - PAW Patrol Toy Play Episode for Kids,258,4:18,7 Aug 2025,uP0t0We5RC8,https://www.youtube.com/watch?v=uP0t0We5RC8,
Jungle Pups: Pups Save a Golden Sweetie - PAW Patrol Episode - Cartoons for Kids,121,2:01,7 Aug 2025,U9kq5KbBFHY,https://www.youtube.com/watch?v=U9kq5KbBFHY,
The Chicken Or The Egg? 🐣 - PAW Patrol Episode - Cartoons for Kids Compilation,3117,51:57,7 Aug 2025,B2W0U28mjnM,https://www.youtube.com/watch?v=B2W0U28mjnM,
Pups In Space! 🚀  - PAW Patrol Episode - Cartoons for Kids Compilation,3146,52:26,7 Aug 2025,QZD8SNkGTnE,https://www.youtube.com/watch?v=QZD8SNkGTnE,
Help! Everest Needs a New Tow Truck - Rocky's Garage - PAW Patrol Cartoons for Kids,124,2:04,7 Aug 2025,LGp2XpBSQGM,https://www.youtube.com/watch?v=LGp2XpBSQGM,
Recycling Boat Float! Rocky Saves The Bay! - Rocky's Garage - PAW Patrol Cartoons for Kids,141,2:21,7 Aug 2025,qZLCqRZuakE,https://www.youtube.com/watch?v=qZLCqRZuakE,
Yelp For Help! - PAW Patrol Episode - Cartoons for Kids Compilation,3137,52:17,7 Aug 2025,QNxHATuRPy8,https://www.youtube.com/watch?v=QNxHATuRPy8,
Pups Save the Baby Space Rocks! - PAW Patrol Episode - Cartoons for Kids,121,2:01,7 Aug 2025,rA12qHqJVXg,https://www.youtube.com/watch?v=rA12qHqJVXg,
Jungle Pups: Pups Save Humdinger and a Hippo! - PAW Patrol Episode - Cartoons for Kids,121,2:01,7 Aug 2025,HRTtx-AElwM,https://www.youtube.com/watch?v=HRTtx-AElwM,
Chickaletta's On A Hot Air Balloon! 🎈- PAW Patrol Episode - Cartoons for Kids Compilation,3026,50:26,7 Aug 2025,uLlSJuQp2_Q,https://www.youtube.com/watch?v=uLlSJuQp2_Q,
Let’s Be Thankful 🦃 | Reading with PAW Patrol,113,1:53,7 Aug 2025,6l0i4RUwkrY,https://www.youtube.com/watch?v=6l0i4RUwkrY,
Racing Pups! 🏎️ - PAW Patrol Episode - Cartoons for Kids Compilation,3503,58:23,7 Aug 2025,J8PRw4Ord2U,https://www.youtube.com/watch?v=J8PRw4Ord2U,
"Don't Lose It, Reuse It! Rocky Fixes DJ Rubble's Drill - Rocky's Garage PAW Patrol Cartoons for Kids",140,2:20,7 Aug 2025,FRGUTR-HTkE,https://www.youtube.com/watch?v=FRGUTR-HTkE,
Ryder's Mountain Rescue! - PAW Patrol Episode - Cartoons for Kids Compilation,2058,34:18,7 Aug 2025,XZNWKsZz7_w,https://www.youtube.com/watch?v=XZNWKsZz7_w,
Marshall's Firetruck Horn Needs a Replacement - Rocky's Garage - PAW Patrol Cartoons for Kids,144,2:24,7 Aug 2025,Bf49roj7y3I,https://www.youtube.com/watch?v=Bf49roj7y3I,
Mayor Goodway Snowy Sled Rescue! - PAW Patrol Episode - Cartoons for Kids,121,2:01,7 Aug 2025,GlgD264orxQ,https://www.youtube.com/watch?v=GlgD264orxQ,
The Pups Face Their Fears! - PAW Patrol Episode - Cartoons for Kids Compilation,2319,38:39,7 Aug 2025,qwdsvOQP-iw,https://www.youtube.com/watch?v=qwdsvOQP-iw,
Jungle Pups: Pups Save the Meerkat Pirates! - PAW Patrol Episode - Cartoons for Kids,121,2:01,7 Aug 2025,PW34eRHFdS0,https://www.youtube.com/watch?v=PW34eRHFdS0,
The Pups Rescue a Chicken! - PAW Patrol Episode - Cartoons for Kids Compilation,3423,57:03,7 Aug 2025,rTd6MY6bbTA,https://www.youtube.com/watch?v=rTd6MY6bbTA,
Jungle Pups: Pups Save the Big Prehistoric Animals! - PAW Patrol Episode - Cartoons for Kids,121,2:01,7 Aug 2025,QF1ILiQIMKQ,https://www.youtube.com/watch?v=QF1ILiQIMKQ,
Pups Save a Jukebox - PAW Patrol Episode - Cartoons for Kids,121,2:01,7 Aug 2025,A-TOG5gwtGI,https://www.youtube.com/watch?v=A-TOG5gwtGI,
Catch that Ghost 👻 | Reading with PAW Patrol | Halloween Cartoons for Kids!,496,8:16,7 Aug 2025,naOYlSaif3Y,https://www.youtube.com/watch?v=naOYlSaif3Y,
Coloring the Pups in Halloween Costumes 🎃 | PAW Patrol | Coloring for Kids,227,3:47,7 Aug 2025,-n5MIsG8dyY,https://www.youtube.com/watch?v=-n5MIsG8dyY,
Pup-Tastic Halloween 🎃 | Reading with PAW Patrol | Cartoons for Kids,178,2:58,7 Aug 2025,2g_sezPX3uQ,https://www.youtube.com/watch?v=2g_sezPX3uQ,
"Thank You, Mighty Pup Heroes! - Skye's Music Party - PAW Patrol Music Cartoons for Kids",133,2:13,7 Aug 2025,KxMgfF9ffpA,https://www.youtube.com/watch?v=KxMgfF9ffpA,
Pups Save Humdinger From Floating Away! - PAW Patrol Episode - Cartoons for Kids,121,2:01,7 Aug 2025,amKe2lpjITI,https://www.youtube.com/watch?v=amKe2lpjITI,
Pups Save the Colors of Adventure Bay! - PAW Patrol Episode - Cartoons for Kids,121,2:01,7 Aug 2025,r3goWgEgG64,https://www.youtube.com/watch?v=r3goWgEgG64,
Mayor Humdinger Mustache Mania - Skye's Music Party - PAW Patrol Music Cartoons for Kids,125,2:05,7 Aug 2025,UGE9KqSHrKI,https://www.youtube.com/watch?v=UGE9KqSHrKI,
Moonlight Magic - Skye's Music Party - PAW Patrol Music Cartoons for Kids,127,2:07,7 Aug 2025,jCDVDQ3ONqs,https://www.youtube.com/watch?v=jCDVDQ3ONqs,
Pups Save Alex's Feathery Friends - PAW Patrol Episode - Cartoons for Kids,121,2:01,7 Aug 2025,xtLoxBxHtiQ,https://www.youtube.com/watch?v=xtLoxBxHtiQ,
Rocky and Zuma Save Their Robot Friends! - PAW Patrol Episode - Cartoons for Kids,121,2:01,7 Aug 2025,c-YAc87nyFY,https://www.youtube.com/watch?v=c-YAc87nyFY,
Mighty Pups save Adventure Bay from being frozen! - PAW Patrol Episode Cartoons for Kids Compilation,3459,57:39,7 Aug 2025,dxyKgq4mgV0,https://www.youtube.com/watch?v=dxyKgq4mgV0,
Color Chase’s Rescue Wheels Vehicle 🛞 | PAW Patrol | Coloring for Kids,203,3:23,7 Aug 2025,RGSmHvRjn8U,https://www.youtube.com/watch?v=RGSmHvRjn8U,
"Waddle Waddle, The Penguin Dance - Skye's Music Party - PAW Patrol Music Cartoons for Kids",132,2:12,7 Aug 2025,5aKw77xKqeY,https://www.youtube.com/watch?v=5aKw77xKqeY,
Skye's Birthday Party Bonanza - Skye's Music Party - PAW Patrol Music Cartoons for Kids,131,2:11,7 Aug 2025,bgIpV87XY68,https://www.youtube.com/watch?v=bgIpV87XY68,
Ultimate Rescue Pups save the Royal Kitty Cats! - PAW Patrol Episode - Cartoons for Kids Compilation,3412,56:52,7 Aug 2025,jTMc3Pw25iY,https://www.youtube.com/watch?v=jTMc3Pw25iY,
Pups Save the Wind Trekkers - PAW Patrol Episode - Cartoons for Kids,122,2:02,7 Aug 2025,tQQXsJ9ds9w,https://www.youtube.com/watch?v=tQQXsJ9ds9w,
Mighty Pups defeat Harold and his Giant Robot! - PAW Patrol Episode - Cartoons for Kids Compilation,3452,57:32,7 Aug 2025,juC-3CGpeZc,https://www.youtube.com/watch?v=juC-3CGpeZc,
Pups Save Humdinger on a Runaway Movie Projector! - PAW Patrol Episode - Cartoons for Kids,121,2:01,7 Aug 2025,GtM5O6nm438,https://www.youtube.com/watch?v=GtM5O6nm438,
PAW Patrol save Humdinger from the Rodeo! - PAW Patrol Episode - Cartoons for Kids Compilation,3497,58:17,7 Aug 2025,hTvDmv119iE,https://www.youtube.com/watch?v=hTvDmv119iE,
Silly Spooky Halloween Party Song - Skye's Music Party - PAW Patrol Music Cartoons for Kids,132,2:12,7 Aug 2025,v5teXeKZcMs,https://www.youtube.com/watch?v=v5teXeKZcMs,
Girl Power (Pups to The Rescue) - Skye's Music Party - PAW Patrol Music Cartoons for Kids,131,2:11,7 Aug 2025,b7fomwr-H6I,https://www.youtube.com/watch?v=b7fomwr-H6I,
Pups Save the Surfers from a huge wind storm! - PAW Patrol Episode - Cartoons for Kids Compilation,3477,57:57,7 Aug 2025,HaG8DExJiho,https://www.youtube.com/watch?v=HaG8DExJiho,
Pups Save a Trophy - PAW Patrol Episode - Cartoons for Kids,121,2:01,7 Aug 2025,74vnZT1-ts8,https://www.youtube.com/watch?v=74vnZT1-ts8,
Chickaletta is trapped in a Giant Farming Robot! - PAW Patrol Cartoons for Kids Compilation,3420,57:00,7 Aug 2025,WMGFySoF-9k,https://www.youtube.com/watch?v=WMGFySoF-9k,
Pups Bring a Polar Bear Cub Back Home - PAW Patrol Episode - Cartoons for Kids,121,2:01,7 Aug 2025,msPVYbtM7Go,https://www.youtube.com/watch?v=msPVYbtM7Go,
An Ice Breathing Dragon?! Rescue Knights save the Frozen Castle! - PAW Patrol Cartoon Compilation,3439,57:19,7 Aug 2025,7A9PEr2DjHU,https://www.youtube.com/watch?v=7A9PEr2DjHU,
Skye's Giant Magnetic Replacement! - Rocky's Garage - PAW Patrol Cartoons for Kids,144,2:24,7 Aug 2025,mMWXyebd3tU,https://www.youtube.com/watch?v=mMWXyebd3tU,
The curious case of the missing mustache! - PAW Patrol Episode - Cartoons for Kids Compilation,3475,57:55,7 Aug 2025,fSZ2UcPDqQU,https://www.youtube.com/watch?v=fSZ2UcPDqQU,
Pups Save a Mayor and Her Mini - PAW Patrol Episode - Cartoons for Kids,121,2:01,7 Aug 2025,qXY7ztsCfFI,https://www.youtube.com/watch?v=qXY7ztsCfFI,
Pups save the Chicken Tulip for Mayor Goodway and Helga Humdinger! - PAW Patrol Cartoon Compilation,4023,1:07:03,7 Aug 2025,5Hij4r2UFcU,https://www.youtube.com/watch?v=5Hij4r2UFcU,
Tracker and Jungle Pups save animals from the Volcano! - PAW Patrol Episode - Cartoons for Kids,121,2:01,7 Aug 2025,EEv2FnNrpQY,https://www.youtube.com/watch?v=EEv2FnNrpQY,
Skye rescues the Pizza Tower competition for Adventure Bay! - PAW Patrol Episode - Cartoons for Kids,4030,1:07:10,7 Aug 2025,VlD_lZSTqsk,https://www.youtube.com/watch?v=VlD_lZSTqsk,
Rocky Saves the Day from a Giant Space Meteor - Rocky's Garage - PAW Patrol Cartoons for Kids,138,2:18,7 Aug 2025,C2cunAcuAV8,https://www.youtube.com/watch?v=C2cunAcuAV8,
Skye's Helicopter Woes - Rocky's Garage - PAW Patrol Cartoons for Kids,135,2:15,7 Aug 2025,HvUcHxGpUmw,https://www.youtube.com/watch?v=HvUcHxGpUmw,
Everest and Rubble rescue the family of bats and more! - PAW Patrol Cartoons for Kids Compilation,4009,1:06:49,7 Aug 2025,ByT8gr80HS0,https://www.youtube.com/watch?v=ByT8gr80HS0,
Pups Save a Flamingo Dancer - PAW Patrol Episode - Cartoons for Kids,121,2:01,7 Aug 2025,TojLstJI-M8,https://www.youtube.com/watch?v=TojLstJI-M8,
Pups rescue Rubble in outer space and more! - PAW Patrol Episode - Cartoons for Kids Compilation,4058,1:07:38,7 Aug 2025,GZEJdh6gY1k,https://www.youtube.com/watch?v=GZEJdh6gY1k,
Pups Save a Sloth from Humdinger! - PAW Patrol Episode - Cartoons for Kids,121,2:01,7 Aug 2025,lwQ2VOK9WIM,https://www.youtube.com/watch?v=lwQ2VOK9WIM,
Skye solves the mystery of the train with no conductor! - PAW Patrol - Cartoons for Kids Compilation,4022,1:07:02,7 Aug 2025,QK5Z9AWjIfo,https://www.youtube.com/watch?v=QK5Z9AWjIfo,
Spy Chase saves Alex's Mini Patrol and more! - PAW Patrol Episode - Cartoons for Kids Compilation,3899,1:04:59,7 Aug 2025,gBka-EGVtL4,https://www.youtube.com/watch?v=gBka-EGVtL4,
Liberty's Scooter Needs an Extra Pet Friendly Seat - Rocky's Garage - PAW Patrol Cartoons for Kids,130,2:10,7 Aug 2025,F19IL-aLOA8,https://www.youtube.com/watch?v=F19IL-aLOA8,
"Liberty's Broken Scooter, Rocky To The Rescue! - Rocky's Garage - PAW Patrol Cartoons for Kids",140,2:20,7 Aug 2025,d93wgnyPmCI,https://www.youtube.com/watch?v=d93wgnyPmCI,
Pups help reunite Wally the Walrus with Captain Turbot! - PAW Patrol Cartoons for Kids Compilation,3990,1:06:30,7 Aug 2025,Vh9Kzf5EhxI,https://www.youtube.com/watch?v=Vh9Kzf5EhxI,
Aqua Pups Stop a Giant Squid - PAW Patrol Episode - Cartoons for Kids,121,2:01,7 Aug 2025,_rqQgSQ2CTA,https://www.youtube.com/watch?v=_rqQgSQ2CTA,
Pups Save a High Flying Chickaletta! - PAW Patrol Episode - Cartoons for Kids,121,2:01,7 Aug 2025,pENY3Q3K9js,https://www.youtube.com/watch?v=pENY3Q3K9js,
NEW Launch & Rescue Patroller How-To Play | PAW Patrol | Toys for Kids,56,0:56,7 Aug 2025,5w3bguXiTOw,https://www.youtube.com/watch?v=5w3bguXiTOw,
Rescue Wheels Super Loop Tower HQ How-To Play | PAW Patrol | Toys for Kids,157,2:37,7 Aug 2025,8qzXaxsZqmo,https://www.youtube.com/watch?v=8qzXaxsZqmo,
Pups save Farmer Al's corn silo from the hungry birds! - PAW Patrol Cartoons for Kids Compilation,4036,1:07:16,7 Aug 2025,zhyD3XREgp8,https://www.youtube.com/watch?v=zhyD3XREgp8,
Pups save Turbots from an underwater volcano eruption and more! PAW Patrol Episode Cartoons for Kids,4023,1:07:03,7 Aug 2025,FbRYeJlZKM4,https://www.youtube.com/watch?v=FbRYeJlZKM4,
Police Cruiser Down!!! Chase's Wobbly Tire Problem - Rocky's Garage - PAW Patrol Cartoons for Kids,142,2:22,7 Aug 2025,fVXS3k_kIzQ,https://www.youtube.com/watch?v=fVXS3k_kIzQ,
Rocky Installs a Pup Computer in Marshalls Firetruck - Rocky's Garage - PAW Patrol Cartoons for Kids,144,2:24,7 Aug 2025,jkRwI5YBcH4,https://www.youtube.com/watch?v=jkRwI5YBcH4,
AMAZING ANIMAL RESCUES! - PAW Patrol & Vida the Vet Compilation - Cartoons for Kids,3649,1:00:49,7 Aug 2025,tveR-EtMRHI,https://www.youtube.com/watch?v=tveR-EtMRHI,
Pups rescue Ryder's tools from the mischievous monkeys and more! - PAW Patrol Episode Cartoons,4043,1:07:23,7 Aug 2025,hUSjf5BmBdU,https://www.youtube.com/watch?v=hUSjf5BmBdU,
Aqua Pups Save the Reef - PAW Patrol Episode - Cartoons for Kids,120,2:00,7 Aug 2025,1aHWTlTyYSE,https://www.youtube.com/watch?v=1aHWTlTyYSE,
Pups Save the Mayor's Assistant! - PAW Patrol Episode - Cartoons for Kids,121,2:01,7 Aug 2025,n1YyDqMUQZ4,https://www.youtube.com/watch?v=n1YyDqMUQZ4,
Katie leads the PAW Patrol to rescue Mayor Goodway and more! - PAW Patrol Episode Cartoons for Kids,4039,1:07:19,7 Aug 2025,W-R_r0VuUms,https://www.youtube.com/watch?v=W-R_r0VuUms,
Pups save Adventure Bay from Danny's out of control Robot Shark! - PAW Patrol Episode Cartoons,4032,1:07:12,7 Aug 2025,NtlpgKvcQ3c,https://www.youtube.com/watch?v=NtlpgKvcQ3c,
Aqua Pups Save the Whale Patroller - PAW Patrol Episode - Cartoons for Kids,121,2:01,7 Aug 2025,dLP3MmaIZNw,https://www.youtube.com/watch?v=dLP3MmaIZNw,
Pups save the Mini Patrol and the Chalk Art Mural! - PAW Patrol Episode - Cartoons for Kids,3993,1:06:33,7 Aug 2025,5cqX1oYzy_o,https://www.youtube.com/watch?v=5cqX1oYzy_o,
Pups Save the Wacky Water Skiers! - PAW Patrol Episode - Cartoons for Kids,121,2:01,7 Aug 2025,F6Rzk-qWQys,https://www.youtube.com/watch?v=F6Rzk-qWQys,
Ultimate Rescue Zuma saves the Goodway's from a swamp! - PAW Patrol Cartoons for Kids Compilation,4022,1:07:02,7 Aug 2025,-5smggZ1wV0,https://www.youtube.com/watch?v=-5smggZ1wV0,
Crazy Camping Trip With The Mighty Pups - Skye's Music Party - PAW Patrol Music Cartoons for Kids,115,1:55,7 Aug 2025,iYuildn5-ps,https://www.youtube.com/watch?v=iYuildn5-ps,
Bettina The Cow's Moo-ving Theme Song - Skye's Music Party - PAW Patrol Music Cartoons for Kids,133,2:13,7 Aug 2025,WobhLcj5KYk,https://www.youtube.com/watch?v=WobhLcj5KYk,
Jungle Rescue pups stop Cheetah from destroying the trees! PAW Patrol Cartoons for Kids Compilation,4021,1:07:01,7 Aug 2025,NQ3abOrm7mc,https://www.youtube.com/watch?v=NQ3abOrm7mc,
Pups Save Midnight at the Museum - PAW Patrol Episode - Cartoons for Kids,112,1:52,7 Aug 2025,kV0O7qVp9mg,https://www.youtube.com/watch?v=kV0O7qVp9mg,
Pups save Rocky and Humdinger in the box fort! - PAW Patrol Episode - Cartoons for Kids Compilation,4031,1:07:11,7 Aug 2025,ZQOFP7t4s-k,https://www.youtube.com/watch?v=ZQOFP7t4s-k,
Pups save Daring Danny and fix the Lighthouse! - PAW Patrol Episode - Cartoons for Kids Compilation,4062,1:07:42,7 Aug 2025,DAlGC048yg4,https://www.youtube.com/watch?v=DAlGC048yg4,
Robo-Dog To The Rescue Theme Song - Skye's Music Party - PAW Patrol Music Cartoons for Kids,119,1:59,7 Aug 2025,B7dsOOl-EzY,https://www.youtube.com/watch?v=B7dsOOl-EzY,
Dino Discovery and Rescue Adventure - Skye's Music Party - PAW Patrol Music Cartoons for Kids,125,2:05,7 Aug 2025,-EJXsdgEXxQ,https://www.youtube.com/watch?v=-EJXsdgEXxQ,
Pups save Daring Danny and fix the Lighthouse! - PAW Patrol Episode - Cartoons for Kids Compilation,4036,1:07:16,7 Aug 2025,z_uf1CijxOE,https://www.youtube.com/watch?v=z_uf1CijxOE,
Aqua Pups Save a Mermaid Humdinger! - PAW Patrol Episode - Cartoons for Kids,121,2:01,7 Aug 2025,CnJhe0abQ6c,https://www.youtube.com/watch?v=CnJhe0abQ6c,
Mighty Twins help the Mighty Pups defeat Lady Bird and more! - PAW Patrol Cartoons Compilation,4042,1:07:22,7 Aug 2025,BMHPEdzIzlk,https://www.youtube.com/watch?v=BMHPEdzIzlk,
Dino Rescue pups bring the dinosaur eggs home safely! - PAW Patrol Episode Cartoon Compilation,4033,1:07:13,7 Aug 2025,pkDw0bnulmc,https://www.youtube.com/watch?v=pkDw0bnulmc,
"Meow, Meow!!! The Chaotic Kitty Song - Skye's Music Party - PAW Patrol Music Cartoons for Kids",131,2:11,7 Aug 2025,-XheV8buvZA,https://www.youtube.com/watch?v=-XheV8buvZA,
Mission PAW pups find Luke Stars and save the concert! - PAW Patrol Cartoons for Kids Compilation,4050,1:07:30,7 Aug 2025,Y8Y9JhyjFPE,https://www.youtube.com/watch?v=Y8Y9JhyjFPE,
The Mighty Powerful Super Pups - Skye's Music Party - PAW Patrol Music Cartoons for Kids,135,2:15,7 Aug 2025,ViH-OhgeEp0,https://www.youtube.com/watch?v=ViH-OhgeEp0,
Rocky's Mighty Pup Recycling Lesson - Skye's Music Party - PAW Patrol Music Cartoons for Kids,127,2:07,7 Aug 2025,yqEBFi-ZEeI,https://www.youtube.com/watch?v=yqEBFi-ZEeI,
Pups Save a Tour Bus! - PAW Patrol Episode - Cartoons for Kids,121,2:01,7 Aug 2025,HufNmPLV9q8,https://www.youtube.com/watch?v=HufNmPLV9q8,
Pups save the wolf pack and Mr. Wingnut from a storm! - PAW Patrol Cartoons for Kids Compilation,4006,1:06:46,7 Aug 2025,DxFFN8jm6vU,https://www.youtube.com/watch?v=DxFFN8jm6vU,
Mayor Humdinger’s Mischievous Theme Song - Skye's Music Party - PAW Patrol Music Cartoons for Kids,129,2:09,7 Aug 2025,FM_rz93aO30,https://www.youtube.com/watch?v=FM_rz93aO30,
Rocky and Robo Dog stop an out of control robot toy! - PAW Patrol Cartoons for Kids Compilation,3983,1:06:23,7 Aug 2024,U32sUKuIyQg,https://www.youtube.com/watch?v=U32sUKuIyQg,
Skye saves Chickaletta and Mayor Goodway on a mountain! - PAW Patrol Episode Cartoon Compilation,4028,1:07:08,7 Aug 2024,aic83S4YF2M,https://www.youtube.com/watch?v=aic83S4YF2M,
Aqua Pups Save a Mer-Race - PAW Patrol Episode - Cartoons for Kids,121,2:01,7 Aug 2024,sYm685jq3j8,https://www.youtube.com/watch?v=sYm685jq3j8,
Wild Cat and Moto Pups save a trapped Chase and more! - PAW Patrol Cartoons for Kids Compilation,4033,1:07:13,7 Aug 2024,grWIulzw5hQ,https://www.youtube.com/watch?v=grWIulzw5hQ,
Pups take down the giant bright Humdinger sign and more! - PAW Patrol Episodes Cartoon Compilation,4045,1:07:25,7 Aug 2024,QZmca8F0s9A,https://www.youtube.com/watch?v=QZmca8F0s9A,
Cruiser Troubles! What's The Matter With Chase's Tires? - Rocky's Garage - PAW Patrol Cartoons,153,2:33,7 Aug 2024,CGl9fN-g4Mw,https://www.youtube.com/watch?v=CGl9fN-g4Mw,
Rescue Knight pups save the kingdom from a magical sleep spell! - PAW Patrol Episode Compilation,4074,1:07:54,7 Aug 2024,3uIZTT1wgZQ,https://www.youtube.com/watch?v=3uIZTT1wgZQ,
Pups solve a museum mystery and help a squid get back home! - PAW Patrol Cartoon Compilation,4064,1:07:44,7 Aug 2024,wMfQi0CYeC4,https://www.youtube.com/watch?v=wMfQi0CYeC4,
Pups Save the Adventure Bay Games! - PAW Patrol Episode - Cartoons for Kids,120,2:00,7 Aug 2024,WPbiGcdQ3Xk,https://www.youtube.com/watch?v=WPbiGcdQ3Xk,
PAW Patrol save Adventure Bay from a fire breathing monster! PAW Patrol Episode - Cartoons for Kids,4045,1:07:25,7 Aug 2024,dqGuUE5S9_c,https://www.youtube.com/watch?v=dqGuUE5S9_c,
Skye's Surprise Helicopter Makeover (Chopper Paint Job) - Rocky's Garage - PAW Patrol Cartoons,146,2:26,7 Aug 2024,ZqV_PHvLgU4,https://www.youtube.com/watch?v=ZqV_PHvLgU4,
Everest's Grappling Hook Needs a Puppy Replacement - Rocky's Garage - PAW Patrol Cartoons for Kids,132,2:12,7 Aug 2024,QTzJzgRxTp4,https://www.youtube.com/watch?v=QTzJzgRxTp4,
Pups stop Mayor Humdinger's giant Hat and save election day! - PAW Patrol Episode Cartoons for Kids,4056,1:07:36,7 Aug 2024,I3XcT3Sf-bw,https://www.youtube.com/watch?v=I3XcT3Sf-bw,
Marshall saves the duck pond and more animal rescues! - PAW Patrol Cartoons for Kids Compilation,3997,1:06:37,7 Aug 2024,yH4quULYOnQ,https://www.youtube.com/watch?v=yH4quULYOnQ,
Pups Save Humdinger in a Helicopter! - PAW Patrol Episode - Cartoons for Kids,121,2:01,7 Aug 2024,Io0otOpxAHk,https://www.youtube.com/watch?v=Io0otOpxAHk,
Pups save Humdinger on his out of control scooter and more! PAW Patrol Cartoons for Kids Compilation,4015,1:06:55,7 Aug 2024,VraqrjgARzk,https://www.youtube.com/watch?v=VraqrjgARzk,
Rubble's Crane Needs a Construction Upgrade! - Rocky's Garage - PAW Patrol Cartoons for Kids,142,2:22,7 Aug 2024,kpw8Z-MYV98,https://www.youtube.com/watch?v=kpw8Z-MYV98,
Rubble's Bulldozer is in a Pickle! - Rocky's Garage - PAW Patrol Cartoons for Kids,148,2:28,7 Aug 2024,4OGKQQHjkAo,https://www.youtube.com/watch?v=4OGKQQHjkAo,
Pups save Winnie and her Pony from the jungle swamp! - PAW Patrol Cartoons for Kids Compilation,3987,1:06:27,7 Aug 2024,ONr4pgEcUJk,https://www.youtube.com/watch?v=ONr4pgEcUJk,
Pups Save the Opening Ceremonies! - PAW Patrol Episode - Cartoons for Kids,121,2:01,7 Aug 2024,E57IfsNRWLg,https://www.youtube.com/watch?v=E57IfsNRWLg,
Rocky turns into a Werewolf on a camping trip and more! - PAW Patrol - Cartoons for Kids Compilation,3973,1:06:13,7 Aug 2024,3dqJ7rBD0pQ,https://www.youtube.com/watch?v=3dqJ7rBD0pQ,
Marshall and Chase save Ms. Marjorie on rocket powered skates! PAW Patrol Episode Cartoons for Kids,4056,1:07:36,7 Aug 2024,TewFMvzieGg,https://www.youtube.com/watch?v=TewFMvzieGg,
EMERGENCY LANDING! Rocky and Skye's Flight To Save Adventure Bay - Rocky's Garage - PAW Patrol,140,2:20,7 Aug 2024,GsON_OrUsP4,https://www.youtube.com/watch?v=GsON_OrUsP4,
Chase and The Strange Case of the Wobbly Police Drone - Rocky's Garage - PAW Patrol,135,2:15,7 Aug 2024,Dnf8v74Q3S4,https://www.youtube.com/watch?v=Dnf8v74Q3S4,
Moto Pups save Mayor Goodway from the Ruff Ruff Pack! - PAW Patrol - Cartoons for Kids Compilation,4101,1:08:21,7 Aug 2024,kQhek4s7GZo,https://www.youtube.com/watch?v=kQhek4s7GZo,
Pups Save Katie and some Kitties - PAW Patrol Episode - Cartoons for Kids,121,2:01,7 Aug 2024,4IwEKSBPGeU,https://www.youtube.com/watch?v=4IwEKSBPGeU,
Skye and Chase rescue the Kitties in the Bouncy Castle! - PAW Patrol Cartoons for Kids Compilation,4071,1:07:51,7 Aug 2024,--5GrCMc3BM,https://www.youtube.com/watch?v=--5GrCMc3BM,
Marshall saves campers covered in sticky syrup and more! - PAW Patrol Episode - Cartoons for Kids,4028,1:07:08,7 Aug 2024,C0Wqruuc6y8,https://www.youtube.com/watch?v=C0Wqruuc6y8,
PAW Patrol save Chickaletta and more rescues! - PAW Patrol Episode - Cartoons for Kids Compilation,4018,1:06:58,7 Aug 2024,rzd--LZDPgc,https://www.youtube.com/watch?v=rzd--LZDPgc,
Pups Save the Citizens of Adventure Bay! - PAW Patrol Episode - Cartoons for Kids,121,2:01,7 Aug 2024,_IvuOv3GbCg,https://www.youtube.com/watch?v=_IvuOv3GbCg,
Pups save the Animals and the flooded farm! - PAW Patrol Episode - Cartoons for Kids Compilation,4017,1:06:57,7 Aug 2024,DeY7xo2QY80,https://www.youtube.com/watch?v=DeY7xo2QY80,
Rocky cleans the beach with his new Re-Use It Recycling Truck! PAW Patrol Episode Cartoons for Kids,4035,1:07:15,7 Aug 2024,qbYHJWIllDA,https://www.youtube.com/watch?v=qbYHJWIllDA,
Paw Best Friends Forever! - Skye's Music Party - PAW Patrol Music Cartoons for Kids,133,2:13,7 Aug 2024,1St2H1ggI8Y,https://www.youtube.com/watch?v=1St2H1ggI8Y,
Chick-a-Letta’s Theme Song! - Skye's Music Party - PAW Patrol Music Cartoons for Kids,123,2:03,7 Aug 2024,af6UDSKTzQU,https://www.youtube.com/watch?v=af6UDSKTzQU,
Skye and Chase save Daring Danny from a family of Eagles! - PAW Patrol Episode - Cartoons for Kids,4014,1:06:54,7 Aug 2024,XDXYJnqZVdA,https://www.youtube.com/watch?v=XDXYJnqZVdA,
Cowboy Pups save the sleepwalking Mayor Goodway and more! - PAW Patrol Episode - Cartoons for Kids,4028,1:07:08,7 Aug 2024,c9TlY-D9ZAk,https://www.youtube.com/watch?v=c9TlY-D9ZAk,
All Paws on Deck! - PAW Patrol Episode - Cartoons for Kids,121,2:01,7 Aug 2024,IFWQz7A5ETM,https://www.youtube.com/watch?v=IFWQz7A5ETM,
PAW Patrol save Captain Turbot from a rocket powered skateboard! - PAW Patrol Episode Compilation,3961,1:06:01,7 Aug 2024,c8Bg3cBKSPc,https://www.youtube.com/watch?v=c8Bg3cBKSPc,
The Pups Save Danny on a Ski Hill! - PAW Patrol Toy Play Episode for Kids,267,4:27,7 Aug 2024,bDf4s9ImkRg,https://www.youtube.com/watch?v=bDf4s9ImkRg,
Dino Rescue Pups fix a broken Pterodactyl wing and more! - PAW Patrol Episode Compilation,4055,1:07:35,7 Aug 2024,cGL_4DC9I1I,https://www.youtube.com/watch?v=cGL_4DC9I1I,
The Hunt For Healthy Delicious Food - Skye's Music Party - PAW Patrol Music Video,131,2:11,7 Aug 2024,uX_cwl4is9I,https://www.youtube.com/watch?v=uX_cwl4is9I,
"""Everest is The Best"" Theme Song - Skye's Music Party - PAW Patrol Music Video",130,2:10,7 Aug 2024,yTioGJnOOrQ,https://www.youtube.com/watch?v=yTioGJnOOrQ,
Pups Save the Lemonade Stand! - PAW Patrol Episode - Cartoons for Kids,119,1:59,7 Aug 2024,gt239IQcicA,https://www.youtube.com/watch?v=gt239IQcicA,
Moto Pups save the Kitties from the Ruff Ruff Pack and more! - PAW Patrol Episode Compilation,4072,1:07:52,7 Aug 2024,3wngXKn-13I,https://www.youtube.com/watch?v=3wngXKn-13I,
Jungle Rescue Pups help the Penguins get back home! - PAW Patrol Episode - Cartoons for Kids,4000,1:06:40,7 Aug 2024,skXSAIxnP3o,https://www.youtube.com/watch?v=skXSAIxnP3o,
Pup Boogie Dance Party - Skye's Music Party - PAW Patrol Music Video,131,2:11,7 Aug 2024,XYS_I4rjim0,https://www.youtube.com/watch?v=XYS_I4rjim0,
The Pups Save Mr. Porter from a Fire! - PAW Patrol Toy Play Episode for Kids,251,4:11,7 Aug 2024,OrGLwRvSRzo,https://www.youtube.com/watch?v=OrGLwRvSRzo,
Come Fly Away With Me! - Skye's Music Party - PAW Patrol Music Video,128,2:08,7 Aug 2024,B15lqeSGLoo,https://www.youtube.com/watch?v=B15lqeSGLoo,
Pups rescue the Farmers from Humdinger's Cave and more! - PAW Patrol Episode - Cartoons for Kids,4035,1:07:15,7 Aug 2024,kNsoIoK4rG4,https://www.youtube.com/watch?v=kNsoIoK4rG4,
Jungle Pups Save a Baby Elephant - PAW Patrol Episode - Cartoons for Kids,121,2:01,7 Aug 2024,2q_343iTBkc,https://www.youtube.com/watch?v=2q_343iTBkc,
Sea Patrol Pups save the stolen Sea Patroller and more! - PAW Patrol Episode - Cartoons for Kids,3969,1:06:09,7 Aug 2024,bZPlmBjLNX0,https://www.youtube.com/watch?v=bZPlmBjLNX0,
Pups rescue the cold campers and more! - PAW Patrol Episode - Cartoons for Kids,4075,1:07:55,7 Aug 2024,f7j4LFiSTHM,https://www.youtube.com/watch?v=f7j4LFiSTHM,
Ultimate Police Rescue Pups save the Adventure Bay Games! - PAW Patrol Episode - Cartoons for Kids,4019,1:06:59,7 Aug 2024,bflMcYXl9ho,https://www.youtube.com/watch?v=bflMcYXl9ho,
The Phantom of the Frog Pond! - PAW Patrol Episode - Cartoons for Kids,121,2:01,7 Aug 2024,cFDGcVgBYHo,https://www.youtube.com/watch?v=cFDGcVgBYHo,
Pups Save the Luke Stars concert from flying away! - PAW Patrol Cartoons for Kids Compilation,4126,1:08:46,7 Aug 2024,9VH0ev6KqCI,https://www.youtube.com/watch?v=9VH0ev6KqCI,
The Pups Save a Sticky Kitty - PAW Patrol Toy Play Episode for Kids,216,3:36,7 Aug 2024,okBQBrcMMtE,https://www.youtube.com/watch?v=okBQBrcMMtE,
Skye and Everest save Ms. Marjorie and more! - PAW Patrol Episode - Cartoons for Kids Compilation,4145,1:09:05,7 Aug 2024,lpCRptzF-lM,https://www.youtube.com/watch?v=lpCRptzF-lM,
Rocky Adds a Long Ladder to Marshall's Firetruck - Rocky's Garage - PAW Patrol Cartoons for Kids,138,2:18,7 Aug 2024,Xe3BK1m12kA,https://www.youtube.com/watch?v=Xe3BK1m12kA,
Chase's Emergency Light Goes Out! - Rocky's Garage - PAW Patrol Cartoons for Kids,119,1:59,7 Aug 2024,qaOwXs51JW0,https://www.youtube.com/watch?v=qaOwXs51JW0,
Pups save Everest's snow vehicle that's driving by itself! - PAW Patrol Episode - Cartoons for Kids,3950,1:05:50,7 Aug 2024,Wq5kb3GgZvk,https://www.youtube.com/watch?v=Wq5kb3GgZvk,
Pups Save a Baby T-Rex! - PAW Patrol Episode - Cartoons for Kids,121,2:01,7 Aug 2024,iHi-qW3p7gQ,https://www.youtube.com/watch?v=iHi-qW3p7gQ,
Pups save Alex on Ryder's rocket powered vehicle and more! | PAW Patrol Episode Cartoons for Kids,3999,1:06:39,7 Aug 2024,cutfTtvzyZo,https://www.youtube.com/watch?v=cutfTtvzyZo,
The Pups Save Humdinger’s Floating Island! - PAW Patrol Toy Play Episode for Kids,233,3:53,7 Aug 2024,yUCPEiCkzGQ,https://www.youtube.com/watch?v=yUCPEiCkzGQ,
Moto Pups and Wild Cat stop an out of control Ferris Wheel! - PAW Patrol Episode Cartoons for Kids,4025,1:07:05,7 Aug 2024,lPimjvdF46M,https://www.youtube.com/watch?v=lPimjvdF46M,
The Pups Save the Park Party! - PAW Patrol Toy Play Episode for Kids,264,4:24,7 Aug 2024,UP9NE2zgWQQ,https://www.youtube.com/watch?v=UP9NE2zgWQQ,
Jungle Rescue Pups save the Elephant family and more! - PAW Patrol Cartoons for Kids Compilation,4025,1:07:05,7 Aug 2024,E5VXfl7RMuQ,https://www.youtube.com/watch?v=E5VXfl7RMuQ,
RECYCLING RULES! Rocky Saves Water with a Smart Idea - Rocky's Garage - PAW Patrol Cartoons for Kids,145,2:25,7 Aug 2024,Ij7qUi4V138,https://www.youtube.com/watch?v=Ij7qUi4V138,
Pups Save a Flying Daring Danny X! - PAW Patrol Episode - Cartoons for Kids,118,1:58,7 Aug 2024,oI5SQxmq1C8,https://www.youtube.com/watch?v=oI5SQxmq1C8,
Pups save the Windsurfers on a way too windy day! - PAW Patrol Episode Cartoons for Kids Compilation,4038,1:07:18,7 Aug 2024,TaY5-rvHL6c,https://www.youtube.com/watch?v=TaY5-rvHL6c,
The Pups Save Maynard the Raccoon! - PAW Patrol Toy Play Episode for Kids,214,3:34,7 Aug 2024,rXDO2CTi3wo,https://www.youtube.com/watch?v=rXDO2CTi3wo,
Aqua Pups Save Puplantis! - PAW Patrol Episode - Cartoons for Kids,121,2:01,7 Aug 2024,_iGyCJXh26E,https://www.youtube.com/watch?v=_iGyCJXh26E,
The Pups Save a Buried Mini Patrol - PAW Patrol Toy Play Episode for Kids,265,4:25,7 Aug 2024,WZWQ7bU4BAc,https://www.youtube.com/watch?v=WZWQ7bU4BAc,
Ultimate Fire Rescue Pups save the Adventure Bay Games! - PAW Patrol Cartoons for Kids Compilation,4046,1:07:26,7 Aug 2024,26i7AKIEw20,https://www.youtube.com/watch?v=26i7AKIEw20,
Rocky Gets Marshall's Firetruck Rescue Ready With a Tune-Up! - Rocky's Garage - PAW Patrol,143,2:23,7 Aug 2024,Na6hc2297n4,https://www.youtube.com/watch?v=Na6hc2297n4,
Pups save Farmer Al and Farmer Yumi on a broken bridge! - PAW Patrol Cartoons for Kids Compilation,3890,1:04:50,7 Aug 2024,_Ka4xKD1AjM,https://www.youtube.com/watch?v=_Ka4xKD1AjM,
Chase's Engine Gets Upgraded With A Brand New Motor! - Rocky's Garage - PAW Patrol Cartoons,123,2:03,7 Aug 2024,GvqS-EPIu2M,https://www.youtube.com/watch?v=GvqS-EPIu2M,
The Pups Save Cap’n Turbot - PAW Patrol Toy Play Episode for Kids,197,3:17,7 Aug 2024,jLAkjcX1tYc,https://www.youtube.com/watch?v=jLAkjcX1tYc,
Pups save an out of control kitchen Robot and more! - PAW Patrol Episode - Cartoons for Kids,3958,1:05:58,7 Aug 2024,fs0rirTmhxA,https://www.youtube.com/watch?v=fs0rirTmhxA,
Heroes in Training - PAW Patrol Academy - App for Kids,536,8:56,7 Aug 2024,V0ja28NP1DE,https://www.youtube.com/watch?v=V0ja28NP1DE,
The Pups Save Ace’s Sinking Plane - PAW Patrol - Toy Play Episode for Kids,234,3:54,7 Aug 2024,ugIooBS93rg,https://www.youtube.com/watch?v=ugIooBS93rg,
Rocky's Giant Magnet Finds Rubble's Lost Bulldozer Scoop - Rocky's Garage - PAW Patrol,151,2:31,7 Aug 2024,txMGowizXx4,https://www.youtube.com/watch?v=txMGowizXx4,
Rocky Makes a Recycled Megaphone for Chase! - Rocky's Garage PAW Patrol Cartoons for Kids,145,2:25,7 Aug 2024,U7H3Zi5Ieoo,https://www.youtube.com/watch?v=U7H3Zi5Ieoo,
Everest saves Mayor Goodway and the Kids on a snowy mountain and more PAW Patrol Episode Compilation,4023,1:07:03,7 Aug 2024,UzKVk0HeBNc,https://www.youtube.com/watch?v=UzKVk0HeBNc,
The Pups Stop a Flying Saucer - PAW Patrol Episode - Cartoons for Kids,121,2:01,7 Aug 2024,o_OOYGrP9is,https://www.youtube.com/watch?v=o_OOYGrP9is,
The Mighty Pups Save the Junior Patrollers - PAW Patrol - Toy Play Episode for Kids,266,4:26,7 Aug 2024,oz5nvvH263s,https://www.youtube.com/watch?v=oz5nvvH263s,
Pups save the Mayors from an Ice Fishing accident and more! - PAW Patrol Episode - Cartoons for Kids,4040,1:07:20,7 Aug 2024,9BntTaVdPys,https://www.youtube.com/watch?v=9BntTaVdPys,
The Mighty Pups Stop a Sharp Scanner - PAW Patrol - Toy Play Episode for Kids,225,3:45,7 Aug 2024,_emG3p-y2sA,https://www.youtube.com/watch?v=_emG3p-y2sA,
Ultimate Rescue Pups save Turbots and Tigers from a Volcano! - PAW Patrol Episode Cartoons for Kids,4031,1:07:11,7 Aug 2024,HmrP-E8nR7E,https://www.youtube.com/watch?v=HmrP-E8nR7E,
Pups Solve a Royal Mystery! - PAW Patrol Episode - Cartoons for Kids,121,2:01,7 Aug 2024,Sf_zL5IMWd4,https://www.youtube.com/watch?v=Sf_zL5IMWd4,
Rocky and Everest save Chickaletta in Jake's cuckoo clock! - PAW Patrol Episode - Cartoons for Kids,4013,1:06:53,7 Aug 2024,avFVwuHipF4,https://www.youtube.com/watch?v=avFVwuHipF4,
Chickaletta’s Powerful Pecking - PAW Patrol - Toy Play Episode for Kids,254,4:14,7 Aug 2024,sNvPcrHbImA,https://www.youtube.com/watch?v=sNvPcrHbImA,
Mighty Pups Save a Giant Eel - PAW Patrol Episode - Cartoons for Kids,121,2:01,7 Aug 2024,SGPP-XtTsek,https://www.youtube.com/watch?v=SGPP-XtTsek,
Everest and Rocky saves the greenhouse and the exotic plants! | PAW Patrol Episode Cartoons for Kids,4001,1:06:41,7 Aug 2024,yIM6219XIzA,https://www.youtube.com/watch?v=yIM6219XIzA,
Mighty Pups Save a Helicopter | PAW Patrol | Toy Play Episode for Kids,195,3:15,7 Aug 2024,6SrlMA9Bmuc,https://www.youtube.com/watch?v=6SrlMA9Bmuc,
Mighty Pups Stop Harold from freezing Adventure Bay and more! | PAW Patrol Episode Cartoons for Kids,4022,1:07:02,7 Aug 2024,YcahWAIJk_8,https://www.youtube.com/watch?v=YcahWAIJk_8,
Marshall Saves a Humsquatch! | PAW Patrol Episode | Cartoons for Kids,116,1:56,7 Aug 2024,Btq9dUYwo4A,https://www.youtube.com/watch?v=Btq9dUYwo4A,
Pups solve the mystery of the Princess' missing painting! | PAW Patrol Cartoons for Kids Compilation,3997,1:06:37,7 Aug 2024,11RBOsQh7HY,https://www.youtube.com/watch?v=11RBOsQh7HY,
Mighty Pups Stop Humdinger Statues | PAW Patrol | Toy Play Episode for Kids,223,3:43,7 Aug 2024,2WVzduIaZ8w,https://www.youtube.com/watch?v=2WVzduIaZ8w,
Pups save Chickaletta from Cluck Cluck Island! | PAW Patrol Episode | Cartoons for Kids Compilation,4132,1:08:52,7 Aug 2024,ncJW8WJEWTE,https://www.youtube.com/watch?v=ncJW8WJEWTE,
Mighty Pups Stop Magic Meteor Dust - PAW Patrol - Toy Play Episode for Kids,229,3:49,7 Aug 2024,nL0De--vh88,https://www.youtube.com/watch?v=nL0De--vh88,
Jungle Pups Rescue the bubble blowing Monkeys! | PAW Patrol | Cartoons for Kids Compilation,4001,1:06:41,7 Aug 2024,jpzrrttstBU,https://www.youtube.com/watch?v=jpzrrttstBU,
Pups rescue a sleeping bear family and more animals! | PAW Patrol | Cartoons for Kids Compilation,4143,1:09:03,7 Aug 2024,zxbvCunMkP4,https://www.youtube.com/watch?v=zxbvCunMkP4,
Mighty Pups Stop a Giant Shark 🦈- PAW Patrol - Toy Play Episode for Kids,214,3:34,7 Aug 2024,s62GnecpbPA,https://www.youtube.com/watch?v=s62GnecpbPA,
Robo Dog saves Rubble from a run-away Ostrich! - PAW Patrol Episode - Cartoons for Kids Compilation,4067,1:07:47,7 Aug 2024,4iDVLcastjE,https://www.youtube.com/watch?v=4iDVLcastjE,
Mighty Pups Stop Pink Sludge! - PAW Patrol - Toy Play Episode for Kids,227,3:47,7 Aug 2024,C8hjMFvBssY,https://www.youtube.com/watch?v=C8hjMFvBssY,
Rescue Knight Pups save Princess Sweetie from a Dragon! - PAW Patrol Episode - Cartoons for Kids,4114,1:08:34,7 Aug 2024,mCvKw-maVZI,https://www.youtube.com/watch?v=mCvKw-maVZI,
Mighty Pups Fix the Train Tracks - PAW Patrol Episode - Cartoons for Kids,113,1:53,7 Aug 2024,RjFBvjOMTUQ,https://www.youtube.com/watch?v=RjFBvjOMTUQ,
Pups save Travelling Travis stuck in a Jungle tree! - PAW Patrol - Cartoons for Kids Compilation,4129,1:08:49,7 Aug 2024,59jZUi-Vybg,https://www.youtube.com/watch?v=59jZUi-Vybg,
Mighty Pups Stop a Whirlwind! - PAW Patrol - Toy Play Episode for Kids,208,3:28,7 Aug 2024,wgEwga5sRlk,https://www.youtube.com/watch?v=wgEwga5sRlk,
Dino Rescue Pups save the Turbots from a Triceratops! - PAW Patrol - Cartoons for Kids Compilation,4029,1:07:09,7 Aug 2024,zDj-R23kxzE,https://www.youtube.com/watch?v=zDj-R23kxzE,
Mighty Pups save Adventure Bay from Harold Humdinger! - PAW Patrol Episode - Cartoons for Kids,9561,2:39:21,7 Aug 2024,Pr6dwuomYB8,https://www.youtube.com/watch?v=Pr6dwuomYB8,
Mighty Pups Save Adventure City from a Hailstorm - PAW Patrol - Toy Play Episode for Kids,240,4:00,7 Aug 2024,DBTm2bGJp4Y,https://www.youtube.com/watch?v=DBTm2bGJp4Y,
Pups Save a Sea Slug - PAW Patrol Episode - Cartoons for Kids,121,2:01,7 Aug 2024,4Mf8e_D10DA,https://www.youtube.com/watch?v=4Mf8e_D10DA,
Rubble and Rocky save the Adventure Bay Carnival and more! - PAW Patrol Episode - Cartoons for Kids,4037,1:07:17,7 Aug 2024,lxP5gDP0Cyw,https://www.youtube.com/watch?v=lxP5gDP0Cyw,
The Pups Save a Carnival! - PAW Patrol Episode - Cartoons for Kids,121,2:01,7 Aug 2024,g2Ki9dMJFkc,https://www.youtube.com/watch?v=g2Ki9dMJFkc,
Wild Cat and Moto Pups save Chase and the Ruff Ruff Pack! - PAW Patrol Episode - Cartoons for Kids,4134,1:08:54,7 Aug 2024,aDDA4cY2qTk,https://www.youtube.com/watch?v=aDDA4cY2qTk,
Mighty Pups Save Humdinger’s Animals! - PAW Patrol - Toy Play Episode for Kids,206,3:26,7 Aug 2024,JjpBlALr0Cw,https://www.youtube.com/watch?v=JjpBlALr0Cw,
Rescue Knights Pups stop a magical sleepy spell and more episodes! - PAW Patrol - Cartoons for Kids,6952,1:55:52,7 Aug 2024,VcOCjistQaI,https://www.youtube.com/watch?v=VcOCjistQaI,
Mighty Pups save Adventure Bay from Harold Humdinger! - PAW Patrol - Cartoons for Kids Compilation,9561,2:39:21,7 Aug 2024,El-7x7-jtGk,https://www.youtube.com/watch?v=El-7x7-jtGk,
Ultimate Police Rescue Pups solve the missing phone mystery! - PAW Patrol Episode Cartoons for Kids,4066,1:07:46,7 Aug 2024,8wgt_wM67oA,https://www.youtube.com/watch?v=8wgt_wM67oA,
Mighty Pups Save the Adventure City Parade | PAW Patrol | Toy Play Episode for Kids,245,4:05,7 Aug 2024,x6Zvp2wTnmQ,https://www.youtube.com/watch?v=x6Zvp2wTnmQ,
"Jungle Rescue Pups save Tracker, Little Hairy the Monkey, and more! | PAW Patrol Cartoons for Kids",4079,1:07:59,7 Aug 2024,2Zp9BaAROjw,https://www.youtube.com/watch?v=2Zp9BaAROjw,
Pups Save a Missing Kangaroo! | PAW Patrol Episode | Cartoons for Kids,120,2:00,7 Aug 2024,AZATx7R134w,https://www.youtube.com/watch?v=AZATx7R134w,
PAW Patrol save Mayor Humdinger from the side of a cliff! | PAW Patrol Episode | Cartoons for Kids,4117,1:08:37,7 Aug 2024,8nnsIQW46dE,https://www.youtube.com/watch?v=8nnsIQW46dE,
"Pups Save Carnival Day, Elephants in the Jungle, and more! | PAW Patrol Episode | Cartoons for Kids",8945,2:29:05,7 Aug 2024,fxfd4-_1htk,https://www.youtube.com/watch?v=fxfd4-_1htk,
Mighty Pups Save a Pizza Party | PAW Patrol | Toy Play Episode for Kids,224,3:44,7 Aug 2024,J5iFxd1Ocrk,https://www.youtube.com/watch?v=J5iFxd1Ocrk,
Skye saves a Bunny on top of a Ferris Wheel and more! | PAW Patrol Episode | Cartoons for Kids,4124,1:08:44,7 Aug 2024,7kp5A3Gpy4U,https://www.youtube.com/watch?v=7kp5A3Gpy4U,
Mighty Pups Help a Traffic Jam | PAW Patrol | Toy Play Episode for Kids,241,4:01,7 Aug 2024,nQFuj9-G6jI,https://www.youtube.com/watch?v=nQFuj9-G6jI,
Ultimate Construction Pups rebuild Uncle Otis' Cabin! - PAW Patrol Episode - Cartoons for Kids,4134,1:08:54,7 Aug 2024,8qBBs18sveQ,https://www.youtube.com/watch?v=8qBBs18sveQ,
Pups help Danny get his stolen skateboard back! - PAW Patrol Episode - Cartoons for Kids Compilation,4033,1:07:13,7 Aug 2024,_-VoH4T4wFU,https://www.youtube.com/watch?v=_-VoH4T4wFU,
Mighty Pups Save Mayor Humdinger | PAW Patrol | Toy Play Episode for Kids,215,3:35,7 Aug 2024,wtURFgDmmVs,https://www.youtube.com/watch?v=wtURFgDmmVs,
Pups help Tracker rescue the Jungle from a super villain and more! - PAW Patrol - Cartoons for Kids,9858,2:44:18,7 Aug 2024,dd_YoSw6Qy8,https://www.youtube.com/watch?v=dd_YoSw6Qy8,
Mayor Humdinger's Hat-Car is out of control and more! - PAW Patrol Episode - Cartoons for Kids,4040,1:07:20,7 Aug 2024,Q1taffnXi3U,https://www.youtube.com/watch?v=Q1taffnXi3U,
Mighty Pups Save an Epic Dance Party - PAW Patrol - Toy Play Episode for Kids,296,4:56,7 Aug 2024,dRXcAllz3oI,https://www.youtube.com/watch?v=dRXcAllz3oI,
Pups save Chickaletta from Crocodiles and more! - PAW Patrol Episode - Cartoons for Kids Compilation,4040,1:07:20,7 Aug 2024,oAUhZhA2IpI,https://www.youtube.com/watch?v=oAUhZhA2IpI,
Ultimate Rescue Rubble builds a safe landing for Astronaut Gordy! | PAW Patrol Cartoons for Kids,4051,1:07:31,7 Aug 2024,lhEA7NJQZ0A,https://www.youtube.com/watch?v=lhEA7NJQZ0A,
Pups Save Mr. Porter’s Fruit Stand - PAW Patrol Episode - Cartoons for Kids,97,1:37,7 Aug 2024,CFh-wNJEbnY,https://www.youtube.com/watch?v=CFh-wNJEbnY,
Rescue Knights and Mission PAW Pups save Barkingburg and more! PAW Patrol Episode Cartoons for Kids,6996,1:56:36,7 Aug 2024,9_aa8QvPlrE,https://www.youtube.com/watch?v=9_aa8QvPlrE,
Mighty Pups Save Victoria Vance | PAW Patrol | Toy Play Episode for Kids,223,3:43,7 Aug 2024,0_ec8wvSqxI,https://www.youtube.com/watch?v=0_ec8wvSqxI,
Marshall rescues a Humquatch from a dangerous cliffside! | PAW Patrol Episode | Cartoons for Kids,4010,1:06:50,7 Aug 2024,gLYrgJ25s9M,https://www.youtube.com/watch?v=gLYrgJ25s9M,
Mighty Pups Stop a Giant Drill - PAW Patrol - Toy Play Episode for Kids,260,4:20,7 Aug 2024,yefET9bjtSI,https://www.youtube.com/watch?v=yefET9bjtSI,
Pups save the out of control tour bus and more! - PAW Patrol Episode - Cartoons for Kids Compilation,3973,1:06:13,7 Aug 2024,hg41Q830yRs,https://www.youtube.com/watch?v=hg41Q830yRs,
Big Truck Pups Highway Rescue! - PAW Patrol Episode - Cartoons for Kids,121,2:01,7 Aug 2024,FXwRA9pZQjs,https://www.youtube.com/watch?v=FXwRA9pZQjs,
Everest and Skye save the Goodways on a snow-shoe adventure - PAW Patrol Episode - Cartoons for Kids,4135,1:08:55,7 Aug 2024,aB1lUpFXJAw,https://www.youtube.com/watch?v=aB1lUpFXJAw,
"Skye and Zuma save Chickaletta, Roosterio, and more! - PAW Patrol Episode - Cartoons for Kids",8743,2:25:43,7 Aug 2024,uc46nJXi00c,https://www.youtube.com/watch?v=uc46nJXi00c,
Mighty Pups Stop a Giant Kitty - PAW Patrol - Toy Play Episode for Kids,245,4:05,7 Aug 2024,jkMP950ir5E,https://www.youtube.com/watch?v=jkMP950ir5E,
Skye and Chase save Al's farm and more! - PAW Patrol Episode - Cartoons for Kids Compilation,4009,1:06:49,7 Aug 2024,56soqO20aLc,https://www.youtube.com/watch?v=56soqO20aLc,
Mighty Pups Stop Falling Satellites! - PAW Patrol - Toy Play Episode for Kids,210,3:30,7 Aug 2024,YPvuG26zJRM,https://www.youtube.com/watch?v=YPvuG26zJRM,
Cat Pack and Pups stop Humdinger’s Metal Eating Tiger! - PAW Patrol - Cartoons for Kids,6284,1:44:44,7 Aug 2024,cppL5EMnAzE,https://www.youtube.com/watch?v=cppL5EMnAzE,
Rocky and Ryder save the giant balloon parade and more! - PAW Patrol Episode - Cartoons for Kids,4143,1:09:03,7 Aug 2024,pNrI9AK5EBY,https://www.youtube.com/watch?v=pNrI9AK5EBY,
The Pups Save Travis in the Jungle! - PAW Patrol Episode - Cartoons for Kids,121,2:01,7 Aug 2024,yap4a9xc2rc,https://www.youtube.com/watch?v=yap4a9xc2rc,
Skye rescues the Mayor on a mountain and more! - PAW Patrol Episode - Cartoons for Kids Compilation,4009,1:06:49,7 Aug 2024,FyMoG9FTQtc,https://www.youtube.com/watch?v=FyMoG9FTQtc,
Pups save Humdinger from a waterfall and more rescue episodes! - PAW Patrol - Cartoons for Kids,8439,2:20:39,7 Aug 2024,-rv8y03CT6s,https://www.youtube.com/watch?v=-rv8y03CT6s,
Mighty Pups Stop Super Growing Grass! - PAW Patrol - Toy Play Episode for Kids,261,4:21,7 Aug 2024,C1eSUeRdoWY,https://www.youtube.com/watch?v=C1eSUeRdoWY,
The search for the rare chicken tulip and more! - PAW Patrol Episode - Cartoons for Kids Compilation,4138,1:08:58,7 Aug 2024,_x7sNgczNnY,https://www.youtube.com/watch?v=_x7sNgczNnY,
"Pups save Elephants, Kitties, and more animal rescue episodes! - PAW Patrol - Cartoons for Kids",7970,2:12:50,7 Aug 2024,LhP9OBVfWKU,https://www.youtube.com/watch?v=LhP9OBVfWKU,
Pups rescue Tracker and the Monkeys in the Jungle! - PAW Patrol - Cartoons for Kids Compilation,6947,1:55:47,7 Aug 2024,whtYyuLRC7U,https://www.youtube.com/watch?v=whtYyuLRC7U,
Mighty Twins and Mighty Pups repair the bridge and more! - PAW Patrol - Cartoons for Kids,8967,2:29:27,7 Aug 2024,bZe1Izxau38,https://www.youtube.com/watch?v=bZe1Izxau38,
Skye saves Farmer Al's Pig from a scary storm! - PAW Patrol - Cartoons for Kids Compilation,4023,1:07:03,7 Aug 2024,RxzlXUCAm_k,https://www.youtube.com/watch?v=RxzlXUCAm_k,
Pups go camping and Rocky has a wild werepuppy dream! - PAW Patrol Episode - Cartoons for Kids,4022,1:07:02,7 Aug 2024,KWJh2qQE9YU,https://www.youtube.com/watch?v=KWJh2qQE9YU,
Over 1 Hour of Chase Rescues! 🚨 - PAW Patrol Episode - Cartoons for Kids,5784,1:36:24,7 Aug 2024,fd1MJTTvsgI,https://www.youtube.com/watch?v=fd1MJTTvsgI,
Big Truck Pups Rescue Al! - PAW Patrol Episode - Cartoons for Kids,121,2:01,7 Aug 2024,MHqLKQ2kKD0,https://www.youtube.com/watch?v=MHqLKQ2kKD0,
Dino Rescue Pups save Humdinger kitties from a sinking swamp! - PAW Patrol - Cartoons for Kids,4027,1:07:07,7 Aug 2024,d_l-kuiHHl0,https://www.youtube.com/watch?v=d_l-kuiHHl0,
Rescue Knights save Barkingburg and the Princess’ Painting! - PAW Patrol - Cartoons for Kids,6993,1:56:33,7 Aug 2024,zcaZ1sxUZu4,https://www.youtube.com/watch?v=zcaZ1sxUZu4,
Everest rescues Alex and Mr. Porter from the snowstorm! | PAW Patrol Episode | Cartoons for Kids,4095,1:08:15,7 Aug 2024,0QI3B56NWC8,https://www.youtube.com/watch?v=0QI3B56NWC8,
Tracker Saves Mayor Humdinger! | PAW Patrol Episode | Cartoons for Kids,121,2:01,7 Aug 2024,RbXFo5DxInY,https://www.youtube.com/watch?v=RbXFo5DxInY,
Pups Save Friendship Day with Ms Marjorie! - PAW Patrol - Cartoons for Kids,120,2:00,7 Aug 2024,ox2WeMxEBxw,https://www.youtube.com/watch?v=ox2WeMxEBxw,
PAW Patrol Friendship Song for Valentine's Day - PAW Patrol - Cartoons for Kids,119,1:59,7 Aug 2024,r2hd46TJZz8,https://www.youtube.com/watch?v=r2hd46TJZz8,
Rubble and Chase help a Squid get back to the Ocean! - PAW Patrol - Cartoons for Kids,7824,2:10:24,7 Aug 2024,mzuEynnLDDU,https://www.youtube.com/watch?v=mzuEynnLDDU,
Pups Help the Fish get over the Beaver Dam! | PAW Patrol | Cartoons for Kids Compilation,4034,1:07:14,7 Aug 2024,b__tH8NzRyk,https://www.youtube.com/watch?v=b__tH8NzRyk,
Rocky’s Runaway Box Fort and more rescue episodes! - PAW Patrol - Cartoons for Kids,9983,2:46:23,7 Aug 2024,fT-ciS7dk-U,https://www.youtube.com/watch?v=fT-ciS7dk-U,
Mighty Pups Stop a Spinning Energy Ring | PAW Patrol | Cartoons for Kids,244,4:04,7 Aug 2024,SQ2oMlb02Tw,https://www.youtube.com/watch?v=SQ2oMlb02Tw,
Dino Rescue Pups save the baby dinosaur eggs and more episodes! - PAW Patrol - Cartoons for Kids,8932,2:28:52,7 Aug 2024,mFcoxQZsntk,https://www.youtube.com/watch?v=mFcoxQZsntk,
Mighty Pups Save the City from Giant Crystals | PAW Patrol | Toy Play Episode for Kids,258,4:18,7 Aug 2024,Vhl3BLIpefQ,https://www.youtube.com/watch?v=Vhl3BLIpefQ,
PAW Patrol Rocket Rollerskate and Skateboard Rescue! - PAW Patrol - Cartoons for Kids Compilation,4138,1:08:58,7 Aug 2024,LIWwj6pArXI,https://www.youtube.com/watch?v=LIWwj6pArXI,
Rocky and Everest save Chickaletta inside a cuckoo clock and more! - PAW Patrol - Cartoons for Kids,4059,1:07:39,7 Aug 2024,c7j3URN-i-Y,https://www.youtube.com/watch?v=c7j3URN-i-Y,
Everest Gets Stuck in a Cave! - PAW Patrol - Cartoons for Kids,116,1:56,7 Aug 2024,9BZK9koEEnM,https://www.youtube.com/watch?v=9BZK9koEEnM,
Rubble Rescue Knights Missions and MORE - PAW Patrol - Cartoons for Kids,3500,58:20,7 Aug 2024,8rTJyz1qln8,https://www.youtube.com/watch?v=8rTJyz1qln8,
Rubble and Rocky save Carnival Day and more episodes! - PAW Patrol - Cartoons for Kids,8815,2:26:55,7 Aug 2024,IUuYbJKzVOU,https://www.youtube.com/watch?v=IUuYbJKzVOU,
Mighty Pups Charged Up stop the Humdinger Clones! - PAW Patrol - Cartoons for Kids Compilation,4107,1:08:27,7 Aug 2024,CJONdYWy5Ro,https://www.youtube.com/watch?v=CJONdYWy5Ro,
Pups save Mr. Humdinger on an out of control Robot Pony! - PAW Patrol Cartoons for Kids Compilation,4144,1:09:04,7 Aug 2024,6-CFW4vo-cY,https://www.youtube.com/watch?v=6-CFW4vo-cY,
"Pups save the Castle, Fix the Train tracks, and more episodes! - PAW Patrol - Cartoons for Kids",7976,2:12:56,7 Aug 2024,4dMeTYhjTdk,https://www.youtube.com/watch?v=4dMeTYhjTdk,
Pups Rescue Dinosaurs from Hot Volcano Lava and more! - PAW Patrol - Cartoons for Kids Compilation,4025,1:07:05,7 Aug 2024,4oP-6g6v0iM,https://www.youtube.com/watch?v=4oP-6g6v0iM,
Pups Melt the Frozen Kingdom and Save Humdinger’s Kitties! PAW Patrol Cartoons for Kids Compilation,7466,2:04:26,7 Aug 2024,-Nf-zGrYyAA,https://www.youtube.com/watch?v=-Nf-zGrYyAA,
Mighty Pups Save a Falling Tree | PAW Patrol | Toy Play Episode for Kids,275,4:35,7 Aug 2024,LUQnW-ZmVT4,https://www.youtube.com/watch?v=LUQnW-ZmVT4,
Mighty Pups save Adventure Bay from Copycat and more! | PAW Patrol | Cartoons for Kids Compilation,4036,1:07:16,7 Aug 2024,KqzFjZ4xjuo,https://www.youtube.com/watch?v=KqzFjZ4xjuo,
Mighty Pups stop Ladybird and save Mayor Goodway! - PAW Patrol - Cartoons for Kids Compilation,10940,3:02:20,7 Aug 2024,Al5HZrvS2T0,https://www.youtube.com/watch?v=Al5HZrvS2T0,
Ultimate Rescue Zuma saves the Mayor from a swamp and more! | PAW Patrol | Cartoons for Kids,4148,1:09:08,7 Aug 2024,PyQsrVnouEM,https://www.youtube.com/watch?v=PyQsrVnouEM,
Big Truck Pups Rescues with Al and MORE! | PAW Patrol | Cartoons for Kids,3537,58:57,7 Aug 2024,3yDc18DteVk,https://www.youtube.com/watch?v=3yDc18DteVk,
Big Truck Pups Stop a Falling Satellite | PAW Patrol | Cartoons for Kids,121,2:01,7 Aug 2024,U_axnqtcLxQ,https://www.youtube.com/watch?v=U_axnqtcLxQ,
Mighty Pups Lightning Storm Rescue | PAW Patrol | Toy Play Episode for Kids,265,4:25,7 Aug 2024,UQ8mLEriQuI,https://www.youtube.com/watch?v=UQ8mLEriQuI,
Rescue Knight Rubble saves Barkingburg from a Sleep Spell! PAW Patrol Cartoons for Kids Compilation,8254,2:17:34,7 Aug 2024,aeKmSUhRm3Y,https://www.youtube.com/watch?v=aeKmSUhRm3Y,
Pups save Dino Wilds from a volcano eruption and more! | PAW Patrol | Cartoons for Kids Compilation,4045,1:07:25,7 Aug 2024,vuArVn8fA2o,https://www.youtube.com/watch?v=vuArVn8fA2o,
Pups save scared Elephants from a Jungle Temple! - PAW Patrol - Cartoons for Kids Compilation,7526,2:05:26,7 Aug 2024,x4MgGWYYymw,https://www.youtube.com/watch?v=x4MgGWYYymw,
Pups Save a Chocolate covered Mayor Humdinger and more! - PAW Patrol - Cartoons for Kids Compilation,8556,2:22:36,7 Aug 2024,svTBFdtewuY,https://www.youtube.com/watch?v=svTBFdtewuY,
Mighty Pups Stop a Sewer Disaster - PAW Patrol - Toy Play Episode for Kids,256,4:16,7 Aug 2024,SZQ2uy8slWg,https://www.youtube.com/watch?v=SZQ2uy8slWg,
Zuma saves Rocky in a runaway box fort and more! - PAW Patrol - Cartoons for Kids Compilation,7614,2:06:54,7 Aug 2024,uV2VfHtv3eI,https://www.youtube.com/watch?v=uV2VfHtv3eI,
Katie leads the PAW Patrol to stop the barking cats! | PAW Patrol | Cartoons for Kids Compilation,4056,1:07:36,7 Aug 2024,FzOxUrJGijQ,https://www.youtube.com/watch?v=FzOxUrJGijQ,
Everest and Rocky stop the Walking House and more! - PAW Patrol - Cartoons for Kids Compilation,4076,1:07:56,7 Aug 2024,Fom9_Pzucv0,https://www.youtube.com/watch?v=Fom9_Pzucv0,
Pups Stop a Giant Humdinger - PAW Patrol - Cartoons for Kids,120,2:00,7 Aug 2024,qnW6K7JA5YM,https://www.youtube.com/watch?v=qnW6K7JA5YM,
Skye Meets the Mighty Twins and MORE - PAW Patrol - Cartoons for Kids,3539,58:59,7 Aug 2024,qnWz1__G7i0,https://www.youtube.com/watch?v=qnWz1__G7i0,
Mighty Pups Stop an Icy Experiment - PAW Patrol - Toy Play Episode for Kids,278,4:38,7 Aug 2024,1Xa7XftGcwc,https://www.youtube.com/watch?v=1Xa7XftGcwc,
Pups save the Jungle with Tracker and Carlos! - PAW Patrol - Cartoons for Kids Compilation,8950,2:29:10,7 Aug 2024,WmG3lcXvFAA,https://www.youtube.com/watch?v=WmG3lcXvFAA,
Cowboy Pups save the sleepwalking Mayor and more! - PAW Patrol - Cartoons for Kids Compilation,4000,1:06:40,7 Aug 2024,DLdNFbBFZ4w,https://www.youtube.com/watch?v=DLdNFbBFZ4w,
Skye saves Tiger's from a volcano and more! - PAW Patrol - Cartoons for Kids Compilation,4151,1:09:11,7 Aug 2024,kPi_EzvL6lM,https://www.youtube.com/watch?v=kPi_EzvL6lM,
"Sea Patrol Pups save Chickaletta, Miss Marjorie, and more! PAW Patrol Cartoons for Kids Compilation",8713,2:25:13,7 Aug 2024,M699Imv-5mQ,https://www.youtube.com/watch?v=M699Imv-5mQ,
Skye and Rescue Knight Pups save the Kingdom from a Sleepy Spell! - PAW Patrol - Cartoons for Kids,7032,1:57:12,7 Aug 2024,Y5hiXCVF_TQ,https://www.youtube.com/watch?v=Y5hiXCVF_TQ,
Spy Chase solves the mystery of the missing painting! - PAW Patrol - Cartoons for Kids Compilation,7772,2:09:32,7 Aug 2024,jkKY8rRp-BA,https://www.youtube.com/watch?v=jkKY8rRp-BA,
Mighty Pups Clean the Slippery Streets | PAW Patrol | Toy Play Episode for Kids,213,3:33,7 Aug 2024,8R70xbi1O_U,https://www.youtube.com/watch?v=8R70xbi1O_U,
Ultimate Rescue Marshall stops an underground fire and more! | PAW Patrol | Cartoons for Kids,4086,1:08:06,7 Aug 2024,RB9o9FwRvlI,https://www.youtube.com/watch?v=RB9o9FwRvlI,
Mighty Pups Stop Mobile Meteor Magnet | PAW Patrol | Toy Play Episode for Kids,263,4:23,7 Aug 2024,Z6TnifyT-hc,https://www.youtube.com/watch?v=Z6TnifyT-hc,
Tracker and Pups stop Cheetah from destroying the Jungle! - PAW Patrol Cartoons for Kids Compilation,8178,2:16:18,7 Aug 2024,vkfYjjk_xGY,https://www.youtube.com/watch?v=vkfYjjk_xGY,
Mighty Pups defeat a giant evil robot and more! | PAW Patrol | Cartoons for Kids Compilation,4111,1:08:31,7 Aug 2024,eDdkKbjRnos,https://www.youtube.com/watch?v=eDdkKbjRnos,
Ultimate Rescue Marshall puts out fires with the Pups! - PAW Patrol - Cartoons for Kids Compilation,9212,2:33:32,7 Aug 2024,MZ4gDsCtMqI,https://www.youtube.com/watch?v=MZ4gDsCtMqI,
Mighty Pups repair the train tracks and save a Humquatch! - PAW Patrol - Cartoons for Kids,7819,2:10:19,7 Aug 2024,sGKN6yBhEWk,https://www.youtube.com/watch?v=sGKN6yBhEWk,
Mighty Pups defeat Super Villains with the Mighty Twins - PAW Patrol - Cartoons for Kids Compilation,7239,2:00:39,7 Aug 2024,Ayqqd8nAEqE,https://www.youtube.com/watch?v=Ayqqd8nAEqE,
Pups Team up with the Cat Pack for High-Speed Rescues! - PAW Patrol - Cartoons for Kids Compilation,7553,2:05:53,7 Aug 2024,gFvLG31CY-g,https://www.youtube.com/watch?v=gFvLG31CY-g,
Pups Stop Humdinger’s Kitty Rescue Crew and More! - PAW Patrol - Cartoons for Kids,9679,2:41:19,7 Aug 2024,An_alSPFgx0,https://www.youtube.com/watch?v=An_alSPFgx0,
"Rescue Knight Pups save Baby Dragons, Tigers and more! - PAW Patrol - Cartoons for Kids Compilation",7782,2:09:42,7 Aug 2024,fmRl-AIHv2Y,https://www.youtube.com/watch?v=fmRl-AIHv2Y,
Charged Up Mighty Pups save Adventure Bay from Copycat’s Magic Dome! - PAW Patrol Cartoons for Kids,7375,2:02:55,7 Aug 2024,FS_NjJx9G7U,https://www.youtube.com/watch?v=FS_NjJx9G7U,
Mighty Pups Meet the Mighty Twins and Stop the Copycat! - PAW Patrol - Cartoons for Kids,8659,2:24:19,7 Aug 2024,QH3RRqQyGdA,https://www.youtube.com/watch?v=QH3RRqQyGdA,
Rescue Knight Pups save the Kingdom from a Red Dragon! - PAW Patrol - Cartoons for Kids,7635,2:07:15,7 Aug 2024,U8veWTMF4qU,https://www.youtube.com/watch?v=U8veWTMF4qU,
Chase Saves a Silly Squid from a Museum and More! - PAW Patrol - Cartoons for Kids,7605,2:06:45,7 Aug 2024,g72M8NfT9Hs,https://www.youtube.com/watch?v=g72M8NfT9Hs,
Rescue Knights Pups save Barkingburg Castle and More! - PAW Patrol - Cartoons for Kids,9609,2:40:09,7 Aug 2024,BV0NMGzxVvk,https://www.youtube.com/watch?v=BV0NMGzxVvk,
Best Sea Patrol Water Rescue Episodes! - PAW Patrol - Cartoons for Kids,7739,2:08:59,7 Aug 2024,B_wb9Sy8SLQ,https://www.youtube.com/watch?v=B_wb9Sy8SLQ,
"Animal Rescues! Pups save a Horse, a Penguin, and more! - PAW Patrol - Cartoons for Kids",7119,1:58:39,7 Aug 2024,J_CFVuv5IDQ,https://www.youtube.com/watch?v=J_CFVuv5IDQ,
Marshall’s Load ‘N’ Launch Fire Truck How To Play - PAW Patrol - Toys for Kids,57,0:57,7 Aug 2024,I8BroejVGTo,https://www.youtube.com/watch?v=I8BroejVGTo,
Big Truck Pups Stop Jake's Runaway Ski Chalet | PAW Patrol | Cartoons for Kids,121,2:01,7 Aug 2024,XTgNE_NSab0,https://www.youtube.com/watch?v=XTgNE_NSab0,
Skye Dino Rescues and MORE - PAW Patrol Compilation - Cartoons for Kids,3672,1:01:12,7 Aug 2024,GlWYGSD_1po,https://www.youtube.com/watch?v=GlWYGSD_1po,
Chase and Skye Rescue Missions and MORE 🚨 - PAW Patrol Compilation - Cartoons for Kids,3447,57:27,7 Aug 2024,-L9NVfOlIJk,https://www.youtube.com/watch?v=-L9NVfOlIJk,
Charger and Rubble fix Mr. Porter's café and more! - PAW Patrol - Cartoons for Kids Compilation,1292,21:32,7 Aug 2024,GqIu5aCA64U,https://www.youtube.com/watch?v=GqIu5aCA64U,
Zuma's Beachside Art Gallery #2 - PAW Patrol Academy - App for Kids,551,9:11,7 Aug 2024,XIHqW1Gd0U4,https://www.youtube.com/watch?v=XIHqW1Gd0U4,
Best Big Truck Pups Rescues and MORE - PAW Patrol - Cartoons for Kids Compilation,3933,1:05:33,7 Aug 2024,duJpVu5qXsY,https://www.youtube.com/watch?v=duJpVu5qXsY,
The Mighty Pups Stop Lady Bird - PAW Patrol Episode - Cartoons for kids,121,2:01,7 Aug 2024,cziuKzhvMf8,https://www.youtube.com/watch?v=cziuKzhvMf8,
Big Truck Pups stop Jake's Lodge sliding down the hill and more! - PAW Patrol - Cartoons for Kids,1175,19:35,7 Aug 2024,qGJSwjl3Lso,https://www.youtube.com/watch?v=qGJSwjl3Lso,
Pups and Cat Pack return the Golden Mask and more! - PAW Patrol - Cartoons for Kids Compilation,1175,19:35,7 Aug 2024,Qm-7bsteG2s,https://www.youtube.com/watch?v=Qm-7bsteG2s,
Big Truck Pups save the Luke Stars concert and more! - PAW Patrol - Cartoons for Kids Compilation,1176,19:36,7 Aug 2024,aPGAPLYZ5z0,https://www.youtube.com/watch?v=aPGAPLYZ5z0,
Rescue Knights Moto Pups and MORE! - PAW Patrol - Cartoons for Kids,4002,1:06:42,7 Aug 2024,bkl_q3jKR0Q,https://www.youtube.com/watch?v=bkl_q3jKR0Q,
Big Truck Pups and Al Save a Shaky Bridge! - PAW Patrol - Cartoons for Kids,121,2:01,7 Aug 2024,8jhE3FRM1No,https://www.youtube.com/watch?v=8jhE3FRM1No,
Aqua Pups stop Moby to save the Puplantis Race and more! PAW Patrol - Cartoons for Kids Compilation,1292,21:32,7 Aug 2024,rWJBuNKIDF0,https://www.youtube.com/watch?v=rWJBuNKIDF0,
Marshall and Skye Save Adventure Bay and More Episodes! - PAW Patrol - Cartoons for Kids Compilation,5564,1:32:44,7 Aug 2024,0AU06Xm5qMU,https://www.youtube.com/watch?v=0AU06Xm5qMU,
Best PAW Patrol Rescue Episodes with Zuma & Marshall! - PAW Patrol - Cartoons for Kids Compilation,4766,1:19:26,7 Aug 2024,gqSAuwHgAWs,https://www.youtube.com/watch?v=gqSAuwHgAWs,
Big Truck Pups repair the big bridge and more! | PAW Patrol | Cartoons for Kids Compilation,1175,19:35,7 Aug 2024,Juc8Asdlsso,https://www.youtube.com/watch?v=Juc8Asdlsso,
All Pups Team Up to stop Codi Gizmody and more rescues! | PAW Patrol | Cartoons for Kids Compilation,1176,19:36,7 Aug 2024,jVnFTWpgwB4,https://www.youtube.com/watch?v=jVnFTWpgwB4,
Chase and Zuma Best Rescue Episodes! - PAW Patrol - Cartoons for Kids Compilation,4487,1:14:47,7 Aug 2024,5ekPZye2q4s,https://www.youtube.com/watch?v=5ekPZye2q4s,
Moto Pups Rescue Mayor Goodway and MORE | PAW Patrol | Cartoons for Kids Compilation,3567,59:27,7 Aug 2024,UxAA5zj5uFY,https://www.youtube.com/watch?v=UxAA5zj5uFY,
Best Mighty Pups Rescues and more episodes! - PAW Patrol - Cartoons for Kids Compilation,4685,1:18:05,7 Aug 2024,lVCRRCUIKXU,https://www.youtube.com/watch?v=lVCRRCUIKXU,
Rubble Saves Mayor Humdinger’s Kitties | PAW Patrol | Cartoons for Kids,121,2:01,7 Aug 2024,ryn9NPxRgQk,https://www.youtube.com/watch?v=ryn9NPxRgQk,
PAW Patrol Jungle Rescues with the Cat Pack and more! | PAW Patrol | Cartoons for Kids Compilation,1175,19:35,7 Aug 2024,YgaNLOx4_Cc,https://www.youtube.com/watch?v=YgaNLOx4_Cc,
Best Marshall and Rubble Rescue Episodes - PAW Patrol - Cartoons for Kids Compilation,3799,1:03:19,7 Aug 2024,0nNLsFuqUUc,https://www.youtube.com/watch?v=0nNLsFuqUUc,
Mighty Pups and Cat Pack stop a rocket and more! - PAW Patrol - Cartoons for Kids Compilation,1174,19:34,7 Aug 2024,BLYejiVfI_4,https://www.youtube.com/watch?v=BLYejiVfI_4,
Best Zuma Rescue Missions and More Episodes - PAW Patrol - Cartoons for Kids Compilation,4282,1:11:22,7 Aug 2024,qxROL7b7qS8,https://www.youtube.com/watch?v=qxROL7b7qS8,
"Aqua Pups save Moby, Coral, and the reef! - PAW Patrol - Cartoons for Kids Compilation",706,11:46,7 Aug 2024,28527mSYRTw,https://www.youtube.com/watch?v=28527mSYRTw,
Learn Shapes with Rocky! - PAW Patrol Academy - App for Kids,538,8:58,7 Aug 2024,3a2E4miC9NM,https://www.youtube.com/watch?v=3a2E4miC9NM,
Best Rubble and Zuma Rescue Episodes! - PAW Patrol - Cartoons for Kids Compilation,4268,1:11:08,7 Aug 2024,0GvD3YsD6Bg,https://www.youtube.com/watch?v=0GvD3YsD6Bg,
"Cat Pack, Moto Pups and Much More Rescue Episodes - PAW Patrol - Cartoons for Kids Compilation",4002,1:06:42,7 Aug 2024,9XpqvPB8tLc,https://www.youtube.com/watch?v=9XpqvPB8tLc,
Best Ultimate Rescue Missions and More Episodes! - PAW Patrol - Cartoons for Kids Compilation,4073,1:07:53,7 Aug 2024,A5DlXzuEN04,https://www.youtube.com/watch?v=A5DlXzuEN04,
Rubble and Marshall Team Up for Epic Rescues! - PAW Patrol Rescue Episode - Cartoons for kids,3420,57:00,7 Aug 2024,ovbI4hw9aRU,https://www.youtube.com/watch?v=ovbI4hw9aRU,
Mission PAW Spy and Ultimate Rescue Episodes! - PAW Patrol - Cartoons for Kids Compilation,3953,1:05:53,7 Aug 2024,-aLL_2TVjDw,https://www.youtube.com/watch?v=-aLL_2TVjDw,
Skye and Chase Save the Farm Animals - PAW Patrol - Cartoons for Kids,121,2:01,7 Aug 2024,ZdI13a5wrDc,https://www.youtube.com/watch?v=ZdI13a5wrDc,
Cat Pack & Moto Pups Rescue Episodes! - PAW Patrol - Cartoons for Kids Compilation,3939,1:05:39,7 Aug 2024,zPfgvszs6_o,https://www.youtube.com/watch?v=zPfgvszs6_o,
Rubble's Cousin Charger helps fix Porter's Café! - PAW Patrol - Cartoons for Kids Compilation,589,9:49,7 Aug 2024,6mDrQVa78S0,https://www.youtube.com/watch?v=6mDrQVa78S0,
Marshall and Skye Rescue Knights & More Episodes! - PAW Patrol - Cartoons for Kids Compilation,3977,1:06:17,7 Aug 2024,m_LNmGY3fL4,https://www.youtube.com/watch?v=m_LNmGY3fL4,
Jungle Rescue Pups save a Baby Elephant! | PAW Patrol | Cartoons for Kids Compilation,589,9:49,7 Aug 2024,SmLDdhNhXpM,https://www.youtube.com/watch?v=SmLDdhNhXpM,
Aqua Pups and Animal Rescue Missions - PAW Patrol - Cartoons for Kids Compilation,6258,1:44:18,7 Aug 2024,rEPjY2V2-Dc,https://www.youtube.com/watch?v=rEPjY2V2-Dc,
Big Truck Pups save Jake's Ski Lodge sliding downhill and more! | PAW Patrol | Cartoons for Kids,589,9:49,7 Aug 2024,2x-oSWqTfis,https://www.youtube.com/watch?v=2x-oSWqTfis,
Over 1 Hour of PAW Patrol Season 8 Rescue Episodes! - PAW Patrol - Cartoons for Kids,6167,1:42:47,7 Aug 2024,q9fx5643hDg,https://www.youtube.com/watch?v=q9fx5643hDg,
PAW Patrol and Cat Pack Save the Day and more episodes! - PAW Patrol - Cartoons for Kids Compilation,3328,55:28,7 Aug 2024,TV1NDUJsSd0,https://www.youtube.com/watch?v=TV1NDUJsSd0,
Learn ABCs with Chase Part 2 | PAW Patrol Academy | App for Kids,521,8:41,7 Aug 2024,z6olqhGaGiM,https://www.youtube.com/watch?v=z6olqhGaGiM,
Rubble & Marshall's Best Mighty Pups Rescue Episodes - PAW Patrol - Cartoons for Kids Compilation,3944,1:05:44,7 Aug 2024,meM2n7qFmXw,https://www.youtube.com/watch?v=meM2n7qFmXw,
Mighty Marshall Stops the Robot And MORE! - PAW Patrol Rescue Episode - Cartoons for kids,3653,1:00:53,7 Aug 2024,5Eup1o1TTPM,https://www.youtube.com/watch?v=5Eup1o1TTPM,
Over 1 Hour of Season 6 PAW Patrol Rescue Episodes! - PAW Patrol - Cartoons for Kids Compilation,6360,1:46:00,7 Aug 2024,298CQJfZsL8,https://www.youtube.com/watch?v=298CQJfZsL8,
Adventure Bay Bears! - PAW Patrol Rescue Episode - Cartoons for kids,119,1:59,7 Aug 2024,YlZPbKSx7xU,https://www.youtube.com/watch?v=YlZPbKSx7xU,
Aqua Pups and Sea Creatures team up to save the Whale Patroller! | PAW Patrol | Cartoons for Kids,589,9:49,7 Aug 2024,WkQpt3WtpPk,https://www.youtube.com/watch?v=WkQpt3WtpPk,
Skye Stops a Runaway Trash Truck and more episodes! - PAW Patrol - Cartoons for Kids Compilation,3681,1:01:21,7 Aug 2024,xpwZEFb7LjI,https://www.youtube.com/watch?v=xpwZEFb7LjI,
Over 1 Hour of Chase and Rubble Rescue Episodes! - PAW Patrol - Cartoons for Kids Compilation,3776,1:02:56,7 Aug 2024,QJACU5EBH0s,https://www.youtube.com/watch?v=QJACU5EBH0s,
Over 1 Hour of Rubble Ultimate Rescues & More Episodes! - PAW Patrol - Cartoons for Kids Compilation,4127,1:08:47,7 Aug 2024,aJkEZvOGzBs,https://www.youtube.com/watch?v=aJkEZvOGzBs,
Chase and Cat Pack save the Golden Mask! - PAW Patrol - Cartoons for Kids Compilation,589,9:49,7 Aug 2024,FxrTHAZQroE,https://www.youtube.com/watch?v=FxrTHAZQroE,
Skye & Marshall Save Mayor Goodway and More Episodes! - PAW Patrol - Cartoons for Kids Compilation,3964,1:06:04,7 Aug 2024,JLafAh_4nH4,https://www.youtube.com/watch?v=JLafAh_4nH4,
PAW Patrol On A Roll Full Game Playthrough - PAW Patrol Cartoons for Kids Compilation,15040,4:10:40,7 Aug 2024,EgmRl8jTOhQ,https://www.youtube.com/watch?v=EgmRl8jTOhQ,
Mighty Twins save Mayor Goodway inside a Giant Eel! - PAW Patrol - Cartoons for Kids Compilation,590,9:50,7 Aug 2024,33iIKeCUmKI,https://www.youtube.com/watch?v=33iIKeCUmKI,
PAW Patrol Mighty Pups Save Adventure Bay - Full Game Playthrough - Cartoons for Kids Compilation,6586,1:49:46,7 Aug 2024,ZRnLNxwOuiE,https://www.youtube.com/watch?v=ZRnLNxwOuiE,
Over 1 Hour of Skye & Rubble Rescues and more! - PAW Patrol - Cartoons for Kids Compilation,4204,1:10:04,7 Aug 2024,p0YV_9M-Y1U,https://www.youtube.com/watch?v=p0YV_9M-Y1U,
PAW Patrol The Movie: Adventure City Calls - Full Game Playthrough - Cartoons for Kids Compilation,6558,1:49:18,7 Aug 2024,gjmYwyC9lE0,https://www.youtube.com/watch?v=gjmYwyC9lE0,
Big Truck Pups save Luke Stars' music gear and concert! - PAW Patrol - Cartoons for Kids,589,9:49,7 Aug 2024,7poZxUmFWUE,https://www.youtube.com/watch?v=7poZxUmFWUE,
Skye's Dance Party Part 2 - PAW Patrol Academy - App for Kids,408,6:48,7 Aug 2024,loXyffnnv7A,https://www.youtube.com/watch?v=loXyffnnv7A,
Ultimate Rescue PAW Patrol teamwork missions! - PAW Patrol - Cartoons for Kids Compilation,3551,59:11,7 Aug 2024,TXovJT6WX2g,https://www.youtube.com/watch?v=TXovJT6WX2g,
"PAW Patrol Mighty Pups, Dino Rescues, and More! - PAW Patrol - Cartoons for Kids Compilation",3700,1:01:40,7 Aug 2024,Oc6lnXIqEuQ,https://www.youtube.com/watch?v=Oc6lnXIqEuQ,
Pups Save a Tyrannosaurus’ Birthday and MORE! - PAW Patrol - Cartoons for Kids,3321,55:21,7 Aug 2024,ds5RDF17HAg,https://www.youtube.com/watch?v=ds5RDF17HAg,
PAW Patrol Spy Mission Rescues and more! - PAW Patrol - Cartoons for Kids Compilation,3573,59:33,7 Aug 2024,ZvLUdyCxtPY,https://www.youtube.com/watch?v=ZvLUdyCxtPY,
Chase and Marshall Mighty Pups Rescues and more! - PAW Patrol - Cartoons for Kids Compilation,4118,1:08:38,7 Aug 2024,dssyJ1IR9uo,https://www.youtube.com/watch?v=dssyJ1IR9uo,
Chase Saves Mayor Humdinger and Baby Birds | PAW Patrol | Cartoons for Kids,121,2:01,7 Aug 2024,ERn7Jexmiz4,https://www.youtube.com/watch?v=ERn7Jexmiz4,
PAW Patrol Mighty Pups and Mighty Twins rescues! | PAW Patrol | Cartoons for Kids Compilation,3562,59:22,7 Aug 2024,8b4Ax1wrTLM,https://www.youtube.com/watch?v=8b4Ax1wrTLM,
"Rescue Knights, Baby Dragons and more! 🏰🐉 - PAW Patrol - Cartoons for Kids Compilation",3476,57:56,7 Aug 2024,HQdbov8M3FI,https://www.youtube.com/watch?v=HQdbov8M3FI,
Cat Pack and Tracker save a Baby Monkey! | PAW Patrol | Cartoons for Kids Compilation,589,9:49,7 Aug 2024,lEJ8Ze-XdvY,https://www.youtube.com/watch?v=lEJ8Ze-XdvY,
PAW Patrol stop Giant Humdinger and more! | PAW Patrol | Cartoons for Kids Compilation,3591,59:51,7 Aug 2024,9ZLhH5EFkW4,https://www.youtube.com/watch?v=9ZLhH5EFkW4,
Over 1 Hour of Chase and Marshall's Best Rescues - PAW Patrol - Cartoons for Kids Compilation,3819,1:03:39,7 Aug 2024,3ER0AW0oceg,https://www.youtube.com/watch?v=3ER0AW0oceg,
"PAW Patrol Rescues in the Air, Sea, Jungle, and more! | PAW Patrol | Cartoons for Kids Compilation",3561,59:21,7 Aug 2024,9BOTvnyInrs,https://www.youtube.com/watch?v=9BOTvnyInrs,
Best Dino Pups Rescues and Mighty Missions - PAW Patrol - Cartoons for Kids Compilation,3706,1:01:46,7 Aug 2024,-WUaVRXuHRA,https://www.youtube.com/watch?v=-WUaVRXuHRA,
Aqua Pups save the Underwater Race! | PAW Patrol | Cartoons for Kids Compilation,707,11:47,7 Aug 2024,jU82G6e4HY8,https://www.youtube.com/watch?v=jU82G6e4HY8,
Chase and Marshall Ultimate Rescue Episodes! - PAW Patrol - Cartoons for Kids Compilation,3895,1:04:55,7 Aug 2024,a1Zw-KtHFQY,https://www.youtube.com/watch?v=a1Zw-KtHFQY,
PAW Patrol Rescue Knights Save Baby Dragons and More! | PAW Patrol | Cartoons for Kids Compilation,3679,1:01:19,7 Aug 2024,KfdCpk_EYE0,https://www.youtube.com/watch?v=KfdCpk_EYE0,
Aqua Pups save Puplantis from floating away! | PAW Patrol | Cartoons for Kids Compilation,589,9:49,7 Aug 2024,aMSDoHZ3mRg,https://www.youtube.com/watch?v=aMSDoHZ3mRg,
PAW Patrol Mighty Pups save a Rocket Ship and more! - PAW Patrol - Cartoons for Kids Compilation,4008,1:06:48,7 Aug 2024,qhWKIHdTmww,https://www.youtube.com/watch?v=qhWKIHdTmww,
Over 1 Hour of Chase Mighty Rescues and more episodes! - PAW Patrol - Cartoons for Kids Compilation,4187,1:09:47,7 Aug 2024,SU4QLsexsG0,https://www.youtube.com/watch?v=SU4QLsexsG0,
Ultimate Rescue PAW Patrol save animals and more! - PAW Patrol - Cartoons for Kids Compilation,4109,1:08:29,7 Aug 2024,N4vZ3Pslf74,https://www.youtube.com/watch?v=N4vZ3Pslf74,
Over 1 Hour of Chase Ultimate Rescue Episodes! - PAW Patrol - Cartoons for Kids Compilation,4290,1:11:30,7 Aug 2024,PbEHsRPaH0E,https://www.youtube.com/watch?v=PbEHsRPaH0E,
Rocky Saves the Frozen Kingdom and MORE Episodes | PAW Patrol | Cartoons for Kids Compilation,3421,57:01,7 Aug 2024,zjXjZEWnlUg,https://www.youtube.com/watch?v=zjXjZEWnlUg,
Rocky and Rubble Save the Turbots | PAW Patrol | Cartoons for Kids,120,2:00,7 Aug 2024,nhgAZhTHTIg,https://www.youtube.com/watch?v=nhgAZhTHTIg,
PAW Patrol Moto Pups rescue episodes and more! - PAW Patrol - Cartoons for Kids Compilation,3954,1:05:54,7 Aug 2024,V5rpO7mJqPA,https://www.youtube.com/watch?v=V5rpO7mJqPA,
Chase & Wildcat Stop the Ruff-Ruff Pack and more! - PAW Patrol - Cartoons for Kids Compilation,3992,1:06:32,7 Aug 2024,JJPPDjlRxgE,https://www.youtube.com/watch?v=JJPPDjlRxgE,
Dino Rescue PAW Patrol saves dinosaurs and more! | PAW Patrol | Cartoons for Kids Compilation,4800,1:20:00,7 Aug 2024,f2ytfcEO3dU,https://www.youtube.com/watch?v=f2ytfcEO3dU,
Over 1 Hour of Chase Rescue Knights Episodes and More - PAW Patrol - Cartoons for Kids Compilation,3858,1:04:18,7 Aug 2024,mhpVkHcSSeo,https://www.youtube.com/watch?v=mhpVkHcSSeo,
"Best Rescues from Skye, Zuma and more episodes! | PAW Patrol | Cartoons for Kids Compilation",5139,1:25:39,7 Aug 2024,0X4PxQCDki8,https://www.youtube.com/watch?v=0X4PxQCDki8,
Big Truck Pups Save the Adventure Bay Bridge! | PAW Patrol | Cartoons for Kids Compilation,589,9:49,7 Aug 2024,aIhcc4xrL_M,https://www.youtube.com/watch?v=aIhcc4xrL_M,
PAW Patrol Sea Patrol stops Sid The Pirate and more! | PAW Patrol | Cartoons for Kids Compilation,4381,1:13:01,7 Aug 2024,PQUEijHp9y4,https://www.youtube.com/watch?v=PQUEijHp9y4,
Chase's Best Mighty Pups Rescues and More Episodes! - PAW Patrol - Cartoons for Kids Compilation,4197,1:09:57,7 Aug 2024,QaqoXDuJuRI,https://www.youtube.com/watch?v=QaqoXDuJuRI,
Big Truck Pups Save the Dam from Flooding! | PAW Patrol | Cartoons for Kids Compilation,589,9:49,7 Aug 2024,efdJ2lwj1S8,https://www.youtube.com/watch?v=efdJ2lwj1S8,
Ultimate Rescue PAW Patrol stop a Movie Monster and more! PAW Patrol | Cartoons for Kids Compilation,4368,1:12:48,7 Aug 2024,kMQ7vEzZN8M,https://www.youtube.com/watch?v=kMQ7vEzZN8M,
Rex Saves the Dino Wilds and More Rescue Episodes | PAW Patrol | Cartoons for Kids Compilation,4048,1:07:28,7 Aug 2024,N0iNDfMlM4Y,https://www.youtube.com/watch?v=N0iNDfMlM4Y,
Over 1 hour of Marshall's Best Rescues! - PAW Patrol - Cartoons for Kids Compilation,3963,1:06:03,7 Aug 2024,FWfW_mQvmZ0,https://www.youtube.com/watch?v=FWfW_mQvmZ0,
Every Pup Teams Up to stop Codi Gizmody! All Paws On Deck! | PAW Patrol | Cartoons for Kids,590,9:50,7 Aug 2024,jWRkeAdtGy4,https://www.youtube.com/watch?v=jWRkeAdtGy4,
PAW Patrol Mighty Pups rescue a Mega Mayor and more! | PAW Patrol | Cartoons for Kids Compilation,4191,1:09:51,7 Aug 2024,F35VvPUaqh4,https://www.youtube.com/watch?v=F35VvPUaqh4,
Marshall Saves Penguins in the Jungle and More - PAW Patrol - Cartoons for Kids Compilation,3633,1:00:33,7 Aug 2024,HKKWKfgIiZ4,https://www.youtube.com/watch?v=HKKWKfgIiZ4,
Over 1 Hour of Rescue Knights Adventures! | PAW Patrol | Cartoons for Kids Compilation,4286,1:11:26,7 Aug 2024,6YU99sE_Nik,https://www.youtube.com/watch?v=6YU99sE_Nik,
Jungle Pups New PAW Patroller and MORE Episodes! | PAW Patrol | Cartoons for Kids,3691,1:01:31,7 Aug 2024,6VG7Bu48KKA,https://www.youtube.com/watch?v=6VG7Bu48KKA,
PAW-some Rubble Rescue Episodes! | PAW Patrol | Cartoons for Kids Compilation,3681,1:01:21,7 Aug 2024,eG4QmY-QHJM,https://www.youtube.com/watch?v=eG4QmY-QHJM,
Marshall Saves a Monkey 🐒 + More Rescue Episodes - PAW Patrol - Cartoons for Kids Compilation,4048,1:07:28,7 Aug 2024,_f1YjUpaGSc,https://www.youtube.com/watch?v=_f1YjUpaGSc,
Chase and Rubble Save a Box Fort and More Episodes! | PAW Patrol | Cartoons for Kids Compilation,3820,1:03:40,7 Aug 2024,KnVUJ_lM648,https://www.youtube.com/watch?v=KnVUJ_lM648,
Over 1 Hour of the Best Marshall Rescues! - PAW Patrol - Cartoons for Kids Compilation,4188,1:09:48,7 Aug 2024,RoYRWC3sIAA,https://www.youtube.com/watch?v=RoYRWC3sIAA,
Chase Finds the Missing Paintings | PAW Patrol | Cartoons for Kids,121,2:01,7 Aug 2024,LIbmwfOPKUQ,https://www.youtube.com/watch?v=LIbmwfOPKUQ,
Skye's Best Dino Rescues Episodes and More! | PAW Patrol | Cartoons for Kids Compilation,3672,1:01:12,7 Aug 2024,Vx4HpOJGzRw,https://www.youtube.com/watch?v=Vx4HpOJGzRw,
Pups Save Humdinger from a Giant Monkey! | PAW Patrol | Cartoons for Kids Compilation,589,9:49,7 Aug 2024,KoyeDrWd-r8,https://www.youtube.com/watch?v=KoyeDrWd-r8,
Rubble's Best Mighty Pups Rescue Episodes and more! - PAW Patrol - Cartoons for Kids Compilation,4281,1:11:21,7 Aug 2024,FD_b8VVkS6w,https://www.youtube.com/watch?v=FD_b8VVkS6w,
Rubble Saves the Kitties and more Rescue Episodes! | PAW Patrol | Cartoons for Kids Compilation,4031,1:07:11,7 Aug 2024,nrswRvOQHYQ,https://www.youtube.com/watch?v=nrswRvOQHYQ,
1 Hour of Rubble's Best Rescue Episodes - PAW Patrol - Cartoons for Kids Compilation,4086,1:08:06,7 Aug 2024,HLzeU7mPwqY,https://www.youtube.com/watch?v=HLzeU7mPwqY,
Cat Pack and Tracker save a Monkey in the Jungle! - PAW Patrol - Cartoons for Kids Compilation,589,9:49,7 Aug 2024,K52UbFFGRxk,https://www.youtube.com/watch?v=K52UbFFGRxk,
PAW Patrol Halloween Best Spooky Rescue Episodes - PAW Patrol Cartoons for Kids Compilation,2194,36:34,7 Aug 2024,isFrBq5ni6Q,https://www.youtube.com/watch?v=isFrBq5ni6Q,
Mighty Pups Stop a Rocket Ship Lighthouse 🚀and More - PAW Patrol - Cartoons for Kids Compilation,6183,1:43:03,7 Aug 2024,K3iADZYOVr8,https://www.youtube.com/watch?v=K3iADZYOVr8,
Mighty Pups and Cat Pack stop a Rocket! - PAW Patrol - Cartoons for Kids Compilation,588,9:48,7 Aug 2024,UrVlqFd4Syk,https://www.youtube.com/watch?v=UrVlqFd4Syk,
Skye and Rubble Team Up Rescues Episodes 🛠🚁- PAW Patrol - Cartoons for Kids Compilation,5264,1:27:44,7 Aug 2024,nnOe-1KOvaU,https://www.youtube.com/watch?v=nnOe-1KOvaU,
Rubble Rescued in Outer Space and MORE 🪐 - PAW Patrol - Cartoons for Kids Compilation,8212,2:16:52,7 Aug 2024,960q6FSf-D0,https://www.youtube.com/watch?v=960q6FSf-D0,
Halloween Pups Save Trick Or Treaters and more Spooky Rescue Episodes - PAW Patrol Cartoons for Kids,2194,36:34,7 Aug 2024,QBEm4mTFcQw,https://www.youtube.com/watch?v=QBEm4mTFcQw,
Rocky Saves the Balloon Parade  - PAW Patrol - Cartoons for Kids,121,2:01,7 Aug 2024,swegU6dLUy8,https://www.youtube.com/watch?v=swegU6dLUy8,
Pups Meet the Cat Pack for the first time! - PAW Patrol - Cartoons for Kids Compilation,589,9:49,7 Aug 2024,93tAenS9xFE,https://www.youtube.com/watch?v=93tAenS9xFE,
The Pups save Rubble in Outer Space and more! | PAW Patrol | Cartoons for Kids Compilation,1756,29:16,7 Aug 2024,fFJZ5UH7ZRw,https://www.youtube.com/watch?v=fFJZ5UH7ZRw,
"The Pups save an Alien, a Glow In The Dark party, and more! | PAW Patrol | Cartoons for Kids",1174,19:34,7 Aug 2024,Ftl_r7S7Evw,https://www.youtube.com/watch?v=Ftl_r7S7Evw,
The Pups Save a Giant Chickaletta - PAW Patrol - Cartoons for Kids,121,2:01,7 Aug 2024,1EdWAYt8YMg,https://www.youtube.com/watch?v=1EdWAYt8YMg,
Rescue Knights Save Baby Dragons and MORE - PAW Patrol - Cartoons for Kids Compilation,3357,55:57,7 Aug 2024,6crYA0Rhhcw,https://www.youtube.com/watch?v=6crYA0Rhhcw,
Skye Saves the Tooth Fairy - PAW Patrol Episode - Cartoons for kids,121,2:01,7 Aug 2024,V4iznkBR2ow,https://www.youtube.com/watch?v=V4iznkBR2ow,
The Pups save Luke Star's Dance Contest and more! - PAW Patrol - Cartoons for Kids Compilation,1172,19:32,7 Aug 2024,KgYb1GmxrK0,https://www.youtube.com/watch?v=KgYb1GmxrK0,
"The Pups save a Clown, a Carnival, and more! - PAW Patrol - Cartoons for Kids Compilation",1174,19:34,7 Aug 2024,fzw6XCHxk7M,https://www.youtube.com/watch?v=fzw6XCHxk7M,
Zuma's Best Mission PAW and Ultimate Rescue Moments! - PAW Patrol - Cartoons for Kids Compilation,1550,25:50,7 Aug 2024,zypbWrmrV7g,https://www.youtube.com/watch?v=zypbWrmrV7g,
Mighty Pups Save a Train and MORE - PAW Patrol - Cartoons for Kids Compilation,3551,59:11,7 Aug 2024,-sUVQookMIk,https://www.youtube.com/watch?v=-sUVQookMIk,
Mighty Pups Stop Harold’s Freeze Ray - PAW Patrol - Cartoons for Kids,115,1:55,7 Aug 2024,i8PaVfvigVY,https://www.youtube.com/watch?v=i8PaVfvigVY,
Zuma's Best Mighty Pup Rescue Moments and More! - PAW Patrol - Cartoons for Kids Compilation,1562,26:02,7 Aug 2024,fVFszkJTr4Y,https://www.youtube.com/watch?v=fVFszkJTr4Y,
Zuma's Best Sea Patrol Rescue Moments and More! - PAW Patrol - Cartoons for Kids Compilation,1524,25:24,7 Aug 2024,fVCvfdfa9Hc,https://www.youtube.com/watch?v=fVCvfdfa9Hc,
Zuma's Ultimate Rescue Episodes and More! - PAW Patrol - Cartoons for Kids Compilation,1163,19:23,7 Aug 2024,mLL2xBn5Tyk,https://www.youtube.com/watch?v=mLL2xBn5Tyk,
Aqua Pups Stop a Stinky Clam - PAW Patrol - Toy Play for Kids,226,3:46,7 Aug 2024,W1_z5bDosfI,https://www.youtube.com/watch?v=W1_z5bDosfI,
Rubble Stops the Cheetah and more rescues! - PAW Patrol - Cartoons for Kids Compilation,3691,1:01:31,7 Aug 2024,OtMlW-al8p0,https://www.youtube.com/watch?v=OtMlW-al8p0,
Big Truck Pups Stop a Flood - PAW Patrol - Cartoons for Kids,121,2:01,7 Aug 2024,AxGo7cCgrjs,https://www.youtube.com/watch?v=AxGo7cCgrjs,
Zuma's Best Rescue Moments and More! - PAW Patrol - Cartoons for Kids Compilation,1182,19:42,7 Aug 2024,1dfuzn7Qlbs,https://www.youtube.com/watch?v=1dfuzn7Qlbs,
PAW Patrol and the Cat Pack save Chase and more! - PAW Patrol - Cartoons for Kids,1630,27:10,7 Aug 2024,GpFWD4ma-Vo,https://www.youtube.com/watch?v=GpFWD4ma-Vo,
PAW Patrol Dino Rescue Pups save the trapped dinosaur and more! - PAW Patrol - Cartoons for Kids,1173,19:33,7 Aug 2024,Jf8M47XlvpY,https://www.youtube.com/watch?v=Jf8M47XlvpY,
Aqua Pups Save Lost Mer-pups - PAW Patrol - Toy Play for Kids,239,3:59,7 Aug 2024,naWkdGSxjRY,https://www.youtube.com/watch?v=naWkdGSxjRY,
PAW Patrol Mighty Pups Save a Rocketship +More! - Paw Patrol - Cartoons for Kids,1143,19:03,7 Aug 2024,z5qsX5a27fQ,https://www.youtube.com/watch?v=z5qsX5a27fQ,
PAW Patrol stop the Runaway Triceratops +More Cartoons for kids,1171,19:31,7 Aug 2024,bvHDvwtTjSM,https://www.youtube.com/watch?v=bvHDvwtTjSM,
PAW Patrol Save a Rocket Powered Ryder +More! | PAW Patrol | Cartoons for Kids,586,9:46,7 Aug 2024,0_GwUN0om1M,https://www.youtube.com/watch?v=0_GwUN0om1M,
Aqua Pups Save Moby from a Sand Avalanche - PAW Patrol - Toy Play for Kids,205,3:25,7 Aug 2024,GJUdRsoPcWs,https://www.youtube.com/watch?v=GJUdRsoPcWs,
Mighty Pups and Sea Patrol Rescues - PAW Patrol - Cartoons for Kids Compilation,3303,55:03,7 Aug 2024,3-H6dPs63Y0,https://www.youtube.com/watch?v=3-H6dPs63Y0,
Chase Stops Humdinger’s Wind Machine - PAW Patrol - Cartoons for Kids,121,2:01,7 Aug 2024,jqCWeTuEYR0,https://www.youtube.com/watch?v=jqCWeTuEYR0,
PAW Patrol Save Travis from a Big Bird +More- - Paw Patrol - Cartoons for Kids,589,9:49,7 Aug 2024,95zBJYeHIGA,https://www.youtube.com/watch?v=95zBJYeHIGA,
Aqua Pups Save Baby Dolphins - PAW Patrol - Toy Play for Kids,183,3:03,7 Aug 2024,8gcyw_VxK08,https://www.youtube.com/watch?v=8gcyw_VxK08,
Pups Save Rubble from an Alien Planet +More! - PAW Patrol - Cartoons for Kids,588,9:48,7 Aug 2024,2domJo3MAQQ,https://www.youtube.com/watch?v=2domJo3MAQQ,
PAW Patrol Rescue Knights save the Tournament and More! - PAW Patrol - Cartoons for Kids,589,9:49,7 Aug 2024,D53YgKPkFFc,https://www.youtube.com/watch?v=D53YgKPkFFc,
Aqua Pups Clean Up Confetti - PAW Patrol - Toy Play for Kids,231,3:51,7 Aug 2024,LWr5hgOj-AI,https://www.youtube.com/watch?v=LWr5hgOj-AI,
Skye's Dance Party - PAW Patrol Academy - App for Kids,447,7:27,7 Aug 2024,fCa6dF1J8mU,https://www.youtube.com/watch?v=fCa6dF1J8mU,
Rubble Animal Rescues and MORE! - PAW Patrol - Cartoons for Kids Compilation,4031,1:07:11,7 Aug 2024,fdX5QHU_RZ0,https://www.youtube.com/watch?v=fdX5QHU_RZ0,
"Bark to the Beat"" by Mckenna Grace (with blackbear) [From PAW Patrol: The Mighty Movie]",124,2:04,7 Aug 2024,AdXtnic-Kaw,https://www.youtube.com/watch?v=AdXtnic-Kaw,
Everest Helps a Mountain Monster - PAW Patrol - Cartoons for Kids,121,2:01,7 Aug 2024,VIYJOTu7mxs,https://www.youtube.com/watch?v=VIYJOTu7mxs,
"Pups Save a Glow In The Dark Party, an Alien, and more! - PAW Patrol - Cartoons for Kids Compilation",589,9:49,7 Aug 2024,PRZgd-UPtdo,https://www.youtube.com/watch?v=PRZgd-UPtdo,
Aqua Pups Save a Sea Turtle - PAW Patrol - Toy Play for Kids,215,3:35,7 Aug 2024,sq1gDLAYDb4,https://www.youtube.com/watch?v=sq1gDLAYDb4,
PAW Patrol Rescue Knights save the Princess and more! | PAW Patrol | Cartoons for Kids Compilation,587,9:47,7 Aug 2024,MazxpBeI3-4,https://www.youtube.com/watch?v=MazxpBeI3-4,
PAW Patrol Pups save Luke Stars concert and more! | PAW Patrol | Cartoons for Kids Compilation,589,9:49,7 Aug 2024,t3A_6HlmOW4,https://www.youtube.com/watch?v=t3A_6HlmOW4,
Aqua Pups Save Missing Merpups - PAW Patrol - Toy Play for Kids,246,4:06,7 Aug 2024,B5yjGzK9SuI,https://www.youtube.com/watch?v=B5yjGzK9SuI,
Chase and Marshall Save Barkingburg and More! - PAW Patrol - Cartoons for Kids Compilation,3446,57:26,7 Aug 2024,tRAyWcgfzyc,https://www.youtube.com/watch?v=tRAyWcgfzyc,
Chase Stops Humdinger’s Wind Machine - PAW Patrol - Cartoons for Kids,121,2:01,7 Aug 2024,FIzIUCWKb1s,https://www.youtube.com/watch?v=FIzIUCWKb1s,
PAW Patrol Rescue Knights stop the Sleep magic and more! PAW Patrol - Cartoons for Kids Compilation,589,9:49,7 Aug 2024,8NlVqyr0lM0,https://www.youtube.com/watch?v=8NlVqyr0lM0,
Aqua Pups Save Fish Eggs! - PAW Patrol - Toy Play for Kids,185,3:05,7 Aug 2024,mT20jtxHydw,https://www.youtube.com/watch?v=mT20jtxHydw,
"PAW Patrol save the Carnival, the Clown, and more! - PAW Patrol - Cartoons for Kids Compilation",589,9:49,7 Aug 2024,zfW4zL9HiXk,https://www.youtube.com/watch?v=zfW4zL9HiXk,
PAW Patrol save the flying Dinosaur and more! - PAW Patrol - Cartoons for Kids Compilation,587,9:47,7 Aug 2024,bqo_rFwcz9E,https://www.youtube.com/watch?v=bqo_rFwcz9E,
Chase and Rubble Save a Box Fort and MORE - PAW Patrol - Cartoons for Kids Compilation,3820,1:03:40,7 Aug 2024,NmYZqErwEa0,https://www.youtube.com/watch?v=NmYZqErwEa0,
Everest Saves a Family of Bats - PAW Patrol - Cartoons for Kids,121,2:01,7 Aug 2024,_iwXZSnLOIs,https://www.youtube.com/watch?v=_iwXZSnLOIs,
PAW Patrol save the Go Kart Race and more! - PAW Patrol - Cartoons for Kids Compilation,581,9:41,7 Aug 2024,Tqo7_MNFmzE,https://www.youtube.com/watch?v=Tqo7_MNFmzE,
Moto Pups and Wild Cat rescue Chase and more! - PAW Patrol - Cartoons for Kids Compilation,470,7:50,7 Aug 2024,fGxFVN1nhpI,https://www.youtube.com/watch?v=fGxFVN1nhpI,
Ultimate Rescue Pups stop Sid the Pirate and more! - PAW Patrol - Cartoons for Kids Compilation,588,9:48,7 Aug 2024,OvaPqmFbC9Q,https://www.youtube.com/watch?v=OvaPqmFbC9Q,
Learn ABC's With Chase! - PAW Patrol Academy - App for Kids,573,9:33,7 Aug 2024,ZP-3KumrvJ8,https://www.youtube.com/watch?v=ZP-3KumrvJ8,
Pups Look for Tracker in the Jungle + MORE - PAW Patrol - Cartoons for Kids Compilation,2975,49:35,7 Aug 2024,eR-7WSnLsbA,https://www.youtube.com/watch?v=eR-7WSnLsbA,
Cat Pack Stops Mayor Humdinger and Meow Meow! - PAW Patrol Rescue Episode - Cartoons for Kids!,121,2:01,7 Aug 2024,WSD5LIXQjyA,https://www.youtube.com/watch?v=WSD5LIXQjyA,
PAW Patrol save a trapped Dinosaur and more! | PAW Patrol | Cartoons for Kids Compilation,588,9:48,7 Aug 2024,Klg9vYwrFME,https://www.youtube.com/watch?v=Klg9vYwrFME,
PAW Patrol Moto Pups challenge the Bikers and more! - PAW Patrol - Cartoons for Kids Compilation,588,9:48,7 Aug 2024,q0Fd1SnhBPc,https://www.youtube.com/watch?v=q0Fd1SnhBPc,
PAW Patrol Mighty Pups Save a Rocketship and more! - PAW Patrol - Cartoons for Kids Compilation,559,9:19,7 Aug 2024,206ZNW4khO8,https://www.youtube.com/watch?v=206ZNW4khO8,
Aqua Pups Save Scrap Island - PAW Patrol - Toy Play for Kids,226,3:46,7 Aug 2024,-RAc4cUy75Q,https://www.youtube.com/watch?v=-RAc4cUy75Q,
Letter Construction with Rubble! - PAW Patrol Academy - App for Kids,555,9:15,7 Aug 2024,chvtlxDfJWU,https://www.youtube.com/watch?v=chvtlxDfJWU,
Chase Solves the Museum Mystery and MORE - PAW Patrol - Cartoons for Kids Compilation,3561,59:21,7 Aug 2024,HEJQcEo2Q14,https://www.youtube.com/watch?v=HEJQcEo2Q14,
Mayor Humdinger’s Out of Control Pants! - PAW Patrol Episode - Cartoons for Kids!,121,2:01,7 Aug 2024,tfhM54YAnic,https://www.youtube.com/watch?v=tfhM54YAnic,
PAW Patrol Rescue the Ruff Ruff Pack and more! - PAW Patrol - Cartoons for Kids Compilation,588,9:48,7 Aug 2024,ZuBKA35chbE,https://www.youtube.com/watch?v=ZuBKA35chbE,
Aqua Pups Stop Moby’s Machine - PAW Patrol - Toy Play for Kids,208,3:28,7 Aug 2024,o32PWD6Wch0,https://www.youtube.com/watch?v=o32PWD6Wch0,
PAW Patrol stop the Runaway Triceratops and more! - PAW Patrol - Cartoons for Kids Compilation,587,9:47,7 Aug 2024,HDKW8U1Jc9w,https://www.youtube.com/watch?v=HDKW8U1Jc9w,
PAW Patrol save Dinosaurs from a Volcano Eruption and more! - PAW Patrol - Cartoons for Kids,1751,29:11,7 Aug 2024,qhtPXvnV_b0,https://www.youtube.com/watch?v=qhtPXvnV_b0,
Aqua Pups Save an Underwater Concert - PAW Patrol - Toy Play for Kids,208,3:28,7 Aug 2024,fLrMXVvBedg,https://www.youtube.com/watch?v=fLrMXVvBedg,
Beachside Art Gallery - PAW Patrol Academy - App for Kids,486,8:06,7 Aug 2024,3TgqEZfmQho,https://www.youtube.com/watch?v=3TgqEZfmQho,
PAW Patrol Pups Skydiving Rescue and MORE! - PAW Patrol - Cartoons for Kids Compilation,3500,58:20,7 Aug 2024,ajUVTy-OnLY,https://www.youtube.com/watch?v=ajUVTy-OnLY,
Cat Pack Rory Saves Leo and Tracker! - PAW Patrol Rescue Episode - Cartoons for Kids!,120,2:00,7 Aug 2024,ysBEZEcl4kI,https://www.youtube.com/watch?v=ysBEZEcl4kI,
PAW Patrol Moto Pups save Mayor Goodway and more! - PAW Patrol - Cartoons for Kids Compilation,1144,19:04,7 Aug 2024,mNwz2_N43Vk,https://www.youtube.com/watch?v=mNwz2_N43Vk,
Aqua Pups Save Baby Squids - PAW Patrol - Toy Play for Kids,255,4:15,7 Aug 2024,19QPaqJhWnw,https://www.youtube.com/watch?v=19QPaqJhWnw,
PAW Patrol Dino Rescue saves Kitty Cats from a Robot Dino - PAW Patrol Cartoons for Kids Compilation,589,9:49,7 Aug 2024,nX2x23iN6Jc,https://www.youtube.com/watch?v=nX2x23iN6Jc,
"PAW Patrol stop Sid the Pirate, Rescue Birds, and more! - PAW Patrol - Cartoons for Kids Compilation",1168,19:28,7 Aug 2024,lBPdVfIXH8E,https://www.youtube.com/watch?v=lBPdVfIXH8E,
Aqua Pups Stop the Falling Shells - PAW Patrol - Toy Play for Kids,227,3:47,7 Aug 2023,EX-o3UeY3OI,https://www.youtube.com/watch?v=EX-o3UeY3OI,
Cat Pack Stop Meow Meow and MORE - PAW Patrol - Cartoons for Kids Compilation,2486,41:26,7 Aug 2023,llJzmWCLEAI,https://www.youtube.com/watch?v=llJzmWCLEAI,
Chase and Chickaletta Switch Bodies - PAW Patrol Episode - Cartoons for Kids!,120,2:00,7 Aug 2023,MZhlI-OdSVg,https://www.youtube.com/watch?v=MZhlI-OdSVg,
"Pups stop Clones, save Monkeys, Dinosaurs, and more! - PAW Patrol - Cartoons for Kids Compilation",1171,19:31,7 Aug 2023,S02_ZxH_X6U,https://www.youtube.com/watch?v=S02_ZxH_X6U,
Aqua Pups Save the Sea Snails - PAW Patrol - Toy Play for Kids,213,3:33,7 Aug 2023,9oUakHHihUw,https://www.youtube.com/watch?v=9oUakHHihUw,
PAW Patrol Academy - Official Reveal Trailer - App For Kids,65,1:05,7 Aug 2023,TO-CE85Mh2w,https://www.youtube.com/watch?v=TO-CE85Mh2w,
Pups Save Mr Porter from traffic and More! - PAW Patrol - Cartoons for Kids Compilation,1392,23:12,7 Aug 2023,tgNDreC8NO4,https://www.youtube.com/watch?v=tgNDreC8NO4,
Wild Cat and PAW Patrol Moto Pups save Humdinger's Cats | PAW Patrol | Cartoons for Kids Compilation,588,9:48,7 Aug 2023,KO2QNkTEVqo,https://www.youtube.com/watch?v=KO2QNkTEVqo,
Aqua Pups Save Cap’n Turbot from the Icebergs - PAW Patrol - Toy Play for Kids,194,3:14,7 Aug 2023,qt86LKn9W7M,https://www.youtube.com/watch?v=qt86LKn9W7M,
Marshall Saves a Sleepy Kingdom and MORE - PAW Patrol - Cartoons for Kids Compilation,3551,59:11,7 Aug 2023,i81N8W-doxA,https://www.youtube.com/watch?v=i81N8W-doxA,
Spy Chase and the Ruff-Ruff Pack - PAW Patrol Rescue Episode - Cartoons for Kids!,121,2:01,7 Aug 2023,BIUCu8Qc4Gc,https://www.youtube.com/watch?v=BIUCu8Qc4Gc,
PAW Patrol Meteor Mayhem Game - Unboxing and How To Play - Toys For Kids,214,3:34,7 Aug 2023,mowzCm7pB4w,https://www.youtube.com/watch?v=mowzCm7pB4w,
Mighty Twins join the Mighty Pups and More! - PAW Patrol - Cartoons for Kids Compilation,1289,21:29,7 Aug 2023,pvmY9CpN6eA,https://www.youtube.com/watch?v=pvmY9CpN6eA,
Aqua Pups Save the Oceanlympic Games! - PAW Patrol - Toy Play for Kids,191,3:11,7 Aug 2023,hSibDAtjwbA,https://www.youtube.com/watch?v=hSibDAtjwbA,
Pups Save Chickaletta's Runaway Egg and More! - PAW Patrol - Cartoons for Kids Compilation,1295,21:35,7 Aug 2023,Rj4QCsF7jt8,https://www.youtube.com/watch?v=Rj4QCsF7jt8,
PAW Patrol Rex and Rocky Rescue a Dinosaur - PAW Patrol - Cartoons for Kids Compilation,581,9:41,7 Aug 2023,oNMuM1UXsGE,https://www.youtube.com/watch?v=oNMuM1UXsGE,
Aqua Pups Clear the Canal! - PAW Patrol - Toy Play for Kids,234,3:54,7 Aug 2023,NrXoGALd90I,https://www.youtube.com/watch?v=NrXoGALd90I,
Skye Dino Rescues and MORE - PAW Patrol - Cartoons for Kids Compilation,3672,1:01:12,7 Aug 2023,5yg3OIs2H5Q,https://www.youtube.com/watch?v=5yg3OIs2H5Q,
Mighty Pups Meet Ella and Tuck - PAW Patrol - Cartoons for Kids!,121,2:01,7 Aug 2023,Ey56d5OXB5U,https://www.youtube.com/watch?v=Ey56d5OXB5U,
Help Skye Find Chickaletta and more! - PAW Patrol Academy - App for Kids,413,6:53,7 Aug 2023,SdZvk4PHmmU,https://www.youtube.com/watch?v=SdZvk4PHmmU,
Mighty Pups vs Super Kitty Catastrophe Crew and More! - PAW Patrol - Cartoons for Kids Compilation,1263,21:03,7 Aug 2023,P6jd6KuANLQ,https://www.youtube.com/watch?v=P6jd6KuANLQ,
Pups Save Mr. Porter’s Café from Gophers - PAW Patrol - Toy Play for Kids,290,4:50,7 Aug 2023,--GbyNQnTUs,https://www.youtube.com/watch?v=--GbyNQnTUs,
Mighty Pups Save A Frozen Adventure Bay and More! - PAW Patrol - Cartoons for Kids Compilation,1282,21:22,7 Aug 2023,X38_UuFek6g,https://www.youtube.com/watch?v=X38_UuFek6g,
PAW Patrol Mighty Pups Charged Up vs Super Villains - PAW Patrol - Cartoons for Kids Compilation,561,9:21,7 Aug 2023,lwUix2EH3Js,https://www.youtube.com/watch?v=lwUix2EH3Js,
Ice Cream Mudslide! Pups Save Humdinger - PAW Patrol - Toy Play for Kids,267,4:27,7 Aug 2023,iIC9PFZl1LA,https://www.youtube.com/watch?v=iIC9PFZl1LA,
PAW-some Rubble Rescues 🛠 - PAW Patrol - Cartoons for Kids Compilation,3681,1:01:21,7 Aug 2023,7Z8IbYdqjls,https://www.youtube.com/watch?v=7Z8IbYdqjls,
Skye Mighty Movie Jet How To Play - PAW Patrol - Toys for Kids,104,1:44,7 Aug 2023,n4yq9U1s2ME,https://www.youtube.com/watch?v=n4yq9U1s2ME,
Chase Mighty Transforming Cruiser How To Play - PAW Patrol - Toys for Kids,70,1:10,7 Aug 2023,16k4M6f5wVY,https://www.youtube.com/watch?v=16k4M6f5wVY,
Mighty Aircraft Carrier HQ & Vehicles How To Play - PAW Patrol - Toys for Kids,185,3:05,7 Aug 2023,mpe_2NpysK8,https://www.youtube.com/watch?v=mpe_2NpysK8,
Mighty Chase Saves Chickaletta from a Rocket! - PAW Patrol Rescue Episode - Cartoons for Kids!,121,2:01,7 Aug 2023,7Eo70lelhAo,https://www.youtube.com/watch?v=7Eo70lelhAo,
Mighty Pups Charged Up VS A Giant Robot and More! - PAW Patrol - Cartoons for Kids Compilation,1227,20:27,7 Aug 2023,gbUlZdlLYBQ,https://www.youtube.com/watch?v=gbUlZdlLYBQ,
The Pups Save a Surprise Party 🎉- PAW Patrol - Toy Play for Kids,264,4:24,7 Aug 2023,9LtbvlVGNQE,https://www.youtube.com/watch?v=9LtbvlVGNQE,
Mighty Pups VS. Mega Mayor Humdinger and More! - PAW Patrol - Cartoons for Kids Compilation,1255,20:55,7 Aug 2023,j7XrYvqxBow,https://www.youtube.com/watch?v=j7XrYvqxBow,
PAW Patrol Moto Pups save Mayor Goodway from Bikers! | PAW Patrol | Cartoons for Kids Compilation,587,9:47,7 Aug 2023,0WGADrNq1Ho,https://www.youtube.com/watch?v=0WGADrNq1Ho,
Marshall and the Pups Stop a Forest Fire 🔥 - PAW Patrol - Toy Play for Kids,207,3:27,7 Aug 2023,aZy4GbHw_xs,https://www.youtube.com/watch?v=aZy4GbHw_xs,
Marshall Saves Cap’n Turbot - PAW Patrol Rescue Episode - Cartoons for Kids!,121,2:01,7 Aug 2023,HHAqcc47H5s,https://www.youtube.com/watch?v=HHAqcc47H5s,
Mighty Pups Rescue a Giant Chicken and More! - PAW Patrol - Cartoons for Kids Compilation,1310,21:50,7 Aug 2023,jy_ZO3CRdvA,https://www.youtube.com/watch?v=jy_ZO3CRdvA,
Humdinger Covers the City in Clouds! ☁️ - PAW Patrol - Toy Play for Kids,270,4:30,7 Aug 2023,bChk_bs-W_s,https://www.youtube.com/watch?v=bChk_bs-W_s,
Mighty Pups Meet Mighty Twins Ella and Tuck and More! - PAW Patrol - Cartoons for Kids Compilation,1306,21:46,7 Aug 2023,eCefNko5u0c,https://www.youtube.com/watch?v=eCefNko5u0c,
Wild Cat and the Paw Patrol Moto Pups Best Episodes! - PAW Patrol - Cartoons for Kids Compilation,584,9:44,7 Aug 2023,I4DkpCi4q_4,https://www.youtube.com/watch?v=I4DkpCi4q_4,
The Pups Save Sheep on a Derailed Train! - PAW Patrol - Toy Play for Kids,266,4:26,7 Aug 2023,rZFkC5sKHZY,https://www.youtube.com/watch?v=rZFkC5sKHZY,
The Pups Meet the Cat Pack! - PAW Patrol Rescue Episode - Cartoons for Kids!,121,2:01,7 Aug 2023,W7teXWI7E10,https://www.youtube.com/watch?v=W7teXWI7E10,
Ultimate Rescue Rubble Saves a Space Monkey and More! - PAW Patrol - Cartoons for Kids Compilation,1309,21:49,7 Aug 2023,INqlMcxOFrc,https://www.youtube.com/watch?v=INqlMcxOFrc,
The Pups Save a Party at Town Hall! - PAW Patrol - Toy Play for Kids,273,4:33,7 Aug 2023,uO0tj09SqQI,https://www.youtube.com/watch?v=uO0tj09SqQI,
Ultimate Rescue Marshall Saves Adventure Bay and More! - PAW Patrol - Cartoons for Kids Compilation,1297,21:37,7 Aug 2023,dyZdSynwKAM,https://www.youtube.com/watch?v=dyZdSynwKAM,
PAW Patrol Ultimate Rescue save the key to Adventure Bay City - PAW Patrol - Cartoons for Kids,587,9:47,7 Aug 2023,89VrsA7EByc,https://www.youtube.com/watch?v=89VrsA7EByc,
Over 1 Hour of Rescue Knights Adventures 🏰 - PAW Patrol - Cartoons for Kids Compilation,4286,1:11:26,7 Aug 2023,CFPJcTpJ1w4,https://www.youtube.com/watch?v=CFPJcTpJ1w4,
Zuma Finds the Missing Kids - PAW Patrol Rescue Episode - Cartoons for Kids!,120,2:00,7 Aug 2023,ToLTcwF5Pts,https://www.youtube.com/watch?v=ToLTcwF5Pts,
Pups Stop a Giant Fire Breathing Monster and More! - PAW Patrol - Cartoons for Kids Compilation,2029,33:49,7 Aug 2023,QXQvv9jGqOE,https://www.youtube.com/watch?v=QXQvv9jGqOE,
Skye Saves the Tigers from a Volcano and More! - PAW Patrol - Cartoons for Kids Compilation,1274,21:14,7 Aug 2023,-hr9feNf2iA,https://www.youtube.com/watch?v=-hr9feNf2iA,
PAW Patrol: The Mighty Movie Official Trailer (2023) - PAW Patrol Official & Friends,139,2:19,7 Aug 2023,oDW9PzyqH08,https://www.youtube.com/watch?v=oDW9PzyqH08,
PAW Patrol Dino Rescue save the Lost Dinosaur Eggs - PAW Patrol - Cartoons for Kids,587,9:47,7 Aug 2023,jBuFGPLHyJA,https://www.youtube.com/watch?v=jBuFGPLHyJA,
Marshall and Skye Save Adventure Bay and MORE - PAW Patrol - Cartoons for Kids Compilation,5564,1:32:44,7 Aug 2023,XoI0RLMNyd4,https://www.youtube.com/watch?v=XoI0RLMNyd4,
Skye & Liberty Save Francois 🎈- PAW Patrol Rescue Episode - Cartoons for Kids!,121,2:01,7 Aug 2023,CE8tWfcX1bY,https://www.youtube.com/watch?v=CE8tWfcX1bY,
PAW Patrol Pups vs the Humdinger Army - PAW Patrol - Cartoons for Kids,588,9:48,7 Aug 2023,pZhUEVavbWA,https://www.youtube.com/watch?v=pZhUEVavbWA,
Best Chase Ultimate Police Rescues and More! - PAW Patrol - Cartoons for Kids Compilation,1918,31:58,7 Aug 2023,ou-aw_MdZ14,https://www.youtube.com/watch?v=ou-aw_MdZ14,
Ultimate Rescue PAW Patrol Saves the Royal Kitties and More! - PAW Patrol - Cartoons for Kids,1295,21:35,7 Aug 2023,EAszHuJV1a8,https://www.youtube.com/watch?v=EAszHuJV1a8,
Marshall and Chase Mighty Pups Rescues and MORE - PAW Patrol - Cartoons for Kids Compilation,3577,59:37,7 Aug 2023,AfBTFzy-67s,https://www.youtube.com/watch?v=AfBTFzy-67s,
Marshall Stops a Syrup Spill 🥞 - PAW Patrol Rescue Episode - Cartoons for Kids!,121,2:01,7 Aug 2023,WRK7gZCssns,https://www.youtube.com/watch?v=WRK7gZCssns,
Pups Save the Boat from Pirates and More! - PAW Patrol - Cartoons for Kids Compilation,1382,23:02,7 Aug 2023,4YHaRzq6R-k,https://www.youtube.com/watch?v=4YHaRzq6R-k,
Rescue Knight Pups save Baby Dragons and More! | PAW Patrol | Cartoons for Kids Compilation,1759,29:19,7 Aug 2023,-DQUppmlANM,https://www.youtube.com/watch?v=-DQUppmlANM,
Ultimate Rescue PAW Patrol teamwork missions! | PAW Patrol | Cartoons for Kids Compilation,3551,59:11,7 Aug 2023,lqnsSv1oE7k,https://www.youtube.com/watch?v=lqnsSv1oE7k,
Chase and Zuma Best Rescues 🚨⚓️- PAW Patrol - Cartoons for Kids Compilation,4487,1:14:47,7 Aug 2023,Vb7oXmV1yqk,https://www.youtube.com/watch?v=Vb7oXmV1yqk,
Chase and Liberty Track Down Benny & Chickaletta 🐓- PAW Patrol Rescue Episode - Cartoons for Kids!,121,2:01,7 Aug 2023,2n2a1x6SI20,https://www.youtube.com/watch?v=2n2a1x6SI20,
Best Chase Dino Rescue Missions and More! - PAW Patrol - Cartoons for Kids Compilation,1964,32:44,7 Aug 2023,ZF9PKYHz518,https://www.youtube.com/watch?v=ZF9PKYHz518,
"The Pups stop A Shark, Dragon, and More! - PAW Patrol - Cartoons for Kids Compilation",1174,19:34,7 Aug 2023,0Q7OuQORYMk,https://www.youtube.com/watch?v=0Q7OuQORYMk,
PAW Patrol Spy Mission Rescues and more! - PAW Patrol - Cartoons for Kids Compilation,3573,59:33,7 Aug 2023,YcvqVSNxNWU,https://www.youtube.com/watch?v=YcvqVSNxNWU,
Best Rescues with Rubble and Skye 🛠🚁- PAW Patrol - Cartoons for Kids Compilation,5264,1:27:44,7 Aug 2023,IxqC7hdphzA,https://www.youtube.com/watch?v=IxqC7hdphzA,
Rubble Saves a Manatee 🌊 - PAW Patrol Rescue Episode - Cartoons for Kids!,121,2:01,7 Aug 2023,nBtvr6DHTNQ,https://www.youtube.com/watch?v=nBtvr6DHTNQ,
Everest Rescues Campers from Snowstorm and More! - PAW Patrol - Cartoons for Kids Compilation,2115,35:15,7 Aug 2023,wraptSmUq14,https://www.youtube.com/watch?v=wraptSmUq14,
Pups Save a Mysterious Runaway Train and more episodes! | PAW Patrol | Cartoons for Kids,1171,19:31,7 Aug 2023,UbLjB-BuFGg,https://www.youtube.com/watch?v=UbLjB-BuFGg,
PAW Patrol Mighty Pups and Mighty Twins rescues! | PAW Patrol | Cartoons for Kids Compilation,3562,59:22,7 Aug 2023,Ta_ByBin-tc,https://www.youtube.com/watch?v=Ta_ByBin-tc,
Best Rescues with Zuma & Marshall⚓️| PAW Patrol | Cartoons for Kids Compilation,4766,1:19:26,7 Aug 2023,IduP1ukrlaI,https://www.youtube.com/watch?v=IduP1ukrlaI,
Spy Chase Saves Mayor Humdinger 🚛 | PAW Patrol | Cartoons for Kids!,121,2:01,7 Aug 2023,kD-kMRhjpo0,https://www.youtube.com/watch?v=kD-kMRhjpo0,
Best Chase Jungle Rescue Moments and More! - PAW Patrol - Cartoons for Kids Compilation,2066,34:26,7 Aug 2023,xqqmb-mDg6c,https://www.youtube.com/watch?v=xqqmb-mDg6c,
The Pups save Farm Animals and More! | PAW Patrol | Cartoons for Kids,1173,19:33,7 Aug 2023,z0OU67dm7l0,https://www.youtube.com/watch?v=z0OU67dm7l0,
PAW Patrol stop Giant Humdinger and more! | PAW Patrol | Cartoons for Kids,3591,59:51,7 Aug 2023,aqfkLPElrb0,https://www.youtube.com/watch?v=aqfkLPElrb0,
"Best Rescues from Skye, Zuma + MORE 🚁 | PAW Patrol | Cartoons for Kids Compilation",5139,1:25:39,7 Aug 2023,hSQgw9jEnLQ,https://www.youtube.com/watch?v=hSQgw9jEnLQ,
Mighty Pups Stop Humdinger’s Kitties | PAW Patrol Rescue Episode | Cartoons for Kids!,120,2:00,7 Aug 2023,Lnd6QV0j2ME,https://www.youtube.com/watch?v=Lnd6QV0j2ME,
Ultimate Rescue Pups Save a Monster Robot and More! - PAW Patrol - Cartoons for Kids Compilation,1324,22:04,7 Aug 2023,Ik6U3Krbfzw,https://www.youtube.com/watch?v=Ik6U3Krbfzw,
"PAW Patrol Rescues in the Air, Sea, Jungle, and more! | PAW Patrol | Cartoons for Kids",3561,59:21,7 Aug 2023,MwoToavkGKQ,https://www.youtube.com/watch?v=MwoToavkGKQ,
The Pups save Katies Pet Parlor! | PAW Patrol | Cartoons for Kids,589,9:49,7 Aug 2023,7dOHXVyXxfE,https://www.youtube.com/watch?v=7dOHXVyXxfE,
PAW Patrol Pup Rex Saves the Dino Wilds and MORE! 🦕 | PAW Patrol | Cartoons for Kids Compilation,4048,1:07:28,7 Aug 2023,2zb1b36LaQs,https://www.youtube.com/watch?v=2zb1b36LaQs,
Skye and the Wandering Walrus! | PAW Patrol Rescue Episode | Cartoons for Kids!,120,2:00,7 Aug 2023,UdlBFUlAUJU,https://www.youtube.com/watch?v=UdlBFUlAUJU,
Best Moto Pups Chase Moments and More! - PAW Patrol - Cartoons for Kids,1454,24:14,7 Aug 2023,XR_1-2KC0jk,https://www.youtube.com/watch?v=XR_1-2KC0jk,
PAW Patrol Rescue Knights save the golden bone! - PAW Patrol - Cartoons for Kids Compilation,589,9:49,7 Aug 2023,DMx604MjlN8,https://www.youtube.com/watch?v=DMx604MjlN8,
PAW Patrol Rescue Knights Save Baby Dragons and More! - PAW Patrol - Cartoons for Kids Compilation,3679,1:01:19,7 Aug 2023,ejTQ8FjUQwQ,https://www.youtube.com/watch?v=ejTQ8FjUQwQ,
Best Mighty Pups Battles VS Super Villains! - PAW Patrol - Cartoons for Kids Compilation,4685,1:18:05,7 Aug 2023,2YytMbvvMt4,https://www.youtube.com/watch?v=2YytMbvvMt4,
Rocky Saves Chickaletta’s Egg 🥚 - PAW Patrol Rescue Episode - Cartoons for Kids!,121,2:01,7 Aug 2023,cRscji1_ic4,https://www.youtube.com/watch?v=cRscji1_ic4,
Ultimate Rescue Pups Save the Royal Kitty Cats - PAW Patrol - Cartoons for Kids Compilation,1301,21:41,7 Aug 2023,-LyCuicUj_s,https://www.youtube.com/watch?v=-LyCuicUj_s,
PAW Patrol Rescue Knights save the baby dragons! - PAW Patrol - Cartoons for Kids Compilation,589,9:49,7 Aug 2023,z2P-kst8dUY,https://www.youtube.com/watch?v=z2P-kst8dUY,
PAW Patrol Mighty Pups save a Rocket Ship and more! - PAW Patrol - Cartoons for Kids Compilation,4008,1:06:48,7 Aug 2023,t23TR0CooKg,https://www.youtube.com/watch?v=t23TR0CooKg,
Aqua Pups Save Moby on a Treasure Hunt! - PAW Patrol - Toy Play for Kids,203,3:23,7 Aug 2023,X3MkdEc6c34,https://www.youtube.com/watch?v=X3MkdEc6c34,
Best Marshall and Rubble Rescues 🛠🔥- PAW Patrol - Cartoons for Kids Compilation,3799,1:03:19,7 Aug 2023,lwPdQ2GU7Rk,https://www.youtube.com/watch?v=lwPdQ2GU7Rk,
Chase and Rocky Stop Mayor Humdinger! 🐩- PAW Patrol Rescue Episode - Cartoons for Kids!,121,2:01,7 Aug 2023,PIL3xwTeapk,https://www.youtube.com/watch?v=PIL3xwTeapk,
Vlad and Niki PAW Patrol 10th Anniversary Birthday Party! - Toy Pretend Play Play For Kids,340,5:40,7 Aug 2023,0w8MJ_jjKJM,https://www.youtube.com/watch?v=0w8MJ_jjKJM,
Best Rescue Knights Chase Moments and More! - PAW Patrol - Cartoons for Kids,1460,24:20,7 Aug 2023,RhHXciNMmAI,https://www.youtube.com/watch?v=RhHXciNMmAI,
Aqua Pups Save Baby Mer-Pups from a Cave 🌊 | PAW Patrol | Toy Play for Kids,268,4:28,7 Aug 2023,fYN-rLzX44Y,https://www.youtube.com/watch?v=fYN-rLzX44Y,
PAW Patrol Rescue Knights stop a fire breathing dragon! | PAW Patrol | Cartoons for Kids Compilation,580,9:40,7 Aug 2023,JtWxeLaqyk4,https://www.youtube.com/watch?v=JtWxeLaqyk4,
Ultimate Rescue PAW Patrol save animals and more! | PAW Patrol | Cartoons for Kids Compilation,4109,1:08:29,7 Aug 2023,HU3IH2Ua-nc,https://www.youtube.com/watch?v=HU3IH2Ua-nc,
Aqua Pups Save the Seahorses 🐟| PAW Patrol | Toy Play for Kids,216,3:36,7 Aug 2023,58AWqlGJswg,https://www.youtube.com/watch?v=58AWqlGJswg,
Best Rubble and Zuma Rescues 🛠⚓️| PAW Patrol | Cartoons for Kids Compilation,4268,1:11:08,7 Aug 2023,mdo7S99orgk,https://www.youtube.com/watch?v=mdo7S99orgk,
Skye and Rubble Rescue the Turbots 🌴 | PAW Patrol Rescue Episode | Cartoons for Kids!,114,1:54,7 Aug 2023,S_c-r43pZBk,https://www.youtube.com/watch?v=S_c-r43pZBk,
Best PAW Patrol Ultimate Rescue Episodes! - PAW Patrol - Cartoons for Kids,1482,24:42,7 Aug 2023,DeC0W5TYf6Q,https://www.youtube.com/watch?v=DeC0W5TYf6Q,
Aqua Pups Save Wally from Seaweed 🌿| PAW Patrol | Toy Play for Kids,258,4:18,7 Aug 2023,cy_Tb5UR5S4,https://www.youtube.com/watch?v=cy_Tb5UR5S4,
The Pups stop a Robot Shark! - PAW Patrol - Cartoons for Kids Compilation,689,11:29,7 Aug 2023,QvKNr5PoYxw,https://www.youtube.com/watch?v=QvKNr5PoYxw,
PAW Patrol Moto Pups rescue episodes and more! | PAW Patrol | Cartoons for Kids Compilation,3954,1:05:54,7 Aug 2023,KJmpRIUwWw4,https://www.youtube.com/watch?v=KJmpRIUwWw4,
Aqua Pups and the Swarm of Jelly Fish 🌊- PAW Patrol - Toy Play for Kids,187,3:07,7 Aug 2023,blg3xGjsoU4,https://www.youtube.com/watch?v=blg3xGjsoU4,
"Cat Pack, Moto Pups and Much More 😸🏍  | PAW Patrol | Cartoons for Kids Compilation",4002,1:06:42,7 Aug 2023,z0bfo4SgX8M,https://www.youtube.com/watch?v=z0bfo4SgX8M,
Zuma Saves the Goodway Family 🦢| PAW Patrol Rescue Episode | Cartoons for Kids,120,2:00,7 Aug 2023,_T3-cTFtVo0,https://www.youtube.com/watch?v=_T3-cTFtVo0,
Mighty Chase Best Rescue Moments and More! - PAW Patrol - Cartoons for Kids Compilation,1887,31:27,7 Aug 2023,7E2rwnibjQc,https://www.youtube.com/watch?v=7E2rwnibjQc,
Aqua Pups Clean Up Floating Trash 🗑- PAW Patrol - Toy Play for Kids,205,3:25,7 Aug 2023,y5JP4hwAPDU,https://www.youtube.com/watch?v=y5JP4hwAPDU,
Katie and the PAW Patrol save Adventure Bay! - PAW Patrol - Cartoons for Kids Compilation,686,11:26,7 Aug 2023,RWmwMnmI65U,https://www.youtube.com/watch?v=RWmwMnmI65U,
Dino Rescue PAW Patrol saves dinosaurs and more! - PAW Patrol - Cartoons for Kids Compilation,4800,1:20:00,7 Aug 2023,kUUu7_CgriY,https://www.youtube.com/watch?v=kUUu7_CgriY,
Aqua Pups and the Sticky Sea Snack 🏰- PAW Patrol - Toy Play for Kids,213,3:33,7 Aug 2023,j9O9kSrBTRQ,https://www.youtube.com/watch?v=j9O9kSrBTRQ,
Chase and Skye Rescue Missions and MORE - PAW Patrol - Cartoons for Kids,3447,57:27,7 Aug 2023,z49MDlVGIfA,https://www.youtube.com/watch?v=z49MDlVGIfA,
The Pups Find the Missing Goats 🐐 | PAW Patrol Rescue Episode | Cartoons for Kids!,117,1:57,7 Aug 2023,lfNGv7_1M0Q,https://www.youtube.com/watch?v=lfNGv7_1M0Q,
The Pups Find the Missing Goats 🐐 | PAW Patrol Rescue Episode | Cartoons for Kids,117,1:57,7 Aug 2023,_nZAmKSnDhI,https://www.youtube.com/watch?v=_nZAmKSnDhI,
Pups Rescue Chickaletta's Statue and More! - PAW Patrol - Cartoons for Kids Compilation,1155,19:15,7 Aug 2023,--KuQs466X4,https://www.youtube.com/watch?v=--KuQs466X4,
Aqua Pups Stop a Robotic Squid 🦑| PAW Patrol | Toy Play for Kids,230,3:50,7 Aug 2023,NNadYGo2tos,https://www.youtube.com/watch?v=NNadYGo2tos,
The Pups save a mysterious runaway train! | PAW Patrol | Cartoons for Kids Compilation,689,11:29,7 Aug 2023,cHv5qI-lKGc,https://www.youtube.com/watch?v=cHv5qI-lKGc,
PAW Patrol Sea Patrol stops Sid The Pirate and more! | PAW Patrol | Cartoons for Kids Compilation,4381,1:13:01,7 Aug 2023,f9qRS_vUtag,https://www.youtube.com/watch?v=f9qRS_vUtag,
Aqua Pups and Moby’s Super Bubble Maker | PAW Patrol | Toy Play for Kids,186,3:06,7 Aug 2023,I008LIb74IA,https://www.youtube.com/watch?v=I008LIb74IA,
Best Zuma Rescue Missions and MORE! ⚓️ | PAW Patrol | Cartoons for Kids,4282,1:11:22,7 Aug 2023,3zopxCYDjLo,https://www.youtube.com/watch?v=3zopxCYDjLo,
Everest Saves Mayor Goodway in the Snow!❄️| PAW Patrol Rescue Episode | Cartoons for Kids,121,2:01,7 Aug 2023,o_14aGAAci0,https://www.youtube.com/watch?v=o_14aGAAci0,
Everest Saves Mayor Goodway in the Snow!❄️| PAW Patrol Rescue Episode | Cartoons for Kids!,121,2:01,7 Aug 2023,i2P0piXDLPE,https://www.youtube.com/watch?v=i2P0piXDLPE,
Best Ultimate Rescue Chase Moments and More! - PAW Patrol - Cartoons for Kids Compilation,1457,24:17,7 Aug 2023,hrLoICIgAgQ,https://www.youtube.com/watch?v=hrLoICIgAgQ,
Aqua Pups Save a Stranded Boat ⛵️| PAW Patrol | Toy Play for Kids,231,3:51,7 Aug 2023,JL_p1m42hfU,https://www.youtube.com/watch?v=JL_p1m42hfU,
The Pups saves the jungle from the Cheetah and More! | PAW Patrol | Cartoons for Kids Compilation,650,10:50,7 Aug 2023,rf50fs7w4F4,https://www.youtube.com/watch?v=rf50fs7w4F4,
Ultimate Rescue PAW Patrol stop a Movie Monster | PAW Patrol | Cartoons for Kids Compilation,4368,1:12:48,7 Aug 2023,nWkCENryBmk,https://www.youtube.com/watch?v=nWkCENryBmk,
Aqua Pups Solve a Bubble Blunder - PAW Patrol - Toy Play for Kids,182,3:02,7 Aug 2023,cET96tk6k9Q,https://www.youtube.com/watch?v=cET96tk6k9Q,
Best Ultimate Rescue Missions and MORE! | PAW Patrol | Cartoons for Kids,4073,1:07:53,7 Aug 2023,a_MjPWrDV3Q,https://www.youtube.com/watch?v=a_MjPWrDV3Q,
Pups Save Gustavo's Favorite Guitar 🎸 | PAW Patrol Rescue Episode | Cartoons for Kids!,120,2:00,7 Aug 2023,Veu8uU6iAiY,https://www.youtube.com/watch?v=Veu8uU6iAiY,
Best PAW Patrol Mighty Pups Rescue Episodes! - PAW Patrol - Cartoons for Kids,1180,19:40,7 Aug 2023,lmCAyrXy_Nc,https://www.youtube.com/watch?v=lmCAyrXy_Nc,
Aqua Pups Clear the Ink from Puplantis 🐙 - PAW Patrol - Toy Play for Kids,215,3:35,7 Aug 2023,Ujsuwrh4dXg,https://www.youtube.com/watch?v=Ujsuwrh4dXg,
"The Pups save Bunnies, Cows, and More! - PAW Patrol - Cartoons for Kids Compilation",661,11:01,7 Aug 2023,UUoeEGsIG_U,https://www.youtube.com/watch?v=UUoeEGsIG_U,
PAW Patrol Mighty Pups rescue a Mega Mayor and more! - PAW Patrol - Cartoons for Kids Compilation,4191,1:09:51,7 Aug 2023,5cMC_IU7PmI,https://www.youtube.com/watch?v=5cMC_IU7PmI,
Aqua Pups Save a Trapped Sea Horse 🌊 - PAW Patrol - Toy Play for Kids,231,3:51,7 Aug 2023,QWLftSZpyqE,https://www.youtube.com/watch?v=QWLftSZpyqE,
"Rescue Knights, Moto Pups, and More! - PAW Patrol Season 8 Marathon! - Cartoons for Kids",6167,1:42:47,7 Aug 2023,hkfWrZ4c86I,https://www.youtube.com/watch?v=hkfWrZ4c86I,
Chase and Rubble Save the Scared Kids! - PAW Patrol Rescue Episode - Cartoons for Kids,121,2:01,7 Aug 2023,SlIvPtkwYZ0,https://www.youtube.com/watch?v=SlIvPtkwYZ0,
Chase and Rubble Save the Scared Kids! - PAW Patrol Rescue Episode - Cartoons for Kids!,121,2:01,7 Aug 2023,aTtNpaOnP7Y,https://www.youtube.com/watch?v=aTtNpaOnP7Y,
Best Mighty Pups Chase Moments and More! - PAW Patrol - Cartoons for Kids,934,15:34,7 Aug 2023,Ow9x0zKPgj4,https://www.youtube.com/watch?v=Ow9x0zKPgj4,
Aqua Pups Help Baby Turtles 🐢 - PAW Patrol - Toy Play for Kids,254,4:14,7 Aug 2023,cKMpe2BUs0k,https://www.youtube.com/watch?v=cKMpe2BUs0k,
Mighty Marshall Best Mighty Pup Moments and More! - PAW Patrol - Cartoons for Kids,1010,16:50,7 Aug 2023,I2JrVflURL4,https://www.youtube.com/watch?v=I2JrVflURL4,
Aqua Pups Save a Mer-Pup Concert - PAW Patrol - Toy Play for Kids,263,4:23,7 Aug 2023,mdWI8RxYc4k,https://www.youtube.com/watch?v=mdWI8RxYc4k,
Aqua Pups and Animal Rescue Missions 🚨- PAW Patrol - Cartoons for Kids,6258,1:44:18,7 Aug 2023,1hnqVQPDFNA,https://www.youtube.com/watch?v=1hnqVQPDFNA,
Pups Save Olivia the Ostrich! 🥚- PAW Patrol Rescue Episode - Cartoons for Kids!,121,2:01,7 Aug 2023,uCW8Wln_llI,https://www.youtube.com/watch?v=uCW8Wln_llI,
Pups Save Humdinger's Kitty Cats and More! | PAW Patrol | Cartoons for Kids Compilation,1140,19:00,7 Aug 2023,t3vdQnZs7hM,https://www.youtube.com/watch?v=t3vdQnZs7hM,
Aqua Pups Save a Trapped Mer-Pup - PAW Patrol - Toy Play for Kids,168,2:48,7 Aug 2023,c5uieU0mci0,https://www.youtube.com/watch?v=c5uieU0mci0,
Marshall Saves Adventure Bay and More! - PAW Patrol - Cartoons for Kids,1213,20:13,7 Aug 2023,gDBWmYaUfQc,https://www.youtube.com/watch?v=gDBWmYaUfQc,
Aqua Pups Save Puplantis from a Sand Tornado - PAW Patrol - Toy Play for Kids,227,3:47,7 Aug 2023,69AUehbo3Kg,https://www.youtube.com/watch?v=69AUehbo3Kg,
Marshall and Skye Rescue Knights Episodes and More 🏰- PAW Patrol - Cartoons for Kids,3977,1:06:17,7 Aug 2023,F45EzKzV6Tg,https://www.youtube.com/watch?v=F45EzKzV6Tg,
Chase Solves a Museum Mystery - PAW Patrol Rescue Episode - Cartoons for Kids!,121,2:01,7 Aug 2023,IfJASYtZEiw,https://www.youtube.com/watch?v=IfJASYtZEiw,
PAW Patrol Pups Save a Mail Truck! 📩 - PAW Patrol - Toy Play for Kids,239,3:59,7 Aug 2023,Dlzr3SjrkSA,https://www.youtube.com/watch?v=Dlzr3SjrkSA,
Marshall's Animal Rescue Moments and More! - PAW Patrol - Cartoons for Kids Compilation,1493,24:53,7 Aug 2023,sZmHN_YWKWk,https://www.youtube.com/watch?v=sZmHN_YWKWk,
Pups Save Flying Pigs at a Birthday Party! 🐷- PAW Patrol - Toy Play for Kids,204,3:24,7 Aug 2023,Jar1CfXx-8w,https://www.youtube.com/watch?v=Jar1CfXx-8w,
Cat Pack and Moto Pups Rescues! - PAW Patrol - Cartoons for Kids,3939,1:05:39,7 Aug 2023,cdVm0adgeIY,https://www.youtube.com/watch?v=cdVm0adgeIY,
Pups Smell a Stinky Jungle Rescue! 🙊 - PAW Patrol Rescue Episode - Cartoons for Kids!,107,1:47,7 Aug 2023,IG70aI_R8yg,https://www.youtube.com/watch?v=IG70aI_R8yg,
Pups Save Kitties From a Giant Sandcastle - PAW Patrol - Toy Play for Kids,243,4:03,7 Aug 2023,e7LpzidIAAA,https://www.youtube.com/watch?v=e7LpzidIAAA,
NEW Aqua Pups Whale Patroller and Vehicles - PAW Patrol How To - Toys for Kids,238,3:58,7 Aug 2023,FQwfR3Nf6Gc,https://www.youtube.com/watch?v=FQwfR3Nf6Gc,
How to Set Up the NEW Adventure Bay Tower - PAW Patrol - Toys for Kids,140,2:20,7 Aug 2023,oo3xO13Vgus,https://www.youtube.com/watch?v=oo3xO13Vgus,
Sea Patrol Marshall Best Rescues and More! - PAW Patrol - Cartoons for Kids,1159,19:19,7 Aug 2023,hnx9beSf124,https://www.youtube.com/watch?v=hnx9beSf124,
PAW Patrol Friendship Song for Valentine's Day | PAW Patrol | Cartoons for Kids,119,1:59,7 Aug 2023,79lQTtEfAlg,https://www.youtube.com/watch?v=79lQTtEfAlg,
Pups Save the Adventure Bay Pet Parade 🐶 - PAW Patrol - Toy Play for Kids,208,3:28,7 Aug 2023,e8L_fvp53Gc,https://www.youtube.com/watch?v=e8L_fvp53Gc,
Mission PAW and Ultimate Rescues 🚨 - PAW Patrol - Cartoons for Kids,3953,1:05:53,7 Aug 2023,3tiWGH3oWnc,https://www.youtube.com/watch?v=3tiWGH3oWnc,
Pups Save a Floating Dance Floor! - PAW Patrol Rescue Episode - Cartoons for Kids!,120,2:00,7 Aug 2023,xbdtYfKaRlM,https://www.youtube.com/watch?v=xbdtYfKaRlM,
Pups Save a Floating Dance Floor! - PAW Patrol Rescue Episode - Cartoons for Kids,120,2:00,7 Aug 2023,d98foz1f_tM,https://www.youtube.com/watch?v=d98foz1f_tM,
Best of Skye’s Ultimate Rescues & More!  - PAW Patrol - Cartoons for Kids Compilation,770,12:50,7 Aug 2023,b-dogcIMfi8,https://www.youtube.com/watch?v=b-dogcIMfi8,
The Pups Save the Potluck Picnic 🧺  - PAW Patrol - Toy Play for Kids,232,3:52,7 Aug 2023,XGY4yBLdW6c,https://www.youtube.com/watch?v=XGY4yBLdW6c,
"Marshall Saves Aliens, Elephants, and More! - PAW Patrol - Cartoons for Kids",888,14:48,7 Aug 2023,aAtywjch_xw,https://www.youtube.com/watch?v=aAtywjch_xw,
The Pups Clean Up Garbie’s Mess 🐐 - PAW Patrol - Toy Play for Kids,262,4:22,7 Aug 2023,S7yr5fgqANQ,https://www.youtube.com/watch?v=S7yr5fgqANQ,
Mighty Pups Rescue Marathon ⚡️ - PAW Patrol - Cartoons for Kids,3519,58:39,7 Aug 2023,IynnsX2x5gE,https://www.youtube.com/watch?v=IynnsX2x5gE,
The Pups Save Captain Gordy 🙈 - PAW Patrol Rescue Episode - Cartoons for Kids!,120,2:00,7 Aug 2023,mqu2zf6oPtU,https://www.youtube.com/watch?v=mqu2zf6oPtU,
The Pups Save Carrot Cake Festival 🥕 - PAW Patrol - Toy Play for Kids,241,4:01,7 Aug 2023,0yM7qhfS1kY,https://www.youtube.com/watch?v=0yM7qhfS1kY,
"Marshall Saves Sky Divers, Roller Skaters, and More! - PAW Patrol - Cartoons for Kids",914,15:14,7 Aug 2023,LEJVtNq8mn8,https://www.youtube.com/watch?v=LEJVtNq8mn8,
The Pups Throw a Surprise Birthday Party 🎉 - PAW Patrol - Toy Pretend Play for Kids,249,4:09,7 Aug 2023,2djZRLkDZqU,https://www.youtube.com/watch?v=2djZRLkDZqU,
Chase and Marshall Ultimate Rescues 🚨 - PAW Patrol - Cartoons for Kids,3895,1:04:55,7 Aug 2023,TlOTRHENawc,https://www.youtube.com/watch?v=TlOTRHENawc,
Rescue Knights Broken Bridge Rescue 🐉- PAW Patrol Rescue Episode - Cartoons for Kids!,121,2:01,7 Aug 2023,Cz9ID8Ktu_A,https://www.youtube.com/watch?v=Cz9ID8Ktu_A,
The Pups Have a Garage Sale 📦 - PAW Patrol - Toy Pretend Play for Kids,305,5:05,7 Aug 2023,mOcvx9_3UWs,https://www.youtube.com/watch?v=mOcvx9_3UWs,
Marshall's Best Animal Rescue Moments and More! - PAW Patrol - Cartoons for Kids,573,9:33,7 Aug 2023,lWS9_SuHPSs,https://www.youtube.com/watch?v=lWS9_SuHPSs,
Chase and Marshall Mighty Pups Rescues ⚡️ - PAW Patrol - Cartoons for Kids,4118,1:08:38,7 Aug 2023,DRiWI27zqNc,https://www.youtube.com/watch?v=DRiWI27zqNc,
Skye Ultimate Canyon Rescue 🚁 - PAW Patrol Rescue Episode - Cartoons for Kids,114,1:54,7 Aug 2023,hUFZZ0eRDdQ,https://www.youtube.com/watch?v=hUFZZ0eRDdQ,
Skye Ultimate Canyon Rescue 🚁 - PAW Patrol Rescue Episode - Cartoons for Kids!,114,1:54,7 Aug 2023,LlVy6KctpZc,https://www.youtube.com/watch?v=LlVy6KctpZc,
Ultimate Marshall's Best Saves and Rescue Moments! - PAW Patrol - Cartoons for Kids,631,10:31,7 Aug 2023,DuCUHPyYtl4,https://www.youtube.com/watch?v=DuCUHPyYtl4,
"PAW Patrol Rescue Knights, Baby Dragons & MORE 🏰🐉 - PAW Patrol - Cartoons for Kids",3476,57:56,7 Aug 2023,5rL_N2WFvxU,https://www.youtube.com/watch?v=5rL_N2WFvxU,
Rescue Knights Frozen Tower Rescue ❄️- PAW Patrol Rescue Episode - Cartoons for Kids!,120,2:00,7 Aug 2023,9HFF2iL4z38,https://www.youtube.com/watch?v=9HFF2iL4z38,
Best Sea Patrol Chase Moments and More! - PAW Patrol - Cartoons for Kids,921,15:21,7 Aug 2023,wCRnn1ov0UI,https://www.youtube.com/watch?v=wCRnn1ov0UI,
The Pups Make a Perfect Picnic Lunch 🥪 - PAW Patrol - Toy Pretend Play for Kids,228,3:48,7 Aug 2023,tFquHAFzcT4,https://www.youtube.com/watch?v=tFquHAFzcT4,
The Pups Clean Up their Toy Play Room🧸 - PAW Patrol - Toy Pretend Play for Kids,281,4:41,7 Aug 2023,PjdFDGhf0cM,https://www.youtube.com/watch?v=PjdFDGhf0cM,
Mighty Pups Charged Up fix the train tracks and More! - PAW Patrol - Cartoons for Kids Compilation,746,12:26,7 Aug 2023,Mbwv7iPq81I,https://www.youtube.com/watch?v=Mbwv7iPq81I,
Big Truck Pups Play Hide and Seek 🚚 - PAW Patrol - Toy Pretend Play Rescue for Kids,284,4:44,7 Aug 2023,3003zI-UamI,https://www.youtube.com/watch?v=3003zI-UamI,
The Pups Go Back to School 🎒📚- PAW Patrol - Toy Pretend Play for Kids,289,4:49,7 Aug 2023,kNHPA5DDCe8,https://www.youtube.com/watch?v=kNHPA5DDCe8,
The Pups get Ready for Bed 🛏💤- PAW Patrol - Toy Pretend Play for Kids,283,4:43,7 Aug 2023,Xy2ru7NahYE,https://www.youtube.com/watch?v=Xy2ru7NahYE,
Pups Save Mr Porter from traffic and more! - PAW Patrol - Cartoons for Kids Compilation,606,10:06,7 Aug 2023,Bo3NRS6RA_8,https://www.youtube.com/watch?v=Bo3NRS6RA_8,
Pups Build Their Own Adventure City! - PAW Patrol - Toy Pretend Play Rescue for Kids,232,3:52,7 Aug 2023,Z9ntz6RKhRY,https://www.youtube.com/watch?v=Z9ntz6RKhRY,
"Mighty Pups, Sea Patrol Rescues and More 🏴‍☠️ - PAW Patrol - Cartoons for Kids",3138,52:18,7 Aug 2023,wK8YbJ0UWb4,https://www.youtube.com/watch?v=wK8YbJ0UWb4,
Chase and the Pups Help Mayor Goodway 🍇 - PAW Patrol Rescue Episode - Cartoons for Kids,121,2:01,7 Aug 2023,fqmRkr3tCIk,https://www.youtube.com/watch?v=fqmRkr3tCIk,
Chase and the Pups Help Mayor Goodway 🍇 | PAW Patrol Rescue Episode | Cartoons for Kids!,121,2:01,7 Aug 2023,DsfkYrC28Tw,https://www.youtube.com/watch?v=DsfkYrC28Tw,
Big Truck Pups Find the Missing Animals 🐓🚛- PAW Patrol - Toy Play for Kids,252,4:12,7 Aug 2023,Vhs3cGbDh1s,https://www.youtube.com/watch?v=Vhs3cGbDh1s,
Big Truck Pups Save a Train 🚂| PAW Patrol | Toy Pretend Play Rescue for Kids,213,3:33,7 Aug 2023,4eYX1V-BCZM,https://www.youtube.com/watch?v=4eYX1V-BCZM,
Chase and Chickaletta Change Bodies and More! | PAW Patrol | Cartoons for Kids Compilation,613,10:13,7 Aug 2023,6MfYkKUja4c,https://www.youtube.com/watch?v=6MfYkKUja4c,
Rubble and Wild Stop a Yarn Ball 🧶+ More - PAW Patrol - Cartoons for Kids,3143,52:23,7 Aug 2023,ABvepqssBCg,https://www.youtube.com/watch?v=ABvepqssBCg,
Rescue Knights Save the Baby Dragons 🏰- PAW Patrol Rescue Episode - Cartoons for Kids!,121,2:01,7 Aug 2023,AFgDOkAr45U,https://www.youtube.com/watch?v=AFgDOkAr45U,
The Pups Build a New Headquarters!📚| PAW Patrol | Toy Pretend Play Rescue for Kids,275,4:35,7 Aug 2023,Te3dIfgTnQY,https://www.youtube.com/watch?v=Te3dIfgTnQY,
Mighty Twins join the Mighty Pups and More! - PAW Patrol - Cartoons for Kids Compilation,651,10:51,7 Aug 2023,QYrKgMNj-N4,https://www.youtube.com/watch?v=QYrKgMNj-N4,
Rescue Knights Barkingburg Adventures & MORE 🏰- PAW Patrol - Cartoons for Kids,2296,38:16,7 Aug 2023,9B3rBnLZqFY,https://www.youtube.com/watch?v=9B3rBnLZqFY,
Pups Search for a Missing Beehive 🐝- PAW Patrol Rescue Episode - Cartoons for Kids!,119,1:59,7 Aug 2023,p4kPT11GlIw,https://www.youtube.com/watch?v=p4kPT11GlIw,
PAW Patrol Rescue the Land Pirates and More! - PAW Patrol - Cartoons for Kids Compilation,643,10:43,7 Aug 2023,9tjqv5dbevg,https://www.youtube.com/watch?v=9tjqv5dbevg,
The Pups Play Musical Chairs & More 🎶🪑- PAW Patrol - Toy Pretend Play Rescue for Kids,319,5:19,7 Aug 2023,mYQLomPLlJM,https://www.youtube.com/watch?v=mYQLomPLlJM,
Over 1 Hour of Chase Mighty Rescues & MORE 😾- PAW Patrol - Cartoons for Kids,4187,1:09:47,7 Aug 2023,pRPhozraA-M,https://www.youtube.com/watch?v=pRPhozraA-M,
Skye and the Pups Stop a Clown Car 🤡- PAW Patrol Rescue Episode - Cartoons for Kids!,121,2:01,7 Aug 2023,NCip7vcjRGc,https://www.youtube.com/watch?v=NCip7vcjRGc,
Big Truck Pups Clean Up Chocolate 🍫- PAW Patrol - Toy Pretend Play Rescue for Kids,251,4:11,7 Aug 2023,8WHCfYStPzg,https://www.youtube.com/watch?v=8WHCfYStPzg,
Skye and Rubble Best Moments 🦋🚜- PAW Patrol - Cartoons for Kids Compilation,1319,21:59,7 Aug 2023,yElH_Bc31Gs,https://www.youtube.com/watch?v=yElH_Bc31Gs,
The Pups Celebrate Winter Holidays 🎄⛄️- PAW Patrol - Toy Pretend Play Rescue for Kids,320,5:20,7 Aug 2023,gbhXspLWSAM,https://www.youtube.com/watch?v=gbhXspLWSAM,
1 Hour! Chase Finds the Princess Painting and More! - PAW Patrol - Cartoons for Kids,3819,1:03:39,7 Aug 2023,tO8NxHimpYA,https://www.youtube.com/watch?v=tO8NxHimpYA,
Pups Help an Elf Save Christmas! - PAW Patrol Rescue Episode - Cartoons for Kids!,120,2:00,7 Aug 2023,oQerjPwf0fE,https://www.youtube.com/watch?v=oQerjPwf0fE,
Pups Save Chickaletta's Runaway Egg and More! - PAW Patrol - Cartoons for Kids Compilation,615,10:15,7 Aug 2023,UUcB7sy-42g,https://www.youtube.com/watch?v=UUcB7sy-42g,
Chase & The Big Truck Pups Drone Rescue - PAW Patrol - Toy Pretend Play Rescue for Kids,281,4:41,7 Aug 2023,g1vhfb2ZlFE,https://www.youtube.com/watch?v=g1vhfb2ZlFE,
Skye and Rubble Mighty Moments and More - PAW Patrol - Cartoons for Kids Compilation,2044,34:04,7 Aug 2023,SflTOfD_hHw,https://www.youtube.com/watch?v=SflTOfD_hHw,
"The Pups Play Sports! Soccer, Football, and More! - PAW Patrol - Toy Pretend Play Rescue for Kids",302,5:02,7 Aug 2023,MDzL98RYoKs,https://www.youtube.com/watch?v=MDzL98RYoKs,
1 Hour! Chase Saves the Royal Kitties and More! - PAW Patrol - Cartoons for Kids,4290,1:11:30,7 Aug 2023,F07x8L-LZsE,https://www.youtube.com/watch?v=F07x8L-LZsE,
Pups Save Christmas! Dino Rescue Special - PAW Patrol Rescue Episode - Cartoons for Kids,314,5:14,7 Aug 2023,2okLYcVP3wE,https://www.youtube.com/watch?v=2okLYcVP3wE,
Mighty Twins and Mighty Pups take down Lady Bird! - PAW Patrol - Cartoons for Kids Compilation,642,10:42,7 Aug 2023,4FLFIskhpjA,https://www.youtube.com/watch?v=4FLFIskhpjA,
The Pups Plant a Fruit and Vegetable Garden - PAW Patrol - Toy Pretend Play Rescue for Kids,296,4:56,7 Aug 2023,6lQO6UTnfs4,https://www.youtube.com/watch?v=6lQO6UTnfs4,
Skye and Rubble Moto Rescues & More! - PAW Patrol - Cartoons for Kids Compilation,2121,35:21,7 Aug 2023,Flcezuo_qYc,https://www.youtube.com/watch?v=Flcezuo_qYc,
Best PAW Patrol Dino Pups Rescues and Mighty Missions - PAW Patrol - Cartoons for Kids,3706,1:01:46,7 Aug 2023,88jSHDiGd4s,https://www.youtube.com/watch?v=88jSHDiGd4s,
Skye & The Rescue Knights Save Sweetie 🏰- PAW Patrol Rescue Episode - Cartoons for Kids!,126,2:06,7 Aug 2023,it2UKhzPZ6M,https://www.youtube.com/watch?v=it2UKhzPZ6M,
Mighty Pups vs Super Kitty Catastrophe Crew and More! - PAW Patrol - Cartoons for Kids Compilation,616,10:16,7 Aug 2023,1mpEF3e6tr0,https://www.youtube.com/watch?v=1mpEF3e6tr0,
The Pups Go on a Scavenger Hunt! - PAW Patrol - Toy Pretend Play Rescue for Kids,282,4:42,7 Aug 2023,hdMrlUymSvo,https://www.youtube.com/watch?v=hdMrlUymSvo,
Skye and Rubble Jungle Rescues and More - PAW Patrol - Cartoons for Kids Compilation,2069,34:29,7 Aug 2023,3z45pltRK4E,https://www.youtube.com/watch?v=3z45pltRK4E,
Al and the Pups Rescue a Truck in the Bay 🚚- PAW Patrol - Toy Pretend Play Rescue for Kids,270,4:30,7 Aug 2023,xpS7XudbB-I,https://www.youtube.com/watch?v=xpS7XudbB-I,
"1 Hour! Chase, Cat Pack Rescues and More! - PAW Patrol - Cartoons for Kids",3992,1:06:32,7 Aug 2023,QlqSnXDC8Mo,https://www.youtube.com/watch?v=QlqSnXDC8Mo,
PAW Patrol Pups Rescue a Truck Stuck on a Bridge - PAW Patrol Rescue Episode - Cartoons for Kids!,126,2:06,7 Aug 2023,HnAMCJO2SoQ,https://www.youtube.com/watch?v=HnAMCJO2SoQ,
PAW Patrol Pups Rescue a Truck Stuck on a Bridge - PAW Patrol Rescue Episode - Cartoons for Kids,126,2:06,7 Aug 2023,Z6Z_kJKVId4,https://www.youtube.com/watch?v=Z6Z_kJKVId4,
Ultimate Rescue Pups Save a Space Monkey Astronaut! - PAW Patrol - Cartoons for Kids Compilation,620,10:20,7 Aug 2023,HvMRBitjkIU,https://www.youtube.com/watch?v=HvMRBitjkIU,
Big Truck Pups Rainbow Colorful Clean-Up 🌈- PAW Patrol - Toy Pretend Play Rescue for Kids,233,3:53,7 Aug 2023,9Ncd8ZCxCXs,https://www.youtube.com/watch?v=9Ncd8ZCxCXs,
"Skye and Rubble Mighty Rescues, Sea Patrol & More - PAW Patrol - Cartoons for Kids Compilation",2047,34:07,7 Aug 2023,zbcmDWWiJjA,https://www.youtube.com/watch?v=zbcmDWWiJjA,
Big Truck Pups Clean Up a Mustard Mess 🌭- PAW Patrol - Toy Pretend Play Rescue for Kids,258,4:18,7 Aug 2023,aRHeX-kNSRs,https://www.youtube.com/watch?v=aRHeX-kNSRs,
Over 1 Hour of Chase and Rubble Rescues 🐾🦺- PAW Patrol - Cartoons for Kids Compilation,3776,1:02:56,7 Aug 2023,64TB5WVvHa4,https://www.youtube.com/watch?v=64TB5WVvHa4,
Rescue Knights Stop a Sleepy Fog ⏰- PAW Patrol Rescue Episode - Cartoons for Kids!,126,2:06,7 Aug 2023,-nU56ycJJuY,https://www.youtube.com/watch?v=-nU56ycJJuY,
Mighty Pups Save A Frozen Adventure Bay and more! - PAW Patrol - Cartoons for Kids Compilation,638,10:38,7 Aug 2023,pY_vxdxQkEw,https://www.youtube.com/watch?v=pY_vxdxQkEw,
Big Truck Pups Save the Beavers - PAW Patrol - Toy Pretend Play Rescue for Kids,307,5:07,7 Aug 2023,nyMF0wpPy-I,https://www.youtube.com/watch?v=nyMF0wpPy-I,
Rubble and Skye Save Wolves and More - PAW Patrol - Cartoons for Kids Compilation,2031,33:51,7 Aug 2023,ZT5Yyd2ZIdQ,https://www.youtube.com/watch?v=ZT5Yyd2ZIdQ,
Mighty Pups Rescue Rare Birds 🦜 and More! - PAW Patrol - Toy Pretend Play for Kids,3693,1:01:33,7 Aug 2023,dKyRuByjRPU,https://www.youtube.com/watch?v=dKyRuByjRPU,
Chase and the Big Truck Pups Canyon Rescue - PAW Patrol - Toy Pretend Play Rescue for Kids,256,4:16,7 Aug 2023,Q4emijvoqZI,https://www.youtube.com/watch?v=Q4emijvoqZI,
"1 Hour of Chase Rescues - Mighty, Ultimate, and More! - PAW Patrol - Cartoons for Kids Compilation",3858,1:04:18,7 Aug 2023,macXZm2nRnk,https://www.youtube.com/watch?v=macXZm2nRnk,
The Pups Save the Melon Festival 🍈- PAW Patrol Rescue Episode - Cartoons for Kids!,123,2:03,7 Aug 2023,mHpmbyFOwqc,https://www.youtube.com/watch?v=mHpmbyFOwqc,
Pups Save Danny From Falling into the Canyon and More! - PAW Patrol - Cartoons for Kids Compilation,754,12:34,7 Aug 2023,I9i1qVuTt_c,https://www.youtube.com/watch?v=I9i1qVuTt_c,
Rubble Saves a Truck Full of Skateboards 🛹- PAW Patrol - Toy Pretend Play Rescue for Kids,245,4:05,7 Aug 2023,nWvrAcbvVss,https://www.youtube.com/watch?v=nWvrAcbvVss,
Rubble Saves Dinosaurs from a Volcano 🌋 - PAW Patrol - Cartoons for Kids Compilation,1257,20:57,7 Aug 2023,vK57ek-yk5c,https://www.youtube.com/watch?v=vK57ek-yk5c,
Cat Pack and PAW Patrol Pups Stop Meow Meow 😺| PAW Patrol | Toy Pretend Play for Kids,3806,1:03:26,7 Aug 2023,iifFs9jbr0w,https://www.youtube.com/watch?v=iifFs9jbr0w,
Pups go Trick or Treating - Halloween Episode 🎃| PAW Patrol | Toy Pretend Play Rescue for Kids,283,4:43,7 Aug 2023,-WNlNgsbBU0,https://www.youtube.com/watch?v=-WNlNgsbBU0,
1 Hour! Skye and Chase Stop a Runaway Trash Truck - PAW Patrol - Cartoons for Kids Compilation,3686,1:01:26,7 Aug 2023,7l8jKMa94rA,https://www.youtube.com/watch?v=7l8jKMa94rA,
Rubble and Rocky Save a Hot Air Balloon 🛩- PAW Patrol Rescue Episode - Cartoons for Kids,126,2:06,7 Aug 2023,jp27cJARRUQ,https://www.youtube.com/watch?v=jp27cJARRUQ,
Rubble and Rocky Save a Hot Air Balloon 🛩- PAW Patrol Rescue Episode - Cartoons for Kids!,126,2:06,7 Aug 2023,9TNyPixDqYg,https://www.youtube.com/watch?v=9TNyPixDqYg,
Marshall Saves the Duck Pond and more! - PAW Patrol - Cartoons for Kids Compilation,638,10:38,7 Aug 2023,7VRnFLSaq7U,https://www.youtube.com/watch?v=7VRnFLSaq7U,
A Sleepy Fog in Barkingburg + More Rubble Rescues 🏰 - PAW Patrol - Cartoons for Kids Compilation,1203,20:03,7 Aug 2023,0aMjig6I_bk,https://www.youtube.com/watch?v=0aMjig6I_bk,
Chase and Liberty Save Adventure City 🗼 and More - PAW Patrol - Toy Pretend Play for Kids,3785,1:03:05,7 Aug 2023,cl3UbwDs2A4,https://www.youtube.com/watch?v=cl3UbwDs2A4,
Big Truck Pups Save a Bus Full of Ice Cream 🍦- PAW Patrol - Toy Pretend Play Rescue for Kids,321,5:21,7 Aug 2023,FlK8tsnd9jA,https://www.youtube.com/watch?v=FlK8tsnd9jA,
1 Hour! Mighty Pups Rescues with Chase - PAW Patrol - Cartoons for Kids Compilation,4202,1:10:02,7 Aug 2023,cDWeyfJYQG8,https://www.youtube.com/watch?v=cDWeyfJYQG8,
Ultimate Rescue Pups Find the Missing Cellphones 📱 - PAW Patrol Rescue Episode - Cartoons for Kids,125,2:05,7 Aug 2023,se9E4iinsbI,https://www.youtube.com/watch?v=se9E4iinsbI,
Ultimate Rescue Pups Find the Missing Cellphones 📱 - PAW Patrol Rescue Episode - Cartoons for Kids!,125,2:05,7 Aug 2023,9dME4nGY3pk,https://www.youtube.com/watch?v=9dME4nGY3pk,
Pups Stop a Giant Fire Breathing Monster! - PAW Patrol - Cartoons for Kids Compilation,625,10:25,7 Aug 2023,oGL0uo_llIc,https://www.youtube.com/watch?v=oGL0uo_llIc,
Learn About Things that POP! 🍿 - Did You Know? - Fun Facts for Kids,410,6:50,7 Aug 2023,Jxx04DrRpK8,https://www.youtube.com/watch?v=Jxx04DrRpK8,
Rubble and the Broken Bridge Rescue 🚛- PAW Patrol - Toy Pretend Play Rescue for Kids,243,4:03,7 Aug 2023,Ki2g_DZKbXQ,https://www.youtube.com/watch?v=Ki2g_DZKbXQ,
Rubble Saves a Flying Lighthouse and MORE 🚀 - PAW Patrol - Cartoons for Kids Compilation,1202,20:02,7 Aug 2023,k8up-CCG-fI,https://www.youtube.com/watch?v=k8up-CCG-fI,
Rescue Knights Find the Stolen Treasure 💎and More - PAW Patrol - Toy Pretend Play for Kids,3936,1:05:36,7 Aug 2023,aUG8dIIspFM,https://www.youtube.com/watch?v=aUG8dIIspFM,
Big Truck Pups Save Cute Animals 🙊- PAW Patrol - Toy Pretend Play Rescue for Kids,298,4:58,7 Aug 2023,ZZR_zLcKgi4,https://www.youtube.com/watch?v=ZZR_zLcKgi4,
Ultimate Construction Rescues with Rubble! 🛠 - PAW Patrol - Cartoons for Kids Compilation,4132,1:08:52,7 Aug 2023,WsECEwHyrbE,https://www.youtube.com/watch?v=WsECEwHyrbE,
Big Truck Pups Save Chickens in the River 🚚- PAW Patrol - Toy Pretend Play Rescue for Kids,172,2:52,7 Aug 2023,CvBzdOp7EpA,https://www.youtube.com/watch?v=CvBzdOp7EpA,
Rubble Saves Rocky in a Box Fort! 📦- PAW Patrol Rescue Episode - Cartoons for Kids!,126,2:06,7 Aug 2023,OkX_OwgqcxM,https://www.youtube.com/watch?v=OkX_OwgqcxM,
Pups Save Chickaletta's Runaway Egg! - PAW Patrol - Cartoons for Kids Compilation,632,10:32,7 Aug 2023,SkB4ZFjHTxo,https://www.youtube.com/watch?v=SkB4ZFjHTxo,
"Alien Rubble, a Rainbow Potato and MORE 🛸! - PAW Patrol - Cartoons for Kids Compilation",1212,20:12,7 Aug 2023,TKkVjbOB4UQ,https://www.youtube.com/watch?v=TKkVjbOB4UQ,
"A Swamp Save, Ruff Ruff Rescues & More 🏍- - PAW Patrol - Toy Pretend Play for Kids",3433,57:13,7 Aug 2023,YFzZ1T0RQ-g,https://www.youtube.com/watch?v=YFzZ1T0RQ-g,
Fun Day at the Big Truck Pups HQ ⛽️- PAW Patrol - Toy Pretend Play Rescue for Kids,235,3:55,7 Aug 2023,Ut2C-rzeACE,https://www.youtube.com/watch?v=Ut2C-rzeACE,
PAW Patrol and Cat Pack Save the Day and more! - PAW Patrol - Cartoons for Kids Compilation,3333,55:33,7 Aug 2023,bkqQ8Ae9X_8,https://www.youtube.com/watch?v=bkqQ8Ae9X_8,
Goldilocks and the Three Bears 🌈☁️| Cloudy’s Storytime | Stories for Kids,671,11:11,7 Aug 2023,D554s82xG6Q,https://www.youtube.com/watch?v=D554s82xG6Q,
Pups Rescue a Runaway Train 🚞 - PAW Patrol Rescue Episode - Cartoons for Kids!,102,1:42,7 Aug 2023,ErLzDv8rBk8,https://www.youtube.com/watch?v=ErLzDv8rBk8,
Skye Saves the Tigers from a Volcano! | PAW Patrol | Cartoons for Kids Compilation,632,10:32,7 Aug 2023,gRcJkjmtwnU,https://www.youtube.com/watch?v=gRcJkjmtwnU,
Big Truck Pups Save a Wind Farm 🚚| PAW Patrol | Toy Pretend Play Rescue for Kids,259,4:19,7 Aug 2023,cj1e2ROzlr8,https://www.youtube.com/watch?v=cj1e2ROzlr8,
Mighty Rubble Saves a Train and More Rescue Moments! - PAW Patrol - Cartoons for Kids Compilation,585,9:45,7 Aug 2023,YGBWWTEeVVw,https://www.youtube.com/watch?v=YGBWWTEeVVw,
1 Hour of Cat Pack Toy Rescues Missions! - PAW Patrol - Toy Pretend Play for Kids,4092,1:08:12,7 Aug 2023,P2Kj0Pe4OsE,https://www.youtube.com/watch?v=P2Kj0Pe4OsE,
Pups Save A Concert 🎸- PAW Patrol - Toy Pretend Play Rescue for Kids,320,5:20,7 Aug 2023,TBv0lOH3aps,https://www.youtube.com/watch?v=TBv0lOH3aps,
Best of PAW Patrol Mighty Pups Rescues! - PAW Patrol - Cartoons for Kids Compilation,3523,58:43,7 Aug 2023,IwoxIdOM4ok,https://www.youtube.com/watch?v=IwoxIdOM4ok,
Skye Rescues a Flying Farmhouse 🐶 - PAW Patrol Rescue Episode - Cartoons for Kids!,125,2:05,7 Aug 2023,zCUlME3C4ao,https://www.youtube.com/watch?v=zCUlME3C4ao,
PAW Patrol Save the Stolen Ferris Wheel - PAW Patrol - Cartoons for Kids Compilation,644,10:44,7 Aug 2023,SGVZDImx7Jg,https://www.youtube.com/watch?v=SGVZDImx7Jg,
Pups Save A Mystery Cave Monster 🦝 - PAW Patrol - Toy Pretend Play Rescue for Kids,278,4:38,7 Aug 2023,RsJ-3tErNDk,https://www.youtube.com/watch?v=RsJ-3tErNDk,
Rubble Rescues Animals and More Best Moments! - PAW Patrol - Cartoons for Kids Compilation,579,9:39,7 Aug 2023,XZ_7nPVEEg8,https://www.youtube.com/watch?v=XZ_7nPVEEg8,
1 Hour of Rubble and Rocky Toy Rescue Missions! - PAW Patrol - Toy Pretend Play for Kids,3825,1:03:45,7 Aug 2023,oRhnBv1T0Sg,https://www.youtube.com/watch?v=oRhnBv1T0Sg,
Over 1 Hour of Skye and Marshall Rescues ☁️🔥- PAW Patrol - Cartoons for Kids Compilation,3969,1:06:09,7 Aug 2023,wVqvPzlxdgY,https://www.youtube.com/watch?v=wVqvPzlxdgY,
Chase and Zuma Rescue a Ship 🚢  - PAW Patrol Rescue Episode - Cartoons for Kids!,126,2:06,7 Aug 2023,8IK1mNKU4So,https://www.youtube.com/watch?v=8IK1mNKU4So,
Ultimate Rescue PAW Patrol Saves the Royal Kitties - PAW Patrol - Cartoons for Kids Compilation,641,10:41,7 Aug 2023,RlfoBlFSla8,https://www.youtube.com/watch?v=RlfoBlFSla8,
The Pups Save Ryder’s Surprise Party 🎂 - PAW Patrol - Toy Pretend Play Rescue for Kids,268,4:28,7 Aug 2023,6rzNDswemOY,https://www.youtube.com/watch?v=6rzNDswemOY,
Ultimate Rescue Rubble Best Moments and More! - PAW Patrol - Cartoons for Kids Compilation,595,9:55,7 Aug 2023,RgGtbzLojSY,https://www.youtube.com/watch?v=RgGtbzLojSY,
1 Hour of Rescue Knight Toy Rescue Missions 🏰 - PAW Patrol - Toy Pretend Play for Kids,3810,1:03:30,7 Aug 2023,ZSS-yf-gAvs,https://www.youtube.com/watch?v=ZSS-yf-gAvs,
Kitties Pretend to be the Cat Pack 😺 - PAW Patrol - Toy Pretend Play Rescue for Kids,334,5:34,7 Aug 2023,y0vT_YyRX_o,https://www.youtube.com/watch?v=y0vT_YyRX_o,
Cat Pack PAW Patrol Moto Pups Rescues and More! 🏍- PAW Patrol - Cartoons for Kids Compilation,2180,36:20,7 Aug 2023,m4EtoDmNNxs,https://www.youtube.com/watch?v=m4EtoDmNNxs,
The Pups Stop the Super Shaker!🗼- PAW Patrol Rescue Episode - Cartoons for Kids!,125,2:05,7 Aug 2023,a8qmQVnvYUM,https://www.youtube.com/watch?v=a8qmQVnvYUM,
Everest Rescues the Giant Gold Nugget! - PAW Patrol - Cartoons for Kids Compilation,635,10:35,7 Aug 2023,K0ZmnFV6kDc,https://www.youtube.com/watch?v=K0ZmnFV6kDc,
Pups Stop Meow Meow on Love the Earth Day 🌎 - PAW Patrol - Toy Pretend Play Rescue for Kids,295,4:55,7 Aug 2023,OnnG7si7UKE,https://www.youtube.com/watch?v=OnnG7si7UKE,
Mighty Rubble VS Super Kitties and More Rescue Moments! | PAW Patrol | Cartoons for Kids Compilation,580,9:40,7 Aug 2023,gX4ZqWziYWU,https://www.youtube.com/watch?v=gX4ZqWziYWU,
Over 1 Hour of Chase and Rubble Rescues! 🌊 - PAW Patrol - Toy Pretend Play for Kids,4649,1:17:29,7 Aug 2023,kTPPbVK5j6k,https://www.youtube.com/watch?v=kTPPbVK5j6k,
Pups Stop Humdinger’s Freezing Machine 🧊| PAW Patrol | Toy Pretend Play Rescue for Kids,339,5:39,7 Aug 2023,Bjqri9PhkJo,https://www.youtube.com/watch?v=Bjqri9PhkJo,
Rescue Knights Pups Save Barkingburg Castle! 🏰- PAW Patrol - Cartoons for Kids Compilation,2338,38:58,7 Aug 2023,_q56fB-kAQg,https://www.youtube.com/watch?v=_q56fB-kAQg,
Learn Colors by Painting in the Art Room - Weego's Field Trip - Educational Videos for Kids,260,4:20,7 Aug 2023,8cKVRcc4Q4k,https://www.youtube.com/watch?v=8cKVRcc4Q4k,
The Pups Find Penguins in the Jungle! 🐧 - PAW Patrol Rescue Episode - Cartoons for Kids!,100,1:40,7 Aug 2023,Eusjgo8sXxM,https://www.youtube.com/watch?v=Eusjgo8sXxM,
"Learn Colors, Songs and MORE in a Fire Truck - Weego's Field Trip - Educational Videos for Kids",386,6:26,7 Aug 2023,dRkgSXLzfKw,https://www.youtube.com/watch?v=dRkgSXLzfKw,
Pups Save the Boat from Pirates and More! - PAW Patrol - Cartoons for Kids Compilation,746,12:26,7 Aug 2023,AcYacDZkl1o,https://www.youtube.com/watch?v=AcYacDZkl1o,
Pretend to Be a Superhero and More Education for Kids - Weego's Field Trip Educational Videos,300,5:00,7 Aug 2023,_yw_okOhHGY,https://www.youtube.com/watch?v=_yw_okOhHGY,
Pups Recuse Mayor Humdinger’s Kitties 😸- PAW Patrol - Toy Pretend Play Rescue for Kids,301,5:01,7 Aug 2023,-2mz-EjNX3s,https://www.youtube.com/watch?v=-2mz-EjNX3s,
Learn Colors & Counting at the Market Pretend Play for Kids - Weego's Field Trip,347,5:47,7 Aug 2023,MIrvD79942g,https://www.youtube.com/watch?v=MIrvD79942g,
PAWsome Skye Moments and Rescues! - PAW Patrol - Cartoons for Kids Compilation,1528,25:28,7 Aug 2023,6JpyM7oWY2E,https://www.youtube.com/watch?v=6JpyM7oWY2E,
Moto Pups and Cat Pack Rescues and More! 😸- PAW Patrol - Toy Pretend Play for Kids,2515,41:55,7 Aug 2023,vPTCZjrfbQg,https://www.youtube.com/watch?v=vPTCZjrfbQg,
Over 1 Hour of Skye & Rubble Rescues 🐶- PAW Patrol - Cartoons for Kids Compilation,4204,1:10:04,7 Aug 2023,fUQwxhMr9Ko,https://www.youtube.com/watch?v=fUQwxhMr9Ko,
Peek A Boo! 🙈🐵 - Hugaloos Kids Song & Nursery Rhymes,144,2:24,7 Aug 2023,_TgEG8BQmCU,https://www.youtube.com/watch?v=_TgEG8BQmCU,
Pups Get NEW Rescue Knight Vehicles! 🚒- PAW Patrol Rescue Episode - Cartoons for Kids!,126,2:06,7 Aug 2023,J1nm8yxL2Sc,https://www.youtube.com/watch?v=J1nm8yxL2Sc,
Mighty Pups Charged Up VS Copycat and the Giant Dome! - PAW Patrol - Cartoons for Kids Compilation,653,10:53,7 Aug 2023,Sqoj_LwUK6I,https://www.youtube.com/watch?v=Sqoj_LwUK6I,
"Skye, Rubble, and Pups Solve a Farm Mystery 🐐 - PAW Patrol - Toy Pretend Play Rescue for Kids",263,4:23,7 Aug 2023,MeqloLE8v7I,https://www.youtube.com/watch?v=MeqloLE8v7I,
Skye Saves a Monkey in the Jungle and MORE Rescues 🙉 - PAW Patrol - Cartoons for Kids Compilation,844,14:04,7 Aug 2023,chRINny-KOA,https://www.youtube.com/watch?v=chRINny-KOA,
Cat Pack Toy Rescues and More! 😸- PAW Patrol - Toy Pretend Play for Kids,1222,20:22,7 Aug 2023,GBVrJjzNq30,https://www.youtube.com/watch?v=GBVrJjzNq30,
Pups Stop Mayor Humdinger & Meow Meow 😼- PAW Patrol - Toy Pretend Play Rescue for Kids,271,4:31,7 Aug 2023,gh-3cvFMZdw,https://www.youtube.com/watch?v=gh-3cvFMZdw,
Over 1 Hour of Rubble and Marshall Rescues 🚒 - PAW Patrol - Cartoons for Kids Compilation,3949,1:05:49,7 Aug 2023,L8Y_AkdsH0E,https://www.youtube.com/watch?v=L8Y_AkdsH0E,
Rubble & the Pups Rescue a Runaway Hamster 🐹 - PAW Patrol Rescue Episode - Cartoons for Kids!,125,2:05,7 Aug 2023,pQXu4bS0sDI,https://www.youtube.com/watch?v=pQXu4bS0sDI,
Mighty Pups Charged Up VS A Giant Robot! - PAW Patrol - Cartoons for Kids Compilation,633,10:33,7 Aug 2023,Dkf-Di06xeI,https://www.youtube.com/watch?v=Dkf-Di06xeI,
Everest & Shade’s Snowy Mountain Rescue 🏂- PAW Patrol - Toy Pretend Play Rescue for Kids,199,3:19,7 Aug 2023,ZNMoTOTjTEM,https://www.youtube.com/watch?v=ZNMoTOTjTEM,
Skye Saves the Bookmobile and MORE Rescues📚 - PAW Patrol - Cartoons for Kids Compilation,914,15:14,7 Aug 2023,HtXQ3PXUT0A,https://www.youtube.com/watch?v=HtXQ3PXUT0A,
Moto Pups Stop the Ruff Ruff Pack Toy Rescue Episodes 🏍️ | PAW Patrol | Toy Pretend Play for Kids,2655,44:15,7 Aug 2023,i4rxewNASTA,https://www.youtube.com/watch?v=i4rxewNASTA,
Pups Save an Animal Playdate 🐵| PAW Patrol | Toy Pretend Play Rescue for Kids,315,5:15,7 Aug 2023,BK6P6NBB1T8,https://www.youtube.com/watch?v=BK6P6NBB1T8,
Pups Save Penguins and More Season 6 Rescues! | PAW Patrol | Cartoons for Kids Compilation,6365,1:46:05,7 Aug 2022,GLjnjSlh5Ao,https://www.youtube.com/watch?v=GLjnjSlh5Ao,
Pups Save a Glow in the Dark Party!🌟- PAW Patrol Rescue Episode - Cartoons for Kids!,126,2:06,7 Aug 2022,4XjjnAczP2g,https://www.youtube.com/watch?v=4XjjnAczP2g,
Mighty Pups Charged Up VS The Copycat! - PAW Patrol - Cartoons for Kids Compilation,625,10:25,7 Aug 2022,JEj8odRQ2So,https://www.youtube.com/watch?v=JEj8odRQ2So,
Skye Saves Mayor Goodway from Floating Away🎈- PAW Patrol - Toy Pretend Play Rescue for Kids,225,3:45,7 Aug 2022,XK4nqxbjpvs,https://www.youtube.com/watch?v=XK4nqxbjpvs,
Skye Saves a Baby Elephant and MORE Rescues!🐘- PAW Patrol - Cartoons for Kids Compilation,959,15:59,7 Aug 2022,KnE8hRXL1ps,https://www.youtube.com/watch?v=KnE8hRXL1ps,
PAW Patrol Al Deluxe Big Truck - How to Play - Toys for Kids,85,1:25,7 Aug 2022,yC0m8FZFx5o,https://www.youtube.com/watch?v=yC0m8FZFx5o,
Best Rubble Construction Truck Missions! - PAW Patrol 1 Hour Compilation - Toy Pretend Play for Kids,2882,48:02,7 Aug 2022,k5KVcTQBgcI,https://www.youtube.com/watch?v=k5KVcTQBgcI,
PAW Patrol Rubble X-Treme Truck - How to Play - Toys for Kids,119,1:59,7 Aug 2022,s1MacVE7xdc,https://www.youtube.com/watch?v=s1MacVE7xdc,
Rubble and Wildcat Speed Up a Pie Delivery 🥧- PAW Patrol - Toy Pretend Play Rescue for Kids,223,3:43,7 Aug 2022,4scQYL3cXS8,https://www.youtube.com/watch?v=4scQYL3cXS8,
PAW Patrol Highway Rescue HQ - How to Play - Toys for Kids,205,3:25,7 Aug 2022,pLxI9Lh6VWg,https://www.youtube.com/watch?v=pLxI9Lh6VWg,
Cat Pack PAW Patrol Rescues 😺- PAW Patrol - Cartoons for Kids Compilation,1291,21:31,7 Aug 2022,CUbd3Bwqi-8,https://www.youtube.com/watch?v=CUbd3Bwqi-8,
PAW Patrol Big Truck Vehicles - How to Play - Toys for Kids,183,3:03,7 Aug 2022,Etl7SRobGas,https://www.youtube.com/watch?v=Etl7SRobGas,
Pups Save a Baby Elephant from Quicksand 🐘 - PAW Patrol Rescue Episode - Cartoons for Kids!,124,2:04,7 Aug 2022,bheZJESqJHs,https://www.youtube.com/watch?v=bheZJESqJHs,
PAW Patrol Catpack Playset - How to Play - Toys for Kids,141,2:21,7 Aug 2022,lAQ7j4GGBog,https://www.youtube.com/watch?v=lAQ7j4GGBog,
Mighty Pups VS. Mega Mayor Humdinger! - PAW Patrol - Cartoons for Kids Compilation,624,10:24,7 Aug 2022,khcf8KnRTVg,https://www.youtube.com/watch?v=khcf8KnRTVg,
PAW Patrol Catpack Vehicles - How to Play - Toys for Kids,81,1:21,7 Aug 2022,Bow04rv_EjA,https://www.youtube.com/watch?v=Bow04rv_EjA,
PAW Patrol Rescue Knights Save the Throne 🏰 - PAW Patrol - Toy Pretend Play Rescue for Kids,301,5:01,7 Aug 2022,Lz6AQOpDDd4,https://www.youtube.com/watch?v=Lz6AQOpDDd4,
Mighty Skye Saves Humdinger and MORE Rescues! - PAW Patrol - Cartoons for Kids Compilation,862,14:22,7 Aug 2022,Glf_3D1oFdo,https://www.youtube.com/watch?v=Glf_3D1oFdo,
Best Rescue Knights Toy Missions 🏰 - PAW Patrol 1 Hour Compilation - Toy Pretend Play for Kids,3904,1:05:04,7 Aug 2022,m_hMc-fizHs,https://www.youtube.com/watch?v=m_hMc-fizHs,
Rocky and Rescue Knights Save the Princess' Treats 🏰 - PAW Patrol - Toy Pretend Play Rescue for Kids,269,4:29,7 Aug 2022,tUdmqyOb_lc,https://www.youtube.com/watch?v=tUdmqyOb_lc,
Marshall Rescues for Over 1 Hour! 🔥 - PAW Patrol - Cartoons for Kids Compilation,3968,1:06:08,7 Aug 2022,AvGcIvfzp3s,https://www.youtube.com/watch?v=AvGcIvfzp3s,
Night Rescue! Chase and Skye Save Daring Danny! - PAW Patrol Rescue Episode - Cartoons for Kids!,126,2:06,7 Aug 2022,B3bQaW1Qems,https://www.youtube.com/watch?v=B3bQaW1Qems,
Mighty Pups vs Harold Humdinger! - PAW Patrol - Cartoons for Kids Compilation,647,10:47,7 Aug 2022,6_Yg9kC0VrU,https://www.youtube.com/watch?v=6_Yg9kC0VrU,
PAW Patrol and Cat Pack Make a Winter Carnival ❄️ - PAW Patrol - Toy Pretend Play Rescue for Kids,257,4:17,7 Aug 2022,pAxzC2Zj1mk,https://www.youtube.com/watch?v=pAxzC2Zj1mk,
Best of Skye in the Sky ☁️ Mighty Pups & More! - PAW Patrol - Cartoons for Kids Compilation,847,14:07,7 Aug 2022,jwqnnSnFrtY,https://www.youtube.com/watch?v=jwqnnSnFrtY,
Best Moto Pups Toy Rescue Missions - PAW Patrol 1 Hour Compilation - Toy Pretend Play for Kids,3431,57:11,7 Aug 2022,HncInFwYmBI,https://www.youtube.com/watch?v=HncInFwYmBI,
Cat Pack Leo and Marshall Save the Animals 🐻 - PAW Patrol - Toy Pretend Play Rescue for Kids,236,3:56,7 Aug 2022,l0L56XYL2yA,https://www.youtube.com/watch?v=l0L56XYL2yA,
Mighty Pups Stop a Rocket Ship Lighthouse and More! - PAW Patrol - Cartoons for Kids Compilation,6183,1:43:03,7 Aug 2022,Qs6lOtDQm6Q,https://www.youtube.com/watch?v=Qs6lOtDQm6Q,
"Learn Letters, Numbers and Colors - Weego’s Field Trip - Pretend Play & Educational Videos for Kids",1330,22:10,7 Aug 2022,NxNAwOzSlTE,https://www.youtube.com/watch?v=NxNAwOzSlTE,
Wild Cat & the Moto Pups Search for Chase - PAW Patrol Rescue Episode - Cartoons for Kids!,125,2:05,7 Aug 2022,nlUnExMgDW0,https://www.youtube.com/watch?v=nlUnExMgDW0,
Mighty Pups Rescue a Giant Chicken | PAW Patrol | Cartoons for Kids Compilation,661,11:01,7 Aug 2022,_INrJmDvz0k,https://www.youtube.com/watch?v=_INrJmDvz0k,
Marshall and the Pups Stop a Forest Fire 🔥 | PAW Patrol | Toy Pretend Play Rescue for Kids,185,3:05,7 Aug 2022,yzZEFjQfrEw,https://www.youtube.com/watch?v=yzZEFjQfrEw,
Rory & Skye’s High-Flying Rescue 🚁- PAW Patrol Cat Pack Rescue Episode - Cartoons for Kids,324,5:24,7 Aug 2022,dutw4gmzePM,https://www.youtube.com/watch?v=dutw4gmzePM,
PAW Patrol Rescue Knights Return a Dragon Egg! | PAW Patrol Compilation | Toy Pretend Play for Kids,3735,1:02:15,7 Aug 2022,R7eXGF_bg7c,https://www.youtube.com/watch?v=R7eXGF_bg7c,
Wild Cat & the PAW Patrol Stop Meow-Meow 🙀 - PAW Patrol - Toy Pretend Play Rescue for Kids,286,4:46,7 Aug 2022,QHWknNVidr8,https://www.youtube.com/watch?v=QHWknNVidr8,
Red Hot Marshall Rescues! 🔥 1 Hour Episode Compilation - PAW Patrol - Cartoons for Kids Compilation,3633,1:00:33,7 Aug 2022,1dvVoQshIG4,https://www.youtube.com/watch?v=1dvVoQshIG4,
Skye and Rubble Help Fish Get Over a Beaver Dam - PAW Patrol Rescue Episode - Cartoons for Kids!,125,2:05,7 Aug 2022,1ei_WYKZdxE,https://www.youtube.com/watch?v=1ei_WYKZdxE,
Mighty Pups Meet Mighty Twins Ella and Tuck - PAW Patrol - Cartoons for Kids Compilation,654,10:54,7 Aug 2022,3S-Oo-OIJGE,https://www.youtube.com/watch?v=3S-Oo-OIJGE,
Skye and Rory Save a Baby Eagle 🦅- PAW Patrol - Toy Pretend Play Rescue for Kids,238,3:58,7 Aug 2022,tWWiyZIjcxY,https://www.youtube.com/watch?v=tWWiyZIjcxY,
Leo & Marshall Save Animals on the Ferris Wheel - PAW Patrol Cat Pack Episode - Cartoons for Kids,324,5:24,7 Aug 2022,mPjv97TIgQM,https://www.youtube.com/watch?v=mPjv97TIgQM,
PAW Patrol: The Movie & True Metal Toy Missions - PAW Patrol Compilation - Toy Pretend Play for Kids,2815,46:55,7 Aug 2022,r36ISL9Y3Q0,https://www.youtube.com/watch?v=r36ISL9Y3Q0,
Rubble and the Pups Save the Honeybees 🐝- PAW Patrol - Toy Pretend Play Rescue for Kids,190,3:10,7 Aug 2022,W0tC-gF9LLg,https://www.youtube.com/watch?v=W0tC-gF9LLg,
Mighty Pups and Dino Rescues 🦕 - PAW Patrol - Cartoons for Kids Compilation,3700,1:01:40,7 Aug 2022,zmrFtkiLLgE,https://www.youtube.com/watch?v=zmrFtkiLLgE,
Wild Cat and Moto Pups Save a Tour Bus 🚌  - PAW Patrol Rescue Episode - Cartoons for Kids!,126,2:06,7 Aug 2022,lgXrBkAjADE,https://www.youtube.com/watch?v=lgXrBkAjADE,
Mighty Pups VS Super Kitties! - PAW Patrol - Cartoons for Kids Compilation,650,10:50,7 Aug 2022,i9tLnX840aY,https://www.youtube.com/watch?v=i9tLnX840aY,
Rescue Knights Pups Fix the Broken Castle 🏰- PAW Patrol - Toy Pretend Play Rescue for Kids,205,3:25,7 Aug 2022,WLyg16CBCYU,https://www.youtube.com/watch?v=WLyg16CBCYU,
Shade & Everest Save a Baby Mountain Goat 🐐- PAW Patrol Cat Pack Rescue Episode - Cartoons for Kids,324,5:24,7 Aug 2022,hOdTF3PagFk,https://www.youtube.com/watch?v=hOdTF3PagFk,
Marshall and Rubble Save the Science Fair! - PAW Patrol Compilation - Toy Pretend Play for Kids,4091,1:08:11,7 Aug 2022,ux7o-sA4GTc,https://www.youtube.com/watch?v=ux7o-sA4GTc,
Rescue Knights Pups Save the Royal Crown 👑- PAW Patrol - Toy Pretend Play Rescue for Kids,208,3:28,7 Aug 2022,lotRAuZ6Yms,https://www.youtube.com/watch?v=lotRAuZ6Yms,
1 Hour of Marshall Rescues! 🔥 - PAW Patrol - Cartoons for Kids Compilation,4048,1:07:28,7 Aug 2022,mwLlzqus96Q,https://www.youtube.com/watch?v=mwLlzqus96Q,
Zuma and the Pups Save a Pony 🐴- PAW Patrol Rescue Episode - Cartoons for Kids!,126,2:06,7 Aug 2022,diauB4W0rxQ,https://www.youtube.com/watch?v=diauB4W0rxQ,
Ultimate Rescue Marshall Saves the Day! - PAW Patrol - Cartoons for Kids Compilation,653,10:53,7 Aug 2022,rdG87hWS8bM,https://www.youtube.com/watch?v=rdG87hWS8bM,
Rescue Knights Pups Save the Princess' Play 🎪- PAW Patrol - Toy Pretend Play Rescue for Kids,207,3:27,7 Aug 2022,1vKU9u9UmzA,https://www.youtube.com/watch?v=1vKU9u9UmzA,
Wild Cat & Rubble Stop a Giant Ball of Yarn - PAW Patrol Cat Pack Rescue Episode - Cartoons for Kids,324,5:24,7 Aug 2022,UJ7kWjllwxQ,https://www.youtube.com/watch?v=UJ7kWjllwxQ,
Rescue Knights Pups Fix the Castle Net Launcher 🏰- PAW Patrol - Toy Pretend Play Rescue,236,3:56,7 Aug 2022,v0vvVN9LKoI,https://www.youtube.com/watch?v=v0vvVN9LKoI,
Rescue Knights Pups Fix Barkingburg Bridge 🏰 - PAW Patrol - Cartoons for Kids Compilation,3430,57:10,7 Aug 2022,v6D57Q3_f0k,https://www.youtube.com/watch?v=v6D57Q3_f0k,
Skye and the Pups Save Danny & Ace 🦅 - PAW Patrol Rescue Episode - Cartoons for Kids!,126,2:06,7 Aug 2022,yaPvA7yxlII,https://www.youtube.com/watch?v=yaPvA7yxlII,
Ultimate Rescue Rubble Saves a Space Monkey! | PAW Patrol | Cartoons for Kids Compilation,646,10:46,7 Aug 2022,9a3FfEGvPhA,https://www.youtube.com/watch?v=9a3FfEGvPhA,
Marshall and Rescue Knight Pups Put Out Sparks' Campfire! | PAW Patrol | Toy Pretend Play Rescue,245,4:05,7 Aug 2022,Da61exOnvgU,https://www.youtube.com/watch?v=Da61exOnvgU,
Skye’s Best Air Rescues 🚁 Sea Patrol & More! | PAW Patrol | Cartoons for Kids Compilation,763,12:43,7 Aug 2022,BO5MPiOiOvA,https://www.youtube.com/watch?v=BO5MPiOiOvA,
Best Chase and Rocky Toy Rescues! 🚓| PAW Patrol Compilation | Toy Pretend Play for Kids,3390,56:30,7 Aug 2022,Eo23fQTf-4w,https://www.youtube.com/watch?v=Eo23fQTf-4w,
Chase and The Pups Clear a Traffic Jam 🚦- PAW Patrol - Toy Pretend Play Rescue for Kids,199,3:19,7 Aug 2022,DEuOaW01Dsw,https://www.youtube.com/watch?v=DEuOaW01Dsw,
Over 1 Hour of the Best Marshall Rescues! 🔥 | PAW Patrol | Cartoons for Kids Compilation,4188,1:09:48,7 Aug 2022,BM0PGTDzBDo,https://www.youtube.com/watch?v=BM0PGTDzBDo,
Chase & the Pups Stop a Mechanical Shark 🦈| PAW Patrol Rescue Episode | Cartoons for Kids!,126,2:06,7 Aug 2022,H2VhRkcoHc0,https://www.youtube.com/watch?v=H2VhRkcoHc0,
Ultimate Rescue Chase Saves Adventure Bay Games | PAW Patrol | Cartoons for Kids Compilation,658,10:58,7 Aug 2022,fLAXzKL1bpY,https://www.youtube.com/watch?v=fLAXzKL1bpY,
Rescue Knights Find a Lost Busby 🏰- PAW Patrol - Toy Pretend Play Rescue,210,3:30,7 Aug 2022,itxbgoA0_p8,https://www.youtube.com/watch?v=itxbgoA0_p8,
PAW Patrol The Movie: Adventure City Calls FULL GAME Compilation - Cartoon and Game Rescue,6558,1:49:18,7 Aug 2022,gwhNXLXfHJQ,https://www.youtube.com/watch?v=gwhNXLXfHJQ,
Rescue Knights Compete in the Dragon Games! - PAW Patrol Compilation - Toy Pretend Play for Kids,2757,45:57,7 Aug 2022,z_IfShPoovc,https://www.youtube.com/watch?v=z_IfShPoovc,
Marshall Saves the Farmer's Dry Crops - PAW Patrol - Toy Pretend Play Rescue,244,4:04,7 Aug 2022,B16nRhM52zA,https://www.youtube.com/watch?v=B16nRhM52zA,
Mighty Pups Stop Mayor Humdinger & Sea Patrol Rescues - PAW Patrol - Cartoons for Kids Compilation,3153,52:33,7 Aug 2022,uqp8u27ffX0,https://www.youtube.com/watch?v=uqp8u27ffX0,
Tracker and the Pups Help Big Hairy 🙉 - PAW Patrol Rescue Episode - Cartoons for Kids!,126,2:06,7 Aug 2022,Yir-KqSC0W4,https://www.youtube.com/watch?v=Yir-KqSC0W4,
Ultimate Rescue Marshall Saves Adventure Bay - PAW Patrol - Cartoons for Kids Compilation,632,10:32,7 Aug 2022,wqdMFE44aq8,https://www.youtube.com/watch?v=wqdMFE44aq8,
Chase Fixes Farmer Yumi’s Corn Silo! 🌽 - PAW Patrol - Toy Pretend Play Rescue for Kids,221,3:41,7 Aug 2022,XYWIKNSe33E,https://www.youtube.com/watch?v=XYWIKNSe33E,
PAW Patrol On A Roll FULL GAME Compilation - PAW Patrol Official & Friends - Cartoon and Game Rescue,15040,4:10:40,7 Aug 2022,PTIp6nDPc4g,https://www.youtube.com/watch?v=PTIp6nDPc4g,
Best PAW Patrol: The Movie Toy Rescue Missions! - PAW Patrol Compilation - Toy Pretend Play for Kids,2694,44:54,7 Aug 2022,KBnl35n84aw,https://www.youtube.com/watch?v=KBnl35n84aw,
Rescue Knights Pups Save Busby and Balloons 🎈 - PAW Patrol - Toy Pretend Play Rescue,194,3:14,7 Aug 2022,qrgcBtVHixA,https://www.youtube.com/watch?v=qrgcBtVHixA,
Over 1 Hour of Rubble Rescues! 🚧 Mighty Pups and More! - PAW Patrol - Cartoons for Kids Compilation,4281,1:11:21,7 Aug 2022,4jvkAriiHKY,https://www.youtube.com/watch?v=4jvkAriiHKY,
Rubble and Chase Rescue Humdinger from a Ravine! - PAW Patrol Rescue Episode - Cartoons for Kids!,125,2:05,7 Aug 2022,xUtulkMdCFM,https://www.youtube.com/watch?v=xUtulkMdCFM,
Ultimate Rescue Pups Save the Star Observatory! - PAW Patrol - Cartoons for Kids Compilation,792,13:12,7 Aug 2022,O_SnnuDLD_8,https://www.youtube.com/watch?v=O_SnnuDLD_8,
Rescue Knights Pups Save the Royal Cutlery - PAW Patrol - Toy Pretend Play Rescue,216,3:36,7 Aug 2022,n8tLw70BWYY,https://www.youtube.com/watch?v=n8tLw70BWYY,
PAW Patrol Mighty Pups Save Adventure Bay FULL GAME Compilation - PAW Patrol Official & Friends,6586,1:49:46,7 Aug 2022,ai2DN_Osqeg,https://www.youtube.com/watch?v=ai2DN_Osqeg,
Rubble PAW Patrol Movie Deluxe Vehicle Rescues - PAW Patrol Compilation - Toy Pretend Play for Kids,2004,33:24,7 Aug 2022,T0WZkaJqcJ0,https://www.youtube.com/watch?v=T0WZkaJqcJ0,
Rescue Knights Pups Save a Sneezy Sparks 🐲 - PAW Patrol - Toy Pretend Play Rescue,188,3:08,7 Aug 2022,oz4xOnjeS0Y,https://www.youtube.com/watch?v=oz4xOnjeS0Y,
Skye Saves Mega Donuts 🍩 Best Skye Pup Tales Episodes - PAW Patrol - Cartoons for Kids Compilation,2891,48:11,7 Aug 2022,L_odi-PqlYo,https://www.youtube.com/watch?v=L_odi-PqlYo,
Dinosaurs Take Over Adventure Bay! 🦖 | PAW Patrol Rescue Episode | Cartoons for Kids!,126,2:06,7 Aug 2022,fNZ3mPVb1RI,https://www.youtube.com/watch?v=fNZ3mPVb1RI,
Everest Rescues Campers from Snowstorm! | PAW Patrol | Cartoons for Kids Compilation,665,11:05,7 Aug 2022,R0e_WTUIC4U,https://www.youtube.com/watch?v=R0e_WTUIC4U,
Rescue Knights Pups Return the Golden Treasure 🌟 | PAW Patrol | Toy Pretend Play Rescue,223,3:43,7 Aug 2022,WS0AXasT0YE,https://www.youtube.com/watch?v=WS0AXasT0YE,
Mighty Pups Stop Humdinger and the Cloud Catcher! | PAW Patrol | Cartoon and Game Rescue Episode,895,14:55,7 Aug 2022,w-P8EZ_DhDo,https://www.youtube.com/watch?v=w-P8EZ_DhDo,
Best Rocky Recycling Truck Rescue Missions ♻️ | PAW Patrol Compilation | Toy Pretend Play for Kids,3563,59:23,7 Aug 2022,2YtE_qlpRco,https://www.youtube.com/watch?v=2YtE_qlpRco,
Marshall Saves Cali the Kitty 😸 - PAW Patrol - Toy Pretend Play Rescue,213,3:33,7 Aug 2022,1JJldihfCMA,https://www.youtube.com/watch?v=1JJldihfCMA,
1 Hour of Rubble Rescues 🛠️ Pup Tales Episodes | PAW Patrol | Cartoons for Kids Compilation,4086,1:08:06,7 Aug 2022,fz5kH9-cKkA,https://www.youtube.com/watch?v=fz5kH9-cKkA,
Spy Chase Tracks a Missing Painting! | PAW Patrol Rescue Episode | Cartoons for Kids!,125,2:05,7 Aug 2022,LWT7v-1a19M,https://www.youtube.com/watch?v=LWT7v-1a19M,
Rocky Turns into a Werewolf! - PAW Patrol - Cartoons for Kids Compilation,638,10:38,7 Aug 2022,MreQDC4xn38,https://www.youtube.com/watch?v=MreQDC4xn38,
Rubble and Pups Clean Up a Whipped Cream Catastrophe 🧁 - PAW Patrol - Toy Pretend Play Rescue,243,4:03,7 Aug 2022,X6FFw5defTQ,https://www.youtube.com/watch?v=X6FFw5defTQ,
Pups Save the Turbots and the Traffic Jam! | PAW Patrol | Cartoon and Game Rescue Episode,802,13:22,7 Aug 2022,DygQn8FjpTI,https://www.youtube.com/watch?v=DygQn8FjpTI,
Best Chase City Cruiser Rescue Missions 🚨 | PAW Patrol Compilation | Toy Pretend Play for Kids,3245,54:05,7 Aug 2022,QpzPhcyKRV0,https://www.youtube.com/watch?v=QpzPhcyKRV0,
Pups Help Francois with Delicious Deliveries - PAW Patrol - Toy Pretend Play Rescue,237,3:57,7 Aug 2022,Y3fy8BFWLNE,https://www.youtube.com/watch?v=Y3fy8BFWLNE,
Skye Rescues Everyone! Best Skye Pup Tales Episodes - PAW Patrol - Cartoons for Kids Compilation,2945,49:05,7 Aug 2022,IGRLp1PF8Ek,https://www.youtube.com/watch?v=IGRLp1PF8Ek,
Chase & Marshall Save Chickaletta 🐓- PAW Patrol Rescue Episode - Cartoons for Kids!,126,2:06,7 Aug 2022,cNuOjaMZzRU,https://www.youtube.com/watch?v=cNuOjaMZzRU,
Ultimate Rescue Pups Save a Monster Robot! - PAW Patrol - Cartoons for Kids Compilation,670,11:10,7 Aug 2022,QS5S1PI8psw,https://www.youtube.com/watch?v=QS5S1PI8psw,
PAW Patrol Pups Save an Eagle Egg 🦅  - PAW Patrol - Toy Pretend Play Rescue,209,3:29,7 Aug 2022,j6V1fcBlsT4,https://www.youtube.com/watch?v=j6V1fcBlsT4,
Liberty and Pups Rescue Chase and Luke Stars - PAW Patrol - Cartoon and Game Rescue Episode,653,10:53,7 Aug 2022,pi4OoudjcNs,https://www.youtube.com/watch?v=pi4OoudjcNs,
Marshall’s Best Firetruck Toy Rescues 🚒  - PAW Patrol Compilation - Toy Pretend Play for Kids,2776,46:16,7 Aug 2022,CGAcINiHEA4,https://www.youtube.com/watch?v=CGAcINiHEA4,
Marshall Saves Chickaletta and Porter’s Café 🥧 - PAW Patrol - Toy Pretend Play Rescue,201,3:21,7 Aug 2022,VGJEYS6Bqj8,https://www.youtube.com/watch?v=VGJEYS6Bqj8,
Best of Mission Paw and Ultimate Rescues 🚨 - PAW Patrol - Cartoons for Kids Compilation,1944,32:24,7 Aug 2022,83z7gADSZBE,https://www.youtube.com/watch?v=83z7gADSZBE,
Chase and the Pups Remove Mayor Humdinger’s Sign - PAW Patrol Rescue Episode - Cartoons for Kids!,126,2:06,7 Aug 2022,pNqBEp3fCuo,https://www.youtube.com/watch?v=pNqBEp3fCuo,
Ultimate Rescue Pups Save Tigers! - PAW Patrol - Cartoons for Kids Compilation,648,10:48,7 Aug 2022,xn_SzuKf8Dw,https://www.youtube.com/watch?v=xn_SzuKf8Dw,
Chase Saves Danny from an Apple Tree 🍎 | PAW Patrol | Toy Pretend Play Rescue,253,4:13,7 Aug 2022,IYKXr8rwRl4,https://www.youtube.com/watch?v=IYKXr8rwRl4,
Rocky and Zuma Solve a Stinky Mystery! | PAW Patrol | Cartoon and Game Rescue Episode,1176,19:36,7 Aug 2022,Qe_O_YK676E,https://www.youtube.com/watch?v=Qe_O_YK676E,
PAW Moto Pups Toy Rescue Missions | PAW Patrol 1 Hour Compilation | Toy Pretend Play for Kids,3431,57:11,7 Aug 2022,9EnxYmszl8c,https://www.youtube.com/watch?v=9EnxYmszl8c,
Rescue Knight Pups Save a Tangled Dragon! - PAW Patrol - Toy Pretend Play Rescue,216,3:36,7 Aug 2022,QRbGj31GMtM,https://www.youtube.com/watch?v=QRbGj31GMtM,
Mighty Pups and Dino Rescue Missions! | PAW Patrol | Cartoons for Kids Compilation,3192,53:12,7 Aug 2022,ueAFm6HvWHU,https://www.youtube.com/watch?v=ueAFm6HvWHU,
Rubble saves the Rock Concert Stage 🎤 - PAW Patrol Rescue Episode - Cartoons for Kids!,126,2:06,7 Aug 2022,_ITDDqk0034,https://www.youtube.com/watch?v=_ITDDqk0034,
Tracker Rescues Monkeys and Elephants! - PAW Patrol - Cartoons for Kids Compilation,645,10:45,7 Aug 2022,GEW9Vyda3iQ,https://www.youtube.com/watch?v=GEW9Vyda3iQ,
Skye and Rescue Knights Pups Save a Stubborn Dragon 🐲 - PAW Patrol - Toy Pretend Play Rescue,233,3:53,7 Aug 2022,HkiuRceT1D8,https://www.youtube.com/watch?v=HkiuRceT1D8,
Chase and Rubble Save Adventure City! - PAW Patrol - Cartoon and Game Rescue Episode,795,13:15,7 Aug 2022,o7WR0D3v3tQ,https://www.youtube.com/watch?v=o7WR0D3v3tQ,
Mighty Pups VS Copycat Toy Recue Missions - PAW Patrol Compilation - Toy Pretend Play for Kids,2168,36:08,7 Aug 2022,NWbuNxXFVJY,https://www.youtube.com/watch?v=NWbuNxXFVJY,
Pups Save a Hungry Walrus 🐟 - PAW Patrol - Toy Pretend Play Rescue,200,3:20,7 Aug 2022,uX2xMTornHw,https://www.youtube.com/watch?v=uX2xMTornHw,
Rescue Knights Pups Save the Princess 👑 - PAW Patrol - Cartoons for Kids Compilation,2112,35:12,7 Aug 2022,aDdCzbLtdDY,https://www.youtube.com/watch?v=aDdCzbLtdDY,
Chase Stops a Runaway Rocket Board! 🚀- PAW Patrol Rescue Episode - Cartoons for Kids!,125,2:05,7 Aug 2022,yPDDG9AhEAQ,https://www.youtube.com/watch?v=yPDDG9AhEAQ,
Chase Stops a Runaway Rocket Board! 🚀- PAW Patrol Rescue Episode - Cartoons for Kids,125,2:05,7 Aug 2022,N4PbhFukVAY,https://www.youtube.com/watch?v=N4PbhFukVAY,
PAW Patrol Official Movie and Mighty Pups Trailers! - PAW Patrol Cartoons for Kids Compilation,298,4:58,7 Aug 2022,Mv3X4SbYRAo,https://www.youtube.com/watch?v=Mv3X4SbYRAo,
Runaway Whale 🐳 - PAW Patrol - Toy Pretend Play Rescue,189,3:09,7 Aug 2022,wdYk0Q4EGAk,https://www.youtube.com/watch?v=wdYk0Q4EGAk,
Moto Rocky and Skye Fix Adventure City’s Electricity! - PAW Patrol - Cartoon and Game Rescue Episode,728,12:08,7 Aug 2022,9XS_c7gswy0,https://www.youtube.com/watch?v=9XS_c7gswy0,
PAW Rescue Knights Save Baby Dragons & More 🏰 - PAW Patrol Compilation - Toy Pretend Play for Kids,2422,40:22,7 Aug 2022,eNKcAtufzpU,https://www.youtube.com/watch?v=eNKcAtufzpU,
Pups Save the Dragon Games 🐲 - PAW Patrol - Toy Pretend Play Rescue,275,4:35,7 Aug 2022,Fo7EK1hV0Ps,https://www.youtube.com/watch?v=Fo7EK1hV0Ps,
Moto Pups to the Rescue! 🏍️ - PAW Patrol - Cartoons for Kids Compilation,2082,34:42,7 Aug 2022,-oXSuDKETZ0,https://www.youtube.com/watch?v=-oXSuDKETZ0,
Everest Rescues Skye on the Mountain! 🗻 - PAW Patrol Rescue Episode - Cartoons for Kids!,126,2:06,7 Aug 2022,Sk04NsalcxI,https://www.youtube.com/watch?v=Sk04NsalcxI,
Everest Rescues Skye on the Mountain! 🗻 - PAW Patrol Rescue Episode - Cartoons for Kids,126,2:06,7 Aug 2022,H9jZGRRvDx4,https://www.youtube.com/watch?v=H9jZGRRvDx4,
Ultimate Rescue Pups Save the Royal Kitty Cats! - PAW Patrol - Cartoons for Kids Compilation,654,10:54,7 Aug 2022,XtkL9bYCxJY,https://www.youtube.com/watch?v=XtkL9bYCxJY,
Pups Save a Dragon’s Egg 🥚 - PAW Patrol - Toy Pretend Play Rescue,231,3:51,7 Aug 2022,-BPMv3ruovo,https://www.youtube.com/watch?v=-BPMv3ruovo,
Moto Pups and Liberty to the Rescue! - PAW Patrol - Cartoon and Game Rescue Episode for Kids,828,13:48,7 Aug 2022,uyxfdTyLw2M,https://www.youtube.com/watch?v=uyxfdTyLw2M,
PAW Patrol: The Movie Toy Rescue Missions! - PAW Patrol Compilation - Toy Pretend Play for Kids,2690,44:50,7 Aug 2022,plAN2uCA5JI,https://www.youtube.com/watch?v=plAN2uCA5JI,
Pups Save A Royal Feast! - PAW Patrol - Toy Pretend Play Rescue for Kids,292,4:52,7 Aug 2022,puK_jkjbIhE,https://www.youtube.com/watch?v=puK_jkjbIhE,
PAW Patrol Royal Rescues! 👑 - PAW Patrol - Cartoons for Kids Compilation,1191,19:51,7 Aug 2022,Gtd8FubSHOw,https://www.youtube.com/watch?v=Gtd8FubSHOw,
Katie Leads the PAW Patrol Pups 🐶 - PAW Patrol Rescue Episode - Cartoons for Kids,125,2:05,7 Aug 2022,XSLVfwiJ5vs,https://www.youtube.com/watch?v=XSLVfwiJ5vs,
Katie Leads the PAW Patrol Pups 🐶 - PAW Patrol Rescue Episode - Cartoons for Kids!,125,2:05,7 Aug 2022,-AL0j5OZxzw,https://www.youtube.com/watch?v=-AL0j5OZxzw,
Pups Rescue Chickaletta's Statue! - PAW Patrol - Cartoons for Kids Compilation,635,10:35,7 Aug 2022,SJ8z_JUbjSk,https://www.youtube.com/watch?v=SJ8z_JUbjSk,
Pups Save The Dragon Berries! - PAW Patrol - Toy Pretend Play Rescue for Kids,256,4:16,7 Aug 2022,dN0Rt1Jwz1c,https://www.youtube.com/watch?v=dN0Rt1Jwz1c,
Marshall and Rubble Put Out the Fires! - PAW Patrol - Cartoon and Game Rescue Episode for Kids,686,11:26,7 Aug 2022,XhaxRj-6Al4,https://www.youtube.com/watch?v=XhaxRj-6Al4,
Rocky Recycling Toy Rescue Missions ♻️ - PAW Patrol Compilation - Toy Pretend Play for Kids,2444,40:44,7 Aug 2022,HsZflL6yTQA,https://www.youtube.com/watch?v=HsZflL6yTQA,
Rise and Rescue Marshall Saves Chickaletta! - PAW Patrol - Toy Pretend Play Rescue for Kids,202,3:22,7 Aug 2022,bLnQTpYvY7c,https://www.youtube.com/watch?v=bLnQTpYvY7c,
Best of Paw Patrol Dino Rescue! - PAW Patrol - Cartoons for Kids Compilation,2746,45:46,7 Aug 2022,zV2YYQzT_Kc,https://www.youtube.com/watch?v=zV2YYQzT_Kc,
Pups Save Mr. Porter’s Pizza Truck 🍕| PAW Patrol Rescue Episode | Cartoons for Kids!,126,2:06,7 Aug 2022,i_vxueDiTWY,https://www.youtube.com/watch?v=i_vxueDiTWY,
Marshall Rescues The Turbots Diving Bell! - PAW Patrol - Cartoons for Kids Compilation,516,8:36,7 Aug 2022,NNbRyYw5s8E,https://www.youtube.com/watch?v=NNbRyYw5s8E,
Rise and Rescue Chase Saves a Bunny! | PAW Patrol | Toy Pretend Play Rescue for Kids,191,3:11,7 Aug 2022,eSN8xlkU__0,https://www.youtube.com/watch?v=eSN8xlkU__0,
Tracker and Pups Save Carlos in the Jungle! | PAW Patrol | Cartoon and Game Rescue Episode for Kids,1028,17:08,7 Aug 2022,3y4HxOfiLlo,https://www.youtube.com/watch?v=3y4HxOfiLlo,
Best of Paw Patrol Toy Play Rescue Missions | PAW Patrol Compilation | Toy Pretend Play for Kids,3233,53:53,7 Aug 2022,Nnp9c-ShrHM,https://www.youtube.com/watch?v=Nnp9c-ShrHM,
Rescue Knights Pups Teach Baby Dragons to Fly 🐲 - PAW Patrol - Toy Pretend Play Rescue for Kids,221,3:41,7 Aug 2022,HMPWB-pntwk,https://www.youtube.com/watch?v=HMPWB-pntwk,
Best of PAW Patrol Ultimate Rescues! | PAW Patrol | Cartoons for Kids Compilation,1443,24:03,7 Aug 2022,mmTmp5M1EEw,https://www.youtube.com/watch?v=mmTmp5M1EEw,
Pups Rescue Ryder and Alex 🐶 - PAW Patrol Rescue Episode - Cartoons for Kids!,124,2:04,7 Aug 2022,w54CEx0PXQE,https://www.youtube.com/watch?v=w54CEx0PXQE,
Skye and Everest Rescues! - PAW Patrol - Cartoons for Kids Compilation,655,10:55,7 Aug 2022,Ci8FCrEqOCU,https://www.youtube.com/watch?v=Ci8FCrEqOCU,
Rescue Knights Pups Save Barkinburg Barkery 🧁 - PAW Patrol - Toy Pretend Play Rescue for Kids,250,4:10,7 Aug 2022,OZ37Bx-gSPI,https://www.youtube.com/watch?v=OZ37Bx-gSPI,
Pups Save a Space Monkey and Stinky Monkeys! - PAW Patrol - Cartoon and Game Rescue Episode for Kids,843,14:03,7 Aug 2022,QfhAQaLTVGk,https://www.youtube.com/watch?v=QfhAQaLTVGk,
Best PAW Patrol Moto Pups Toy Rescue Missions 🚨 - PAW Patrol Compilation - Toy Pretend Play for Kids,1995,33:15,7 Aug 2022,gVcy1h6g_b4,https://www.youtube.com/watch?v=gVcy1h6g_b4,
Best PAW Patrol Mighty Pups Rescues! - PAW Patrol - Cartoons for Kids Compilation,1672,27:52,7 Aug 2022,g8Ez5G-B8uM,https://www.youtube.com/watch?v=g8Ez5G-B8uM,
Pups Save the Diving Bell 🤿 - PAW Patrol Rescue Episode - Cartoons for Kids!,126,2:06,7 Aug 2022,Pu0igwJUGas,https://www.youtube.com/watch?v=Pu0igwJUGas,
Pups Save Humdinger's Kitty Cats! - PAW Patrol - Cartoons for Kids Compilation,496,8:16,7 Aug 2022,O62s8K72RkQ,https://www.youtube.com/watch?v=O62s8K72RkQ,
Pups Save Princess Sweetie 🐩 - PAW Patrol - Toy Pretend Play Rescue for Kids,281,4:41,7 Aug 2022,8lGflYJ_GT8,https://www.youtube.com/watch?v=8lGflYJ_GT8,
Everest and Rocky Save Jake! - PAW Patrol - Cartoon and Game Rescue Episode for Kids,1012,16:52,7 Aug 2022,iTpgVyt1M8E,https://www.youtube.com/watch?v=iTpgVyt1M8E,
Marshall and Chase Rescue Missions 🚨 - PAW Patrol Compilation - Toy Pretend Play for Kids,1493,24:53,7 Aug 2022,k1W08ylYfS8,https://www.youtube.com/watch?v=k1W08ylYfS8,
Tracker and Jungle Rescues 🌳 - PAW Patrol - Cartoons for Kids Compilation,1507,25:07,7 Aug 2022,im3u7O6UbHU,https://www.youtube.com/watch?v=im3u7O6UbHU,
Pups Rescue Mayor Humdinger’s Ship - PAW Patrol Rescue Episode - Cartoons for Kids!,126,2:06,7 Aug 2022,5pN3qebKJpk,https://www.youtube.com/watch?v=5pN3qebKJpk,
Rescue Knights Pups Save a Royal Heirloom! - PAW Patrol - Toy Pretend Play Rescue for Kids,264,4:24,7 Aug 2022,mzgsgxRB7ok,https://www.youtube.com/watch?v=mzgsgxRB7ok,
Marshall and Chase Rescue Alex & Mr. Porter - PAW Patrol - Cartoon and Game Rescue Episode for Kids,1008,16:48,7 Aug 2022,INTvLJr1sKI,https://www.youtube.com/watch?v=INTvLJr1sKI,
True Metal City Rescue Missions 🚒 - PAW Patrol Compilation - Toy Pretend Play for Kids,1440,24:00,7 Aug 2022,JuIK6Zl42ps,https://www.youtube.com/watch?v=JuIK6Zl42ps,
Moto Pups Rescues with Wild Cat! 🏍 - PAW Patrol - Cartoons for Kids Compilation,1073,17:53,7 Aug 2022,qk2bnNPCvaM,https://www.youtube.com/watch?v=qk2bnNPCvaM,
Pups Save the Snowboard Race!🗻 - PAW Patrol Rescue Episode - Cartoons for Kids!,126,2:06,7 Aug 2022,nhoJhSnbWYQ,https://www.youtube.com/watch?v=nhoJhSnbWYQ,
Pups Save Skye from a Baseball Robot! - PAW Patrol - Toy Pretend Play Rescue for Kids,261,4:21,7 Aug 2022,vFMH-zk8rhQ,https://www.youtube.com/watch?v=vFMH-zk8rhQ,
PAW Patrol Save Monkey Family from Volcano - PAW Patrol - Cartoon and Game Rescue Episode for Kids,993,16:33,7 Aug 2022,adzRw3exBV4,https://www.youtube.com/watch?v=adzRw3exBV4,
PAW Patrol Movie Vehicles and Tower Missions 🚨 | PAW Patrol Compilation | Toy Pretend Play for Kids,1387,23:07,7 Aug 2022,NJVtKD_Jbm8,https://www.youtube.com/watch?v=NJVtKD_Jbm8,
Sea Patroller Rescues! | PAW Patrol | Cartoons for Kids Compilation,1554,25:54,7 Aug 2022,ppqyNmJ1IgU,https://www.youtube.com/watch?v=ppqyNmJ1IgU,
Pups Treetop Rescues! 🌳 | PAW Patrol Rescue Episode | Cartoons for Kids!,126,2:06,7 Aug 2022,hNkg1T5F0xA,https://www.youtube.com/watch?v=hNkg1T5F0xA,
Pups Save the Adventure City Games! - PAW Patrol - Toy Pretend Play Rescue for Kids,250,4:10,7 Aug 2022,RtiPa71TcOI,https://www.youtube.com/watch?v=RtiPa71TcOI,
PAW Patrol Save a Sticky Situation! - PAW Patrol - Cartoon and Game Rescue Episode for Kids,988,16:28,7 Aug 2022,1JsY0PtsuR8,https://www.youtube.com/watch?v=1JsY0PtsuR8,
Chase City Cruiser PAW Patrol Rescues! 🚨 - PAW Patrol Compilation - Toy Pretend Play for Kids,1275,21:15,7 Aug 2022,E9PLBJCBo5I,https://www.youtube.com/watch?v=E9PLBJCBo5I,
PAW Patrol and Daring Danny Rescue Missions! - PAW Patrol - Cartoons for Kids Compilation,2042,34:02,7 Aug 2022,KXYbKugNOcg,https://www.youtube.com/watch?v=KXYbKugNOcg,
Pups Rescue Penguins in Adventure City! 🐧 - PAW Patrol Rescue Episode - Cartoons for Kids!,126,2:06,7 Aug 2022,7JH-8P3p3b8,https://www.youtube.com/watch?v=7JH-8P3p3b8,
Pups Stop A Bogus Basketball - PAW Patrol - Toy Pretend Play Rescue,268,4:28,7 Aug 2022,vSLhRfjeZVU,https://www.youtube.com/watch?v=vSLhRfjeZVU,
Pups Save Wally the Walrus! - PAW Patrol - Cartoon and Game Rescue Episode for Kids,1008,16:48,7 Aug 2022,lDW5b8ufCMc,https://www.youtube.com/watch?v=lDW5b8ufCMc,
Marshall Firetruck Rescues! 🚒 - PAW Patrol Compilation - Toy Pretend Play for Kids,1331,22:11,7 Aug 2022,uDNZoav3IyI,https://www.youtube.com/watch?v=uDNZoav3IyI,
Pups Rescue All The Dinosaurs! - PAW Patrol - Cartoons for Kids Compilation,1619,26:59,7 Aug 2022,X3Un82FWHvI,https://www.youtube.com/watch?v=X3Un82FWHvI,
Pups Save the Dizzy Dust Express 🚂 - PAW Patrol Rescue Episode - Cartoons for Kids!,125,2:05,7 Aug 2022,IsDzgB5jFOA,https://www.youtube.com/watch?v=IsDzgB5jFOA,
Pups Save an Overflowing Bubbly Bath! - PAW Patrol - Toy Pretend Play Rescue for Kids,196,3:16,7 Aug 2022,QHskD3-g1gY,https://www.youtube.com/watch?v=QHskD3-g1gY,
Mighty Pups Save the Lighthouse! - PAW Patrol - Cartoon and Game Rescue Episode for Kids,1037,17:17,7 Aug 2022,31C1rqjJXuk,https://www.youtube.com/watch?v=31C1rqjJXuk,
PAW Patrol Animal Rescues 🐶 - PAW Patrol Compilation - Toy Pretend Play for Kids,2013,33:33,7 Aug 2022,BolNeF3c7Ms,https://www.youtube.com/watch?v=BolNeF3c7Ms,
Mighty Pups Rescue Adventure Bay! - PAW Patrol - Cartoons for Kids Compilation,1592,26:32,7 Aug 2022,KGGEPzLZUE8,https://www.youtube.com/watch?v=KGGEPzLZUE8,
Pups Rescue the Turbots from a Boat Crash! 🚤 - PAW Patrol Rescue Episode - Cartoons for Kids!,126,2:06,7 Aug 2022,zeZCbjotkcw,https://www.youtube.com/watch?v=zeZCbjotkcw,
Pups Save a Bouncy Castle - PAW Patrol - Toy Pretend Play Rescue,200,3:20,7 Aug 2022,oE5h6g0tgts,https://www.youtube.com/watch?v=oE5h6g0tgts,
Medic Marshall and Rubble Rescue Jake! - PAW Patrol - Cartoon and Game Rescue Episode for Kids,835,13:55,7 Aug 2022,w8PfUAANZ4s,https://www.youtube.com/watch?v=w8PfUAANZ4s,
Rescue Vehicles and the PAW Patroller 2.0 🚓 - PAW Patrol Compilation - Toy Pretend Play for Kids,2094,34:54,7 Aug 2022,J-wc1FU-U6g,https://www.youtube.com/watch?v=J-wc1FU-U6g,
"Moto Pups, Wild Cat and the Ruff Ruff Pack 🏍 - PAW Patrol - Cartoons for Kids Compilation",1036,17:16,7 Aug 2022,PSraMLJ0l0E,https://www.youtube.com/watch?v=PSraMLJ0l0E,
Pups Rescue Mr. Wingnut from Wolves 🐺- PAW Patrol Rescue Episode - Cartoons for Kids!,126,2:06,7 Aug 2022,oAlz-DBgBLw,https://www.youtube.com/watch?v=oAlz-DBgBLw,
Pups Save a Mixed Up Mail Delivery! 📨 - PAW Patrol - Toy Pretend Play Rescue for Kids,195,3:15,7 Aug 2022,cb2M3uKxZ3k,https://www.youtube.com/watch?v=cb2M3uKxZ3k,
Mighty Twins Rebuild the Bridge! - PAW Patrol - Cartoon and Game Rescue Episode for Kids,965,16:05,7 Aug 2022,Ch3PXAI65QQ,https://www.youtube.com/watch?v=Ch3PXAI65QQ,
Helping People in Adventure Bay 👨‍👩‍👧‍👦  - PAW Patrol Compilation - Toy Pretend Play for Kids,1364,22:44,7 Aug 2022,WUCMZzSix9A,https://www.youtube.com/watch?v=WUCMZzSix9A,
Rescuing Adventure Bay Citizens 👨‍👩‍👧‍👦  - PAW Patrol - Cartoons for Kids Compilation,637,10:37,7 Aug 2022,gBoonQ1MbAY,https://www.youtube.com/watch?v=gBoonQ1MbAY,
Pups Rescue the Dinosaur Bone Diggers! 🦴 - PAW Patrol Rescue Episode - Cartoons for Kids!,126,2:06,7 Aug 2022,eF98s4uf7d0,https://www.youtube.com/watch?v=eF98s4uf7d0,
NEW PAW Patrol Rescue Knights Castle HQ Playset 🏰️ - How to Play - Toys for Kids,203,3:23,7 Aug 2022,DjoMuaA2kd0,https://www.youtube.com/watch?v=DjoMuaA2kd0,
Pups Rescue the Garbage Truck 🚛 - PAW Patrol Toy Pretend Play Rescue for Kids,228,3:48,7 Aug 2022,24C7vYobzRI,https://www.youtube.com/watch?v=24C7vYobzRI,
Rubble and Zuma Rescue the Runaway Turtles! - PAW Patrol - Cartoon and Game Rescue Episode for Kids,799,13:19,7 Aug 2022,jBRnTyiRe94,https://www.youtube.com/watch?v=jBRnTyiRe94,
Helping Chickaletta and Mayor Goodway 👩🏾🐓 - PAW Patrol Compilation - Toy Pretend Play for Kids,1570,26:10,7 Aug 2022,imlRd5kR7JM,https://www.youtube.com/watch?v=imlRd5kR7JM,
NEW PAW Patrol Rise & Rescue Vehicles! - How to Play - Toys for Kids,119,1:59,7 Aug 2022,aAc1f4pyRLo,https://www.youtube.com/watch?v=aAc1f4pyRLo,
Pups Best Animal Rescues! 🐓🐮  - PAW Patrol - Cartoons for Kids Compilation,649,10:49,7 Aug 2022,FvoYJ__ixIs,https://www.youtube.com/watch?v=FvoYJ__ixIs,
PAW Patrol Rescue Knights ⚔️ NEW EPISODES 🛡️ Coming Soon! | Season 8 Trailer | Cartoons for Kids,31,0:31,7 Aug 2022,3ZtvdrRdydo,https://www.youtube.com/watch?v=3ZtvdrRdydo,
Pups Rescue Elephants from a Beehive! 🐘 | PAW Patrol Rescue Episode | Cartoons for Kids!,120,2:00,7 Aug 2022,nBMiZMlDC4w,https://www.youtube.com/watch?v=nBMiZMlDC4w,
NEW PAW Patrol Rescue Knights Vehicles ⚔️ | How to Play | Toys for Kids,184,3:04,7 Aug 2022,Fyybic5XSj0,https://www.youtube.com/watch?v=Fyybic5XSj0,
Pups Save Snowy City ❄️| PAW Patrol | Toy Pretend Play Rescue for Kids,236,3:56,7 Aug 2022,0EH4PplYgzc,https://www.youtube.com/watch?v=0EH4PplYgzc,
Zuma and Marshall Save A Washed Up Whale! | PAW Patrol | Cartoon and Game Rescue Episode for Kids,814,13:34,7 Aug 2022,h6bZ9QMB0Ck,https://www.youtube.com/watch?v=h6bZ9QMB0Ck,
Helping Mayor Humdinger 🎩 - PAW Patrol Compilation - Toy Pretend Play for Kids,959,15:59,7 Aug 2022,Kcg01H4Y6SI,https://www.youtube.com/watch?v=Kcg01H4Y6SI,
Pups Ultimate Rescues 🚒  - PAW Patrol - Cartoons for Kids Compilation,775,12:55,7 Aug 2022,tK6epc2OnsQ,https://www.youtube.com/watch?v=tK6epc2OnsQ,
Pups Save Wally the Walrus! 🐋 - PAW Patrol Rescue Episode - Cartoons for Kids!,126,2:06,7 Aug 2022,GQKFaAuW_Es,https://www.youtube.com/watch?v=GQKFaAuW_Es,
Pups Save Christmas Lights 🎄- PAW Patrol - Toy Pretend Play Rescue for Kids,199,3:19,7 Aug 2022,KtCKqmWuuO8,https://www.youtube.com/watch?v=KtCKqmWuuO8,
Skye Saves Daring Danny and an Eagle! - PAW Patrol - Cartoon and Game Rescue Episode for Kids,947,15:47,7 Aug 2022,p2kVDas-PH8,https://www.youtube.com/watch?v=p2kVDas-PH8,
Machine Mayhem! 🛠 - PAW Patrol Compilation - Toy Pretend Play for Kids,886,14:46,7 Aug 2022,hQiN_b2hRYY,https://www.youtube.com/watch?v=hQiN_b2hRYY,
Pups Save Presents! 🎁 Holiday Special - PAW Patrol - Cartoons for Kids Compilation,627,10:27,7 Aug 2022,lURJXsTA6mo,https://www.youtube.com/watch?v=lURJXsTA6mo,
Sea Patrol Rescue the Island from a Volcano! - PAW Patrol Rescue Episode - Cartoons for Kids,126,2:06,7 Aug 2022,IwyRwA7E1k8,https://www.youtube.com/watch?v=IwyRwA7E1k8,
The Pups Get Gardening! - PAW Patrol - Toy Pretend Play Rescue for Kids,226,3:46,7 Aug 2022,eQWALXPkvz4,https://www.youtube.com/watch?v=eQWALXPkvz4,
Pups Save Santa’s Sleigh 🛷🎅 - PAW Patrol - Toy Pretend Play Rescue for Kids,262,4:22,7 Aug 2022,R9lyx3HnqEs,https://www.youtube.com/watch?v=R9lyx3HnqEs,
PAW Patrol First Ever True Metal Car Show!  - PAW Patrol - Toy Collection and Unboxing!,156,2:36,7 Aug 2022,3XbvBraOY-Y,https://www.youtube.com/watch?v=3XbvBraOY-Y,
Pups Solve Present Problems 🎁 - PAW Patrol Compilation - Toy Pretend Play for Kids,1101,18:21,7 Aug 2022,45s3KK1ph5o,https://www.youtube.com/watch?v=45s3KK1ph5o,
Pups Dino Rescue Episode Marathon! - PAW Patrol - Cartoons for Kids Compilation,707,11:47,7 Aug 2022,BWqWUsuAq3c,https://www.youtube.com/watch?v=BWqWUsuAq3c,
Dino Rescue Christmas Special! 🎄 - PAW Patrol Rescue Episode - Cartoons for Kids,426,7:06,7 Aug 2022,EB90SQ6Ugj4,https://www.youtube.com/watch?v=EB90SQ6Ugj4,
Chase Stops the Icy Cloud Catcher! - PAW Patrol - Toy Pretend Play Rescue for Kids,159,2:39,7 Aug 2022,YF14Ip8jLs4,https://www.youtube.com/watch?v=YF14Ip8jLs4,
Moto Pups Rescue the Kitties and Bunnies! - PAW Patrol - Cartoon and Game Rescue Episode for Kids,921,15:21,7 Aug 2022,9M3JDtwNigM,https://www.youtube.com/watch?v=9M3JDtwNigM,
Moto Pups Rescues! - PAW Patrol Compilation - Toy Pretend Play for Kids,921,15:21,7 Aug 2022,fxVjwqkoPjk,https://www.youtube.com/watch?v=fxVjwqkoPjk,
Sea Patroller Rescues! - PAW Patrol - Cartoons for Kids Compilation,751,12:31,7 Aug 2022,wJjzVvmUdb4,https://www.youtube.com/watch?v=wJjzVvmUdb4,
Pups Race Humdinger to a Treasure! 👑 - PAW Patrol Rescue Episode - Cartoons for Kids!,126,2:06,7 Aug 2022,4dITkEEiXzQ,https://www.youtube.com/watch?v=4dITkEEiXzQ,
Pups Fix The Street Lights! - PAW Patrol - Toy Pretend Play Rescue for Kids,241,4:01,7 Aug 2022,cJavzf128yY,https://www.youtube.com/watch?v=cJavzf128yY,
PAW Patrol Team Vehicles - Unboxing BIG Toys!  - PAW Patrol - Toy Collection and Unboxing!,227,3:47,7 Aug 2022,43lPupqESDw,https://www.youtube.com/watch?v=43lPupqESDw,
Liberty Toy Rescues! - PAW Patrol Compilation - Toy Pretend Play for Kids,1146,19:06,7 Aug 2022,uPPfGTYKFaY,https://www.youtube.com/watch?v=uPPfGTYKFaY,
Helping Mayor Goodway! 👩🏾‍🦱  - PAW Patrol - Cartoons for Kids Compilation,811,13:31,7 Aug 2022,FQCrw21q-c0,https://www.youtube.com/watch?v=FQCrw21q-c0,
Sea Patrol Saves the Turtles! 🐢 - PAW Patrol Rescue Episode - Cartoons for Kids,126,2:06,7 Aug 2022,7NXFoW3GWiQ,https://www.youtube.com/watch?v=7NXFoW3GWiQ,
Pups Save Mama Bird and the Nest! - PAW Patrol Toy Pretend Play Rescue for Kids,210,3:30,7 Aug 2022,PxwyEqToj0M,https://www.youtube.com/watch?v=PxwyEqToj0M,
Skye Saves the Silly Sheep! - PAW Patrol - Cartoon and Game Rescue Episode for Kids,940,15:40,7 Aug 2022,xxCH8DRO0qI,https://www.youtube.com/watch?v=xxCH8DRO0qI,
Helping Mayor Humdinger! - PAW Patrol Compilation - Toy Pretend Play for Kids,952,15:52,7 Aug 2022,5-wSzYi7bAE,https://www.youtube.com/watch?v=5-wSzYi7bAE,
PAW Patrol Pups Rescue Each Other! 🐶 - PAW Patrol - Cartoons for Kids Compilation,934,15:34,7 Aug 2022,EtrprgyMD7Q,https://www.youtube.com/watch?v=EtrprgyMD7Q,
Pups Save the Mayor’s Racing Boat! 🛶 - PAW Patrol Rescue Episode - Cartoons for Kids!,126,2:06,7 Aug 2022,V887zs8ypxk,https://www.youtube.com/watch?v=V887zs8ypxk,
Pups Save the Soapy City! - PAW Patrol - Toy Pretend Play Rescue for Kids,238,3:58,7 Aug 2022,LZXjHwACNqY,https://www.youtube.com/watch?v=LZXjHwACNqY,
Water Animal Rescues! 🌊  - PAW Patrol Compilation - Toy Pretend Play for Kids,854,14:14,7 Aug 2022,FjXS91oovVA,https://www.youtube.com/watch?v=FjXS91oovVA,
Pups Save the Carnival Fun House! - PAW Patrol Rescue Episode - Cartoons for Kids,126,2:06,7 Aug 2022,C9b_U1rxAmQ,https://www.youtube.com/watch?v=C9b_U1rxAmQ,
Pups Save the Town Clock! | PAW Patrol | Toy Pretend Play Rescue for Kids,289,4:49,7 Aug 2022,WMoTxHtiLNg,https://www.youtube.com/watch?v=WMoTxHtiLNg,
MEGA Rubble Toy Haul Collection! | PAW Patrol | Toy Collection and Unboxing!,201,3:21,7 Aug 2022,SeCeYyCyY-Y,https://www.youtube.com/watch?v=SeCeYyCyY-Y,
Saving Chickaletta! 🐓 | PAW Patrol Compilation | Toy Pretend Play for Kids,774,12:54,7 Aug 2022,2KL90OuH-GY,https://www.youtube.com/watch?v=2KL90OuH-GY,
Kitten CAT-astrophes!🐱 - PAW Patrol - Cartoons for Kids Compilation,1042,17:22,7 Aug 2022,4GZVJkj_MFc,https://www.youtube.com/watch?v=4GZVJkj_MFc,
Pups Save a Secret Scroll! 📜 - PAW Patrol Rescue Episode - Cartoons for Kids!,126,2:06,7 Aug 2022,Wo0KlAmbWLI,https://www.youtube.com/watch?v=Wo0KlAmbWLI,
Pups Save a Loose Dinosaur Tooth! - PAW Patrol - Toy Pretend Play Rescue for Kids,218,3:38,7 Aug 2022,pgJn0NkFrKs,https://www.youtube.com/watch?v=pgJn0NkFrKs,
PAW Super Fan's Favorite Toys and Vehicles! - PAW Patrol - Toy Collection and Unboxing!,145,2:25,7 Aug 2022,lIrD8V7EzeY,https://www.youtube.com/watch?v=lIrD8V7EzeY,
Saving Adventure Bay’s Fairs! - PAW Patrol Compilation - Toy Pretend Play for Kids,964,16:04,7 Aug 2022,7i1AjWQxnwU,https://www.youtube.com/watch?v=7i1AjWQxnwU,
Playful Piggy Problems! 🐷 - PAW Patrol - Cartoons for Kids Compilation,705,11:45,7 Aug 2022,0rRzZwr2x4M,https://www.youtube.com/watch?v=0rRzZwr2x4M,
Mayor Humdinger’s Missing Mustache! - PAW Patrol Rescue Episode - Cartoons for Kids,124,2:04,7 Aug 2022,IczgqUrqR2w,https://www.youtube.com/watch?v=IczgqUrqR2w,
Thank YOU for 5 Million Subscribers! 😍 - PAW Patrol - Cartoons For Kids!,51,0:51,7 Aug 2022,uQbojnQlvW4,https://www.youtube.com/watch?v=uQbojnQlvW4,
The Missing Scavenger Hunt Treasure Maps! - PAW Patrol - Toy Pretend Play Rescue for Kids,197,3:17,7 Aug 2022,9C-zTsXF0dg,https://www.youtube.com/watch?v=9C-zTsXF0dg,
Micro Movers Mystery Toys! - PAW Patrol - Toy Collection and Unboxing!,93,1:33,7 Aug 2022,RYTLeb3u1DM,https://www.youtube.com/watch?v=RYTLeb3u1DM,
Helping Mayor Goodway 🐓 - PAW Patrol Compilation - Toy Pretend Play for Kids,800,13:20,7 Aug 2022,Wvf1s0Iv5Fw,https://www.youtube.com/watch?v=Wvf1s0Iv5Fw,
Pups Save Mr. Porter from a STINKY SKUNK! 🦨 - PAW Patrol Rescue Episode - Cartoons for Kids,126,2:06,7 Aug 2022,h6N5lEkDQEM,https://www.youtube.com/watch?v=h6N5lEkDQEM,
Pirate Pups Rescue and Halloween Coloring! - PAW Patrol - Cartoons for Kids Compilation,1254,20:54,7 Aug 2022,TeRMuPkgnFw,https://www.youtube.com/watch?v=TeRMuPkgnFw,
Pups Save Mayor Humdinger's Scaredy Cats! - PAW Patrol - Toy Pretend Play Rescue for Kids,213,3:33,7 Aug 2022,pBStnIF-Q68,https://www.youtube.com/watch?v=pBStnIF-Q68,
Skye and Faye Save Movie Night! - PAW Patrol & Mighty Express Mashup - Cartoons for Kids,121,2:01,7 Aug 2022,0p6LmEQOtBU,https://www.youtube.com/watch?v=0p6LmEQOtBU,
Liberty and Rubble Save the Adventure City Beach! - PAW Patrol Toy Pretend Play Rescue for Kids,240,4:00,7 Aug 2022,jHo3XW4IgSU,https://www.youtube.com/watch?v=jHo3XW4IgSU,
Marshall and Rubble Build a Campfire with Alex! 🔥 - PAW Patrol Rescue Episode - Cartoons for Kids,126,2:06,7 Aug 2022,0cC1LVFmqHA,https://www.youtube.com/watch?v=0cC1LVFmqHA,
Pups Save the Jungle from Cheatin Cheetah! - PAW Patrol Rescue Episode - Cartoons for Kids,121,2:01,7 Aug 2022,o5rgwqw6WPY,https://www.youtube.com/watch?v=o5rgwqw6WPY,
Pups Save a GIANT Watermelon! 🍉 - PAW Patrol Toy Pretend Play Rescue for Kids,220,3:40,7 Aug 2022,_AHVMPJlbvo,https://www.youtube.com/watch?v=_AHVMPJlbvo,
Special PAW Characters & Sidekicks - PAW Patrol - Toy Collection and Unboxing!,129,2:09,7 Aug 2022,ETxsDEmHI7E,https://www.youtube.com/watch?v=ETxsDEmHI7E,
MEGA MESS CLEANUP! Out of Control Sauce Bot 3000 🌭🤖 PAW Patrol Toy Pretend Play Rescue for Kids,225,3:45,7 Aug 2022,Np9BeZ5ZbI0,https://www.youtube.com/watch?v=Np9BeZ5ZbI0,
The Spooky Haunted Halloween Cabin! - PAW Patrol Rescue Episode - Cartoons for Kids,126,2:06,7 Aug 2022,FqPEDC2HZYY,https://www.youtube.com/watch?v=FqPEDC2HZYY,
Pups Save Monkeys and the NEW Pup Liberty! PAW Patrol Cartoon Compilation 66 PAW Patrol & Friends,1520,25:20,7 Aug 2022,uYs4_Z8i-sY,https://www.youtube.com/watch?v=uYs4_Z8i-sY,
Pups Save Daring Danny's Big Extreme Stunt! 🐶 - PAW Patrol Toy Pretend Play Rescue for Kids,237,3:57,7 Aug 2022,tRhbTzGPYrU,https://www.youtube.com/watch?v=tRhbTzGPYrU,
PAW Patrol Towers and Headquarters HQ - PAW Patrol - Toy Collection and Unboxing!,136,2:16,7 Aug 2022,S1Eg4EBFQJA,https://www.youtube.com/watch?v=S1Eg4EBFQJA,
Liberty Saves Humdinger's Kitty Crew! 😻 - PAW Patrol Toy Pretend Play Rescue for Kids,230,3:50,7 Aug 2022,p_mub3-K4dk,https://www.youtube.com/watch?v=p_mub3-K4dk,
Rubble's Piggy Roundup! 🐷 - PAW Patrol Rescue Episode - Cartoons for Kids,126,2:06,7 Aug 2022,CKKWg5_i1zs,https://www.youtube.com/watch?v=CKKWg5_i1zs,
Rubble’s Alien Double! 👽- PAW Patrol Rescue Episode - Cartoons for Kids,126,2:06,7 Aug 2022,-FgJYRzCMJI,https://www.youtube.com/watch?v=-FgJYRzCMJI,
Chickaletta Stuck in a Truck! Pups Save Chickaletta - PAW Patrol - Toy Pretend Play Rescue for Kids,245,4:05,7 Aug 2022,t9-D6We3fho,https://www.youtube.com/watch?v=t9-D6We3fho,
Rubble’s Bulldozer from PAW Patrol the Movie! How To Play,70,1:10,7 Aug 2022,dWERGiUfci4,https://www.youtube.com/watch?v=dWERGiUfci4,
Delivery Disaster! Pups Save Mr. Turbots Delivery 🚚🐟 - PAW Patrol Toy Pretend Play Rescue for Kids,278,4:38,7 Aug 2022,D7e6-HiFcIc,https://www.youtube.com/watch?v=D7e6-HiFcIc,
PIGGY PATROL! 🐷 - PAW Patrol Rescue Episode - Cartoons for Kids,126,2:06,7 Aug 2022,YE9M9eqlvXM,https://www.youtube.com/watch?v=YE9M9eqlvXM,
"Pups Save Turbots, Farmers, and a HUMDINGER!🐶 PAW Patrol Cartoon Compilation 65 PAW Patrol & Friends",1169,19:29,7 Aug 2022,Xj9hXXUjsw4,https://www.youtube.com/watch?v=Xj9hXXUjsw4,
Pups Save Mayor Humdinger's Window Washers! 🐶 - PAW Patrol Toy Pretend Play Rescue for Kids,211,3:31,7 Aug 2022,MFHln3K0ZiI,https://www.youtube.com/watch?v=MFHln3K0ZiI,
Marshall and Zuma Rescue the Baby Ducks! | PAW Patrol | Cartoon and Game Rescue Episode for Kids,910,15:10,7 Aug 2022,U5a-wgReZrg,https://www.youtube.com/watch?v=U5a-wgReZrg,
Pups Fix The Foggy Bottom Cloud Catcher! 💨 - PAW Patrol Toy Pretend Play Rescue for Kids,198,3:18,7 Aug 2022,DTEY4XWF5oA,https://www.youtube.com/watch?v=DTEY4XWF5oA,
Are the PAW Patrol Good Babysitters?! 🐶 - PAW Patrol Rescue Episode - Cartoons for Kids,125,2:05,7 Aug 2022,fd8b-e38kb8,https://www.youtube.com/watch?v=fd8b-e38kb8,
Skye's Wild Bunny Roundup at the Easter Festival! 🐇- PAW Patrol Rescue Episode - Cartoons for Kids,126,2:06,7 Aug 2022,6c7PGxB17x4,https://www.youtube.com/watch?v=6c7PGxB17x4,
Liberty and the Pups Save the Subway Station!🚈 - PAW Patrol Toy Pretend Play Rescue for Kids,166,2:46,7 Aug 2022,IxrVoXArczA,https://www.youtube.com/watch?v=IxrVoXArczA,
PAW Patrol: The Movie - True Metal Total City Rescue Set - How To Build & Play,198,3:18,7 Aug 2022,32lZ-v-JNVo,https://www.youtube.com/watch?v=32lZ-v-JNVo,
Pups Save The Wacky Hot Dog Machine!🌭 PAW Patrol Toy Pretend Play Rescue,290,4:50,7 Aug 2022,bVAxFs_35_w,https://www.youtube.com/watch?v=bVAxFs_35_w,
Rubble and Marshall Save the Sticky Turbots🐶 - PAW Patrol Toy Pretend Play Rescue for Kids,253,4:13,7 Aug 2022,ZFrSSsmANjs,https://www.youtube.com/watch?v=ZFrSSsmANjs,
Pups Save Cali and a Snow Plow! ❄️- PAW Patrol Rescue Episode - Cartoons for Kids,131,2:11,7 Aug 2022,bJ9Pm1rDJSM,https://www.youtube.com/watch?v=bJ9Pm1rDJSM,
PAW Patrol and TerraCycle Toy Recycling Program!,74,1:14,7 Aug 2022,alI22CMKVW0,https://www.youtube.com/watch?v=alI22CMKVW0,
"Pups Save Games, Animals, and Chalk Art! 🐶 PAW Patrol Cartoon Compilation 64 PAW Patrol & Friends",910,15:10,7 Aug 2022,i_bQ8eP1G8g,https://www.youtube.com/watch?v=i_bQ8eP1G8g,
Liberty and Marshall Save the City Hall Firework Show! - PAW Patrol Toy Pretend Play Rescue,295,4:55,7 Aug 2022,YuKhRoaVK4g,https://www.youtube.com/watch?v=YuKhRoaVK4g,
PAW Patrol Mighty Pups VS GIANT ROBOT! Cartoon and Game Rescue PAW Patrol Official & Friends,827,13:47,7 Aug 2022,csJlUn7cDrc,https://www.youtube.com/watch?v=csJlUn7cDrc,
Skye and Marshall Save the Stuck Ducks! 🦆 - PAW Patrol Toy Pretend Play Rescue for Kids,210,3:30,7 Aug 2022,x8naKLhVg1c,https://www.youtube.com/watch?v=x8naKLhVg1c,
PAW Patrol Movie Playmat Converts to Storage! - Amazon EXCLUSIVE,56,0:56,7 Aug 2022,7xcKIjr3ZJg,https://www.youtube.com/watch?v=7xcKIjr3ZJg,
Bunny and Buddy Rescue with Marshall! 🐰- PAW Patrol Rescue Episode - Cartoons for Kids,131,2:11,7 Aug 2022,sk-AtvbOTnc,https://www.youtube.com/watch?v=sk-AtvbOTnc,
GIANT Chocolate Bunny Trap! 🍫🐇- PAW Patrol Rescue Episode - Cartoons for Kids,130,2:10,7 Aug 2022,RU95obx4Is4,https://www.youtube.com/watch?v=RU95obx4Is4,
Out of Control Street Sweeper! 🚛 - PAW Patrol - Toy Pretend Play Rescue for Kids,204,3:24,7 Aug 2022,ehzYVzxvFFI,https://www.youtube.com/watch?v=ehzYVzxvFFI,
"The Picnic Puddle Problem! ⛲ PAW Patrol ""Toy Pretend Play Rescue for Kids""",214,3:34,7 Aug 2022,ijGJp3UnWC0,https://www.youtube.com/watch?v=ijGJp3UnWC0,
Humdinger's Kitten Catastrophe Crew! 😼 PAW Patrol Pup Tales Rescue Episode!,130,2:10,7 Aug 2022,ysUvjkdK49A,https://www.youtube.com/watch?v=ysUvjkdK49A,
Mini Marshall and the Marooned Mayors! 🐶 PAW Patrol Cartoon Compilation,971,16:11,7 Aug 2022,kwuPUIkFKuQ,https://www.youtube.com/watch?v=kwuPUIkFKuQ,
Skye and Chase Save the Silly City Piggy! 🐷 - PAW Patrol - Toy Pretend Play Rescue for Kids,167,2:47,7 Aug 2022,NKT2Ctank8s,https://www.youtube.com/watch?v=NKT2Ctank8s,
Mighty Pups Save Monkeys from the Volcano! 🙉 Cartoon and Game Rescue PAW Patrol Official & Friends,1222,20:22,7 Aug 2022,KUsiwWtsx84,https://www.youtube.com/watch?v=KUsiwWtsx84,
Pups Solve Farmer Al's Popcorn Problem! 🍿 PAW Patrol Toy Pretend Play Rescue for Kids,205,3:25,7 Aug 2022,beJQ2hZxq4Y,https://www.youtube.com/watch?v=beJQ2hZxq4Y,
Rubble and Skye Rescue a Baby Elephant! 🐘 - PAW Patrol Rescue Episode - Cartoons for Kids,130,2:10,7 Aug 2022,q-MXUhEAZYc,https://www.youtube.com/watch?v=q-MXUhEAZYc,
Emergency COW Rescue in a BLIZZARD! 🐮❄️- PAW Patrol Rescue Episode - Cartoons for Kids,130,2:10,7 Aug 2022,kmg7at2TUrk,https://www.youtube.com/watch?v=kmg7at2TUrk,
PAW Patrol Rescue LIBERTY the NEW PUP! 🐶 PAW Patrol Toy Pretend Play Rescue for Kids,250,4:10,7 Aug 2022,fuP7J75TMiw,https://www.youtube.com/watch?v=fuP7J75TMiw,
PAW Patrol: The Movie - Liberty Feature Vehicle How To Play - PAW Patrol Official & Friends,78,1:18,7 Aug 2022,msipXHmb7f0,https://www.youtube.com/watch?v=msipXHmb7f0,
The Hot Dog Truck Windstorm Rescue! 🌪️ PAW Patrol Toy Pretend Play Rescue for Kids,272,4:32,7 Aug 2022,O3B9Otj_hDw,https://www.youtube.com/watch?v=O3B9Otj_hDw,
Chase Transforming City Cruiser! PAW Patrol: The Movie - How To Play!,74,1:14,7 Aug 2022,n6fz4R6mSmA,https://www.youtube.com/watch?v=n6fz4R6mSmA,
Skye and Zuma Become MerPups! - PAW Patrol Rescue Episode - Cartoons for Kids,130,2:10,7 Aug 2022,lz5YHTtM4Zc,https://www.youtube.com/watch?v=lz5YHTtM4Zc,
Awesome Animal Rescues!🐶🚂 PAW Patrol and Mighty Express Cartoon Compilation 62 PAW Patrol & Friends,1684,28:04,7 Aug 2022,tYU16Hy-uQs,https://www.youtube.com/watch?v=tYU16Hy-uQs,
Mighty Pups Save Carlos in the Jungle! Cartoon and Game Rescue PAW Patrol Official & Friends,1037,17:17,7 Aug 2022,PCHYOBFRyxY,https://www.youtube.com/watch?v=PCHYOBFRyxY,
The Fast Fish Tank Fix Up! 🐠 PAW Patrol Toy Pretend Play Rescue for Kids,266,4:26,7 Aug 2022,y8mf6rdDKCs,https://www.youtube.com/watch?v=y8mf6rdDKCs,
PAW Patrol is Now Available in FIVE MORE LANGUAGES!🐶🥳,43,0:43,7 Aug 2022,-ixHJijp06Y,https://www.youtube.com/watch?v=-ixHJijp06Y,
Beehive Rescue with Rocky! - PAW Patrol Rescue Episode - Cartoons for Kids,131,2:11,7 Aug 2022,az20qDnX10Q,https://www.youtube.com/watch?v=az20qDnX10Q,
Ridiculous ROOSTER Rescue with Chickaletta and Zuma! - PAW Patrol Rescue Episode - Cartoons for Kids,131,2:11,7 Aug 2022,bscC5OwuemE,https://www.youtube.com/watch?v=bscC5OwuemE,
PAW Patrol - All-New PAW Patroller – How to Play & Save the Day!,124,2:04,7 Aug 2022,zuyX02MkI3Q,https://www.youtube.com/watch?v=zuyX02MkI3Q,
PAW Patrol: The Movie - Ultimate City Tower - How To Build - PAW Patrol Official & Friends,399,6:39,7 Aug 2022,mxdkznz01Sw,https://www.youtube.com/watch?v=mxdkznz01Sw,
The Soggy Scary SWAMP MONSTER! 👾 PAW Patrol Toy Pretend Play Rescue for Kids,224,3:44,7 Aug 2022,izSid9ufFZs,https://www.youtube.com/watch?v=izSid9ufFZs,
PAW Patrol Mighty Pups Save Jake on the Mountain! ❄️Cartoon and Game Rescue,1202,20:02,7 Aug 2022,PZRntPK0qc0,https://www.youtube.com/watch?v=PZRntPK0qc0,
Humdinger's Frog Log Cabin! 🐸 PAW Patrol Toy Pretend Play Rescue for Kids,258,4:18,7 Aug 2022,3LVWn5n0FEw,https://www.youtube.com/watch?v=3LVWn5n0FEw,
Pet Parrot Rescue with Marshall! 🦜 - PAW Patrol Rescue Episode - Cartoons for Kids,130,2:10,7 Aug 2022,jPWV4z6b3q0,https://www.youtube.com/watch?v=jPWV4z6b3q0,
PAW Patrol and Mighty Express Save the Parties! 🎂 Cartoon Compilation 61 PAW Patrol & Friends,2080,34:40,7 Aug 2021,a3Y34vWfsJc,https://www.youtube.com/watch?v=a3Y34vWfsJc,
Pups Save The Surprise Birthday Party! 🥳 PAW Patrol Toy Pretend Play Rescue for Kids,343,5:43,7 Aug 2021,0RY5QxDRoZE,https://www.youtube.com/watch?v=0RY5QxDRoZE,
PAW Patrol Mighty Pups Find the Hiding Chickaletta! 🐔 Cartoon and Game Rescue,738,12:18,7 Aug 2021,-2u3oYkAsEQ,https://www.youtube.com/watch?v=-2u3oYkAsEQ,
GIANT Monkey Rescue! 🙉 PAW Patrol Toy Pretend Play Rescue for Kids,314,5:14,7 Aug 2021,QJ70gn9gX0U,https://www.youtube.com/watch?v=QJ70gn9gX0U,
Everest and Zuma Save the Deer! 🦌 PAW Patrol Pup Tales Rescue Episode!,130,2:10,7 Aug 2021,cq6UvtYabe4,https://www.youtube.com/watch?v=cq6UvtYabe4,
Underwater CRASH! Pups Save the Whale Pod! 🐳- PAW Patrol Rescue Episode - Cartoons for Kids,130,2:10,7 Aug 2021,Uh56d-H3T4E,https://www.youtube.com/watch?v=Uh56d-H3T4E,
PAW Patrol Movie Deluxe Vehicles! 🐶 How To Play,164,2:44,7 Aug 2021,8BNvlM1A2vM,https://www.youtube.com/watch?v=8BNvlM1A2vM,
PAW Patrol Movie Marshall Transforming City Fire Truck 🚒 How To Play!,147,2:27,7 Aug 2021,xGU2dgBgSxY,https://www.youtube.com/watch?v=xGU2dgBgSxY,
PAW Patrol Mighty Pups Fix The Ski Resort! Cartoon and Game Rescue PAW Patrol Official & Friends,911,15:11,7 Aug 2021,5eRgYtht4Ds,https://www.youtube.com/watch?v=5eRgYtht4Ds,
Building Yard Ballet! – Mighty Express Minis! – PAW Patrol Official & Friends,229,3:49,7 Aug 2021,9QzatdePOiI,https://www.youtube.com/watch?v=9QzatdePOiI,
Rubble and Brock Fix the Bridge PAW Patrol and Mighty Express Mashup Episode #3 PAW Patrol & Friends,121,2:01,7 Aug 2021,GDBCmsK2IOk,https://www.youtube.com/watch?v=GDBCmsK2IOk,
Marshall Rescues the Lost Kitties! 😺- PAW Patrol Rescue Episode - Cartoons for Kids,130,2:10,7 Aug 2021,xSrSMsLY9Xg,https://www.youtube.com/watch?v=xSrSMsLY9Xg,
PAW Patrol and Mighty Express Save Goats and Kitties! Cartoon Compilation 60 PAW Patrol & Friends,1902,31:42,7 Aug 2021,ySQ3RPYoTdw,https://www.youtube.com/watch?v=ySQ3RPYoTdw,
OINK-a-Palooza! 🐷 – Mighty Express Episodes – PAW Patrol Official & Friends,135,2:15,7 Aug 2021,iCpKVzsLBSM,https://www.youtube.com/watch?v=iCpKVzsLBSM,
PAW Patrol Pups Save the Strawberries! Toy Pretend Play Rescue For Kids,282,4:42,7 Aug 2021,Lb1YkDfXd4c,https://www.youtube.com/watch?v=Lb1YkDfXd4c,
PAW Patrol Pups Save the Adventure Bay Fair! Toy Pretend Play Rescue For Kids,331,5:31,7 Aug 2021,9egCgozpECc,https://www.youtube.com/watch?v=9egCgozpECc,
Popcorn Maze! 🍿Can the Pups find Chickaletta?! PAW Patrol Pup Tales Rescue Episode!,130,2:10,7 Aug 2021,Vz2bpTrtJMY,https://www.youtube.com/watch?v=Vz2bpTrtJMY,
Runaway Junkmobile 😮 Pups Save Oscar the Ostrich! PAW Patrol Pup Tales Rescue Episode!,130,2:10,7 Aug 2021,wMBBZjtjWJg,https://www.youtube.com/watch?v=wMBBZjtjWJg,
Fun with Flicker! – Mighty Express Minis! – PAW Patrol Official & Friends,229,3:49,7 Aug 2021,uCvOZnVpp6I,https://www.youtube.com/watch?v=uCvOZnVpp6I,
PAW Patrol Pups Save the Campsite! - Toy Episode - PAW Patrol Official & Friends,260,4:20,7 Aug 2021,xw1IbJOftDA,https://www.youtube.com/watch?v=xw1IbJOftDA,
PAW Patrol Pups Investigate the HAUNTED Forest! Toy Pretend Play Rescue For Kids,384,6:24,7 Aug 2021,Lctp1McqZTQ,https://www.youtube.com/watch?v=Lctp1McqZTQ,
PAW Patrol Perform at the Talent Show! ⭐ PAW Patrol Pup Tales Rescue Episode!,131,2:11,7 Aug 2021,0nrSyVxP_NI,https://www.youtube.com/watch?v=0nrSyVxP_NI,
PAW Patrol and Mighty Express Save the Party! Cartoon Compilation 59 PAW Patrol & Friends,1785,29:45,7 Aug 2021,CdCfRc1eqzQ,https://www.youtube.com/watch?v=CdCfRc1eqzQ,
Get That Goat!🐐 – Mighty Express Episodes – PAW Patrol Official & Friends,132,2:12,7 Aug 2021,w5egvLxGxJ4,https://www.youtube.com/watch?v=w5egvLxGxJ4,
PAW Patrol Pups Solve a Sticky Mystery! Toy Pretend Play Rescue For Kids,386,6:26,7 Aug 2021,tRz1tMtdOYs,https://www.youtube.com/watch?v=tRz1tMtdOYs,
The Farmer Fix Up 👩‍🌾 Pups Save The Wedding! PAW Patrol Pup Tales Rescue Episode!,130,2:10,7 Aug 2021,lfAOrUjoAUI,https://www.youtube.com/watch?v=lfAOrUjoAUI,
The Ruff Ruff Pack Trapped Mayor Goodway!🐺 PAW Patrol Pup Tales Rescue Episode!,130,2:10,7 Aug 2021,8rxfPWqVRoE,https://www.youtube.com/watch?v=8rxfPWqVRoE,
Snow Place Like Home! – Mighty Express Minis! – PAW Patrol Official & Friends,228,3:48,7 Aug 2021,6iY4yAKsOsI,https://www.youtube.com/watch?v=6iY4yAKsOsI,
PAW Patrol Pups Save a Sea Monster! Toy Pretend Play Rescue For Kids,320,5:20,7 Aug 2021,poXY4sX67I4,https://www.youtube.com/watch?v=poXY4sX67I4,
PAW Patrol Pups Save Alex's Puppets! Toy Pretend Play Rescue For Kids,409,6:49,7 Aug 2021,CJTRXrwrnZM,https://www.youtube.com/watch?v=CJTRXrwrnZM,
Skye Saves Ace and Her Plane! ✈️ PAW Patrol Pup Tales Rescue Episode!,130,2:10,7 Aug 2021,vRmQojrQ6io,https://www.youtube.com/watch?v=vRmQojrQ6io,
PAW Patrol and Mighty Express Save the Dinos & Animals! Cartoon Compilation 58 PAW Patrol & Friends,1869,31:09,7 Aug 2021,r8JGhtcIw-E,https://www.youtube.com/watch?v=r8JGhtcIw-E,
Octopus Express! 🐙 – Mighty Express Episodes – PAW Patrol Official & Friends,126,2:06,7 Aug 2021,Fn4J8qvFPuM,https://www.youtube.com/watch?v=Fn4J8qvFPuM,
We've Been Working on the Railroad! 🛤 🎵  - Mighty Express Sing Along Songs – PAW Patrol & Friends,129,2:09,7 Aug 2021,Q9bs1N2fJoQ,https://www.youtube.com/watch?v=Q9bs1N2fJoQ,
PAW Patrol Pups Save the Spies! Toy Pretend Play Rescue For Kids,317,5:17,7 Aug 2021,umbq51X8NbI,https://www.youtube.com/watch?v=umbq51X8NbI,
Basketball Showdown with the PAW Patrol! 🏀 PAW Patrol Pup Tales Rescue Episode!,129,2:09,7 Aug 2021,7uriwahhQCg,https://www.youtube.com/watch?v=7uriwahhQCg,
The Ruff Ruff Pack's Secret Hideout! 🏰 PAW Patrol Pup Tales Rescue Episode!,129,2:09,7 Aug 2021,k2GaOTPXX3c,https://www.youtube.com/watch?v=k2GaOTPXX3c,
"Lift Me Up, Milo! – Mighty Express Minis! – PAW Patrol Official & Friends",199,3:19,7 Aug 2021,73F5X3y4tkc,https://www.youtube.com/watch?v=73F5X3y4tkc,
PAW Patrol Pups and the Smelly Skunks! Toy Pretend Play Rescue For Kids,410,6:50,7 Aug 2021,YxB-LTQC0MQ,https://www.youtube.com/watch?v=YxB-LTQC0MQ,
Rescue Red Will Save the Day! 🔥 🎵 - Mighty Express Music Video – PAW Patrol & Friends,107,1:47,7 Aug 2021,YHgvOp3jPes,https://www.youtube.com/watch?v=YHgvOp3jPes,
PAW Patrol Moto Pups Save a Beach Picnic! Toy Pretend Play Rescue For Kids,348,5:48,7 Aug 2021,qxHShuvVwN8,https://www.youtube.com/watch?v=qxHShuvVwN8,
The Snow Storm Struggle! ❄️Pups Save Adventure Bay! PAW Patrol Pup Tales Rescue Episode!,130,2:10,7 Aug 2021,UXZPQgAO9-U,https://www.youtube.com/watch?v=UXZPQgAO9-U,
PAW Patrol and Mighty Express Dinosaur Rescue! Cartoon Compilation 57 - PAW Patrol & Friends,1968,32:48,7 Aug 2021,r4MGwNdBg8w,https://www.youtube.com/watch?v=r4MGwNdBg8w,
Flicker’s Balloon Hullabaloo! 🎈 – Mighty Express Episodes – PAW Patrol Official & Friends,136,2:16,7 Aug 2021,ZGF2EDZc6Yw,https://www.youtube.com/watch?v=ZGF2EDZc6Yw,
PAW Patrol Mighty Pups Find The Mighty Meteor! Cartoon and Game Rescue PAW Patrol Official & Friends,651,10:51,7 Aug 2021,2sCiETXjaZQ,https://www.youtube.com/watch?v=2sCiETXjaZQ,
They’ll be Curvin’ Around the Mountains! ⛰ 🎵 - Mighty Express Music Video – PAW Patrol & Friends,101,1:41,7 Aug 2021,txuqj1SHRhk,https://www.youtube.com/watch?v=txuqj1SHRhk,
PAW Patrol - Pups Save a Baby Otter! Toy Pretend Play Rescue For Kids,345,5:45,7 Aug 2021,767BYuzyC60,https://www.youtube.com/watch?v=767BYuzyC60,
PAW Patrol Pups Meet EVEREST! ❄️PAW Patrol Pup Tales Rescue Episode!,130,2:10,7 Aug 2021,aloYzLDLVFs,https://www.youtube.com/watch?v=aloYzLDLVFs,
Ruff Ruff Pack and the MEGA DONUTS! 🍩 PAW Patrol Pup Tales Rescue Episode!,130,2:10,7 Aug 2021,u_2QihGwAEU,https://www.youtube.com/watch?v=u_2QihGwAEU,
Nate’s Favorite Place! – Mighty Express Minis! – PAW Patrol Official & Friends,229,3:49,7 Aug 2021,tHy3xgh-NEA,https://www.youtube.com/watch?v=tHy3xgh-NEA,
PAW Patrol: The Movie (2021) - Official Trailer - Paramount Pictures,131,2:11,7 Aug 2021,NsVWoTfLyJM,https://www.youtube.com/watch?v=NsVWoTfLyJM,
PAW Patrol Pups Save a Present Mix Up! Toy Pretend Play Rescue For Kids,431,7:11,7 Aug 2021,AzYwX0qWXmg,https://www.youtube.com/watch?v=AzYwX0qWXmg,
Baa Baa Goaty! 🐐 🎵 – Mighty Express Music Video – PAW Patrol Official & Friends,96,1:36,7 Aug 2021,7V0_NaeRevI,https://www.youtube.com/watch?v=7V0_NaeRevI,
PAW Patrol Moto Pups Save the Water Park Grand Opening! Toy Pretend Play Rescue For Kids,362,6:02,7 Aug 2021,N1PRKmiSGos,https://www.youtube.com/watch?v=N1PRKmiSGos,
PAW Patrol - Pups Save the Castle's Stage Show! 🏰 Rescue Episode - PAW Patrol Official & Friends!,125,2:05,7 Aug 2021,6LhnTeXYOQc,https://www.youtube.com/watch?v=6LhnTeXYOQc,
PAW Patrol and Mighty Express Save The Dinosaurs! Cartoon Compilation 56 - PAW Patrol & Friends,2019,33:39,7 Aug 2021,WiHWOIRhLCI,https://www.youtube.com/watch?v=WiHWOIRhLCI,
Brock Fixes Bugle Bridge! 🎺 - Mighty Express Fast Tracks – PAW Patrol Official & Friends,136,2:16,7 Aug 2021,xXpwWdOqs-Q,https://www.youtube.com/watch?v=xXpwWdOqs-Q,
When the Trains Come Rolling In! 🚋 🎵 – Mighty Express Music Video – PAW Patrol Official & Friends,117,1:57,7 Aug 2021,ZZeAHJksr8I,https://www.youtube.com/watch?v=ZZeAHJksr8I,
PAW Patrol Adventure Bay Water Balloon Fight! Toy Pretend Play Rescue For Kids,241,4:01,7 Aug 2021,98okoFVt2-8,https://www.youtube.com/watch?v=98okoFVt2-8,
PAW Patrol - Pups Save a Ghost?! 👻 Rescue Episode - PAW Patrol Official & Friends!,128,2:08,7 Aug 2021,6wES0BpWl6M,https://www.youtube.com/watch?v=6wES0BpWl6M,
PAW Patrol - Pups Save the Royal Armor! - Rescue Episode - PAW Patrol Official & Friends!,131,2:11,7 Aug 2021,oKrmrXG4zYw,https://www.youtube.com/watch?v=oKrmrXG4zYw,
Who Has the Coolest Train Car?! – Mighty Minis! – PAW Patrol Official & Friends,228,3:48,7 Aug 2021,XiPDmKpYRU8,https://www.youtube.com/watch?v=XiPDmKpYRU8,
PAW Patrol Pups Save the Bird Watchers! Toy Pretend Play Rescue For Kids,245,4:05,7 Aug 2021,ryzOPol56Uc,https://www.youtube.com/watch?v=ryzOPol56Uc,
The Wheels on the Train! 🚋 🎵  – Mighty Express Music Video – PAW Patrol Official & Friends,108,1:48,7 Aug 2021,mjA2c8a7HqM,https://www.youtube.com/watch?v=mjA2c8a7HqM,
PAW Patrol and Mighty Express Rescue Bart the Bull! Mashup Episode #2 PAW Patrol & Friends,134,2:14,7 Aug 2021,kWaHsP5HLkA,https://www.youtube.com/watch?v=kWaHsP5HLkA,
PAW Patrol Moto Pups Save a Puzzle! Toy Pretend Play Rescue For Kids,257,4:17,7 Aug 2021,Ztz_BjsYFw8,https://www.youtube.com/watch?v=Ztz_BjsYFw8,
PAW Patrol - Pups Save Chompy the Beaver’s Home! Rescue Episode - PAW Patrol Official & Friends!,130,2:10,7 Aug 2021,uwLQtG3tJHk,https://www.youtube.com/watch?v=uwLQtG3tJHk,
PAW Patrol and Mighty Express Save The Farm! Cartoon Episodes Compilation 55 - PAW Patrol & Friends,1857,30:57,7 Aug 2021,JNRXCCq7qHQ,https://www.youtube.com/watch?v=JNRXCCq7qHQ,
It's Milosaurus! - Mighty Express Fast Tracks – PAW Patrol Official & Friends,136,2:16,7 Aug 2021,fIiMUP1i7Uk,https://www.youtube.com/watch?v=fIiMUP1i7Uk,
It’s the Popstar Piggies! 🐷 – Mighty Express Music Video – PAW Patrol Official & Friends,111,1:51,7 Aug 2021,-gbuLqxVeZo,https://www.youtube.com/watch?v=-gbuLqxVeZo,
PAW Patrol Moto Pups Save a Kite! Toy Pretend Play Rescue For Kids,238,3:58,7 Aug 2021,xSDqJz7Ue8w,https://www.youtube.com/watch?v=xSDqJz7Ue8w,
PAW Patrol - Pups Save the Diving Bell! - Rescue Episode - PAW Patrol Official & Friends!,130,2:10,7 Aug 2021,ADkZC6Pt9bQ,https://www.youtube.com/watch?v=ADkZC6Pt9bQ,
PAW Patrol - Pups Save a Trash-Dinger! - Rescue Episode - PAW Patrol Official & Friends!,130,2:10,7 Aug 2021,jW11hVSPNnw,https://www.youtube.com/watch?v=jW11hVSPNnw,
Mandy's Day with Diesel! – Mighty Minis! – PAW Patrol Official & Friends,228,3:48,7 Aug 2021,TSFa6V4HTYk,https://www.youtube.com/watch?v=TSFa6V4HTYk,
PAW Patrol - Pups Save the Butterflies! Toy Pretend Play Rescue For Kids,377,6:17,7 Aug 2021,WgtL38Pbxkk,https://www.youtube.com/watch?v=WgtL38Pbxkk,
Let's All Learn Our ABCs! 📚 - Mighty Express Sing Along Songs - Mighty Express Official,91,1:31,7 Aug 2021,ByGW0IserQM,https://www.youtube.com/watch?v=ByGW0IserQM,
PAW Patrol - Pups Save the Hermit Crabs! Toy Pretend Play Rescue For Kids,351,5:51,7 Aug 2021,uYFbSQrcdUk,https://www.youtube.com/watch?v=uYFbSQrcdUk,
PAW Patrol - Pups Save Chickaletta and the Parade! - Rescue Episode - PAW Patrol Official & Friends!,130,2:10,7 Aug 2021,hMlSSkL8s4s,https://www.youtube.com/watch?v=hMlSSkL8s4s,
PAW Patrol Mighty Pups and Mighty Express Cartoon Episodes! Compilation 54 - PAW Patrol & Friends,1848,30:48,7 Aug 2021,JINOkhXmBMg,https://www.youtube.com/watch?v=JINOkhXmBMg,
Chug-A-Love Day! - Mighty Express Fast Tracks – PAW Patrol Official & Friends,133,2:13,7 Aug 2021,bNPKfr4eZzA,https://www.youtube.com/watch?v=bNPKfr4eZzA,
"Twinkle, Twinkle, Little Star! – Mighty Express Music Video – PAW Patrol Official & Friends",93,1:33,7 Aug 2021,TFOBlEjstxw,https://www.youtube.com/watch?v=TFOBlEjstxw,
PAW Patrol Moto Pups - Pups Save a Dance Competition! Toy Pretend Play Rescue For Kids,327,5:27,7 Aug 2021,5X3hN8Y2wnw,https://www.youtube.com/watch?v=5X3hN8Y2wnw,
PAW Patrol Moto Pups - Pups Save the Birthday Party! Toy Pretend Play Rescue For Kids,380,6:20,7 Aug 2021,TxEvYzKS_2A,https://www.youtube.com/watch?v=TxEvYzKS_2A,
PAW Patrol - Pups Save Jake From a Cave! - Rescue Episode - PAW Patrol Official & Friends!,130,2:10,7 Aug 2021,8DZOs0UxaGA,https://www.youtube.com/watch?v=8DZOs0UxaGA,
PAW Patrol Moto Pups & Wild Cat Save the Ferris Wheel! Rescue Episode PAW Patrol Official & Friends!,130,2:10,7 Aug 2021,flva3bGW3aA,https://www.youtube.com/watch?v=flva3bGW3aA,
PAW Patrol Live! At Home Special Sing Along! - PAW Patrol Official & Friends,208,3:28,7 Aug 2021,LVA95XQvaog,https://www.youtube.com/watch?v=LVA95XQvaog,
Penny's First Camping Trip! – Mighty Minis! – PAW Patrol Official & Friends,226,3:46,7 Aug 2021,twRADuKLswo,https://www.youtube.com/watch?v=twRADuKLswo,
PAW Patrol Moto Pups - Pups Save the Parade! Toy Pretend Play Rescue For Kids,307,5:07,7 Aug 2021,ez9YKjt8OnE,https://www.youtube.com/watch?v=ez9YKjt8OnE,
Flicker Has a Little Dog! – Mighty Express Music Video – PAW Patrol Official & Friends,89,1:29,7 Aug 2021,f4hLgQitru4,https://www.youtube.com/watch?v=f4hLgQitru4,
PAW Patrol Learn About Rhyming Words! - Learn With PAW Patrol Official & Friends,170,2:50,7 Aug 2021,4Wxxc5NDU1c,https://www.youtube.com/watch?v=4Wxxc5NDU1c,
PAW Patrol - Pups Save a Flying Frog! - Rescue Episode - PAW Patrol Official & Friends!,130,2:10,7 Aug 2021,VBBDCu3BKZI,https://www.youtube.com/watch?v=VBBDCu3BKZI,
PAW Patrol and Mighty Express Episodes! Cartoons for Kids Compilation 53 - PAW Patrol & Friends,1849,30:49,7 Aug 2021,XJnqpIGSso8,https://www.youtube.com/watch?v=XJnqpIGSso8,
Let It Ride! - Mighty Express Fast Tracks – PAW Patrol Official & Friends,133,2:13,7 Aug 2021,ZhTcAxm8sDk,https://www.youtube.com/watch?v=ZhTcAxm8sDk,
The Trains Go Chugging One By One! – Mighty Express Music Video – PAW Patrol Official & Friends,92,1:32,7 Aug 2021,JXBGwYbsiiI,https://www.youtube.com/watch?v=JXBGwYbsiiI,
PAW Patrol Moto Pups - Pups Save the Lighthouse Toy Pretend Play Rescue For Kids,285,4:45,7 Aug 2021,tiEEfePbUmo,https://www.youtube.com/watch?v=tiEEfePbUmo,
PAW Patrol - Pups Save a Space Alien! - Rescue Episode - PAW Patrol Official & Friends!,130,2:10,7 Aug 2021,qbDCKmd3sIg,https://www.youtube.com/watch?v=qbDCKmd3sIg,
PAW Patrol - Pups Save A Desert Flounder! - Rescue Episode - PAW Patrol Official & Friends!,130,2:10,7 Aug 2021,hkhQWrTJJR8,https://www.youtube.com/watch?v=hkhQWrTJJR8,
Farmer Flicker! – Mighty Minis! – PAW Patrol Official & Friends,226,3:46,7 Aug 2021,enIwfesnmc8,https://www.youtube.com/watch?v=enIwfesnmc8,
PAW Patrol Moto Pups - Pups Save the Soap Bandits Toy Pretend Play Rescue For Kids,354,5:54,7 Aug 2021,Zofsq5COcJI,https://www.youtube.com/watch?v=Zofsq5COcJI,
Happy And You Know It! – Mighty Express Music Video – PAW Patrol Official & Friends,104,1:44,7 Aug 2021,OaOLCkoCvWk,https://www.youtube.com/watch?v=OaOLCkoCvWk,
PAW Patrol Moto Pups - Pups Save a Mountain Chicken Toy Pretend Play Rescue For Kids,263,4:23,7 Aug 2021,Y90d-Rd1aG0,https://www.youtube.com/watch?v=Y90d-Rd1aG0,
PAW Patrol - Pups Save a Baby Dolphin! - Rescue Episode - PAW Patrol Official & Friends!,131,2:11,7 Aug 2021,i4stKxoZOgE,https://www.youtube.com/watch?v=i4stKxoZOgE,
PAW Patrol and Mighty Express Animal Rescue Episodes! Cartoons for Kids Compilation 52,1759,29:19,7 Aug 2021,gogT0ion9C8,https://www.youtube.com/watch?v=gogT0ion9C8,
Freight Nate Chases a Giant Donut! - Mighty Express Fast Tracks – PAW Patrol Official & Friends,132,2:12,7 Aug 2021,E2CfnQj5KRU,https://www.youtube.com/watch?v=E2CfnQj5KRU,
P-E-N-N-Y! – Mighty Express Music Video – PAW Patrol Official & Friends,104,1:44,7 Aug 2021,CeLmyb48lzA,https://www.youtube.com/watch?v=CeLmyb48lzA,
PAW Patrol Moto Pups - Pups Fix The Popcorn Machine Toy Pretend Play Rescue For Kids,349,5:49,7 Aug 2021,iP482AfE9k4,https://www.youtube.com/watch?v=iP482AfE9k4,
PAW Patrol - Pups Save Cap'n Turbots Missing Fish! - Rescue Episode - PAW Patrol Official & Friends!,131,2:11,7 Aug 2021,pZGavonutGw,https://www.youtube.com/watch?v=pZGavonutGw,
PAW Patrol - Pups Save Queen Cluck Cluck! - Rescue Episode - PAW Patrol Official & Friends!,130,2:10,7 Aug 2021,nvwNY2vKKWc,https://www.youtube.com/watch?v=nvwNY2vKKWc,
The Great Goat Standoff! – Mighty Minis! – PAW Patrol Official & Friends,223,3:43,7 Aug 2021,N1_7zHTOSow,https://www.youtube.com/watch?v=N1_7zHTOSow,
PAW Patrol Moto Pups - Pups Save Mayor Goodways Garden Toy Pretend Play Rescue For Kids,365,6:05,7 Aug 2021,6yp0uXGrCWo,https://www.youtube.com/watch?v=6yp0uXGrCWo,
Her Name Is Farmer Faye – Mighty Express Music Video – PAW Patrol Official & Friends,81,1:21,7 Aug 2021,pHcSBg3UXY8,https://www.youtube.com/watch?v=pHcSBg3UXY8,
PAW Patrol - Pups Save the Bake Off - Toy Episode - PAW Patrol Official & Friends,385,6:25,7 Aug 2021,PGK8pGcXgj0,https://www.youtube.com/watch?v=PGK8pGcXgj0,
PAW Patrol - Pups Save a Crashing Satellite! - Rescue Episode - PAW Patrol Official & Friends,131,2:11,7 Aug 2021,vamCAeR0Ims,https://www.youtube.com/watch?v=vamCAeR0Ims,
PAW Patrol - Pups Save a Crashing Satellite! - Rescue Episode - PAW Patrol Official & Friends!,131,2:11,7 Aug 2021,lwd3Onl_4-Q,https://www.youtube.com/watch?v=lwd3Onl_4-Q,
PAW Patrol and Mighty Express Episodes! Cartoons for Kids Compilation 51 - PAW Patrol & Friends,1898,31:38,7 Aug 2021,ohO95wWMV2o,https://www.youtube.com/watch?v=ohO95wWMV2o,
Popcorn Delivery for Movie Night! - Mighty Express Fast Tracks – PAW Patrol Official & Friends,130,2:10,7 Aug 2021,uzBunDpQmxs,https://www.youtube.com/watch?v=uzBunDpQmxs,
Nate Be Nimble – Mighty Express Music Video – PAW Patrol Official & Friends,82,1:22,7 Aug 2021,4gF3WltmztQ,https://www.youtube.com/watch?v=4gF3WltmztQ,
PAW Patrol Moto Pups - Pups Save The Rooftop - Toy Episode - PAW Patrol Official & Friends,294,4:54,7 Aug 2021,D8GGn505od0,https://www.youtube.com/watch?v=D8GGn505od0,
PAW Patrol - Pups Save Their Floating Friends! - Rescue Episode - PAW Patrol Official & Friends!,129,2:09,7 Aug 2021,uYSj89IEjp8,https://www.youtube.com/watch?v=uYSj89IEjp8,
PAW Patrol - Pups Save The Rainbow Potato! - Rescue Episode - PAW Patrol Official & Friends!,131,2:11,7 Aug 2021,UNCWsdSsxmc,https://www.youtube.com/watch?v=UNCWsdSsxmc,
Build It Brock Saves the Toppling Tower! Mighty Express Fast Tracks – PAW Patrol Official & Friends,130,2:10,7 Aug 2021,AwtQrhCUqFA,https://www.youtube.com/watch?v=AwtQrhCUqFA,
PAW Patrol - Pups Save the Boat Toy Pretend Play Rescue For Kids,306,5:06,7 Aug 2021,vqltWOIhwB0,https://www.youtube.com/watch?v=vqltWOIhwB0,
Abby Hatcher SURPRISE Birthday Party! - Abby Hatcher Episode 82 - PAW Patrol Official & Friends,127,2:07,7 Aug 2021,k-t_S-zLZek,https://www.youtube.com/watch?v=k-t_S-zLZek,
Flicker’s First Shooting Star! – Mighty Minis! – PAW Patrol Official & Friends,223,3:43,7 Aug 2021,foRq-URrycE,https://www.youtube.com/watch?v=foRq-URrycE,
PAW Patrol - Pups Save The Mayor's Statue! - Rescue Episode - PAW Patrol Official & Friends!,114,1:54,7 Aug 2021,Vh62zjYwfSY,https://www.youtube.com/watch?v=Vh62zjYwfSY,
PAW Patrol - Pups Save The Mural! - Rescue Episode - PAW Patrol Official & Friends!,130,2:10,7 Aug 2021,rell7DaTxHs,https://www.youtube.com/watch?v=rell7DaTxHs,
Liza’s Drum Kit Gets Stolen By Goats! – Mighty Express Fast Tracks – PAW Patrol Official & Friends,135,2:15,7 Aug 2021,rDxNtg5CZfM,https://www.youtube.com/watch?v=rDxNtg5CZfM,
PAW Patrol - Pups Save The Chickens Toy Pretend Play Rescue For Kids,321,5:21,7 Aug 2021,SvTJCcLRTDo,https://www.youtube.com/watch?v=SvTJCcLRTDo,
Mo and Bo’s Road Trip! - Abby Hatcher Episode 81 - PAW Patrol Official & Friends,127,2:07,7 Aug 2021,6P4MG1f7Hmw,https://www.youtube.com/watch?v=6P4MG1f7Hmw,
PAW Patrol - Pups Save Danny X and the PAW Patroller - Rescue Episode PAW Patrol Official & Friends!,131,2:11,7 Aug 2021,XE7YhZNSj48,https://www.youtube.com/watch?v=XE7YhZNSj48,
PAW Patrol - Pups Save Rusty the Horse! - Rescue Episode - PAW Patrol Official & Friends!,131,2:11,7 Aug 2021,Dy5jw8jbw0Q,https://www.youtube.com/watch?v=Dy5jw8jbw0Q,
PAW Patrol Moto Pups - Pups Save The Derby Toy Pretend Play Rescue For Kids,336,5:36,7 Aug 2021,t-c5QF-Q0JQ,https://www.youtube.com/watch?v=t-c5QF-Q0JQ,
Abby Meets the Blossom Band! - Abby Hatcher Episode 80 - PAW Patrol Official & Friends,131,2:11,7 Aug 2021,ArmubIYQSe0,https://www.youtube.com/watch?v=ArmubIYQSe0,
PAW Patrol Learn About Recycling with Rocky! - Learn With PAW Patrol Official & Friends,112,1:52,7 Aug 2021,PrnVUfPb0lw,https://www.youtube.com/watch?v=PrnVUfPb0lw,
PAW Patrol - Pups Fix the Train Tracks! - Rescue Episode - PAW Patrol Official & Friends!,131,2:11,7 Aug 2021,AY7EwLZjyIY,https://www.youtube.com/watch?v=AY7EwLZjyIY,
PAW Patrol - Pups Save the Marooned Mayors! - Rescue Episode - PAW Patrol Official & Friends!,131,2:11,7 Aug 2021,GzXBxlQ3ris,https://www.youtube.com/watch?v=GzXBxlQ3ris,
PAW Patrol Moto Pups - Pups Save The Concert Toy Pretend Play Rescue For Kids,313,5:13,7 Aug 2021,LKuc70neYts,https://www.youtube.com/watch?v=LKuc70neYts,
Mo and Bo Enter an Art Show! - Abby Hatcher Episode 79 - PAW Patrol Official & Friends,130,2:10,7 Aug 2021,TrdNHavSkx0,https://www.youtube.com/watch?v=TrdNHavSkx0,
PAW Patrol Learn Matching Colors and Animals! - Learn With PAW Patrol Official & Friends,169,2:49,7 Aug 2021,HqZ4XXQeVu0,https://www.youtube.com/watch?v=HqZ4XXQeVu0,
PAW Patrol - Pups Save a Giant Plant! - Rescue Episode - PAW Patrol Official & Friends!,127,2:07,7 Aug 2021,6ulXNUOKE2Q,https://www.youtube.com/watch?v=6ulXNUOKE2Q,
PAW Patrol Dino Rescue Mini Episode! - Pups Save a DINO Birthday! - PAW Patrol Official & Friends,314,5:14,7 Aug 2021,gNU5X6pSJbo,https://www.youtube.com/watch?v=gNU5X6pSJbo,
"Abby Hatcher Cartoons, Toys, and Pretend Play Compilation 12 - PAW Patrol Official & Friends",1089,18:09,7 Aug 2021,kIaOHuSX968,https://www.youtube.com/watch?v=kIaOHuSX968,
PAW Patrol - Pups Fix The Castle Toy Pretend Play Rescue For Kids,299,4:59,7 Aug 2021,4VHdBPsoizo,https://www.youtube.com/watch?v=4VHdBPsoizo,
Princess Flug's Ski Adventure! - Abby Hatcher Episode 78 - PAW Patrol Official & Friends,128,2:08,7 Aug 2021,KVfQIdMyfvs,https://www.youtube.com/watch?v=KVfQIdMyfvs,
MEGA Skye Toy Haul Collection - Unboxing Everything Skye! PAW Patrol Official & Friends,89,1:29,7 Aug 2021,Ej6nlAFrh10,https://www.youtube.com/watch?v=Ej6nlAFrh10,
PAW Patrol - Pups Save Ace's Plane! - Rescue Episode - PAW Patrol Official & Friends!,131,2:11,7 Aug 2021,GmLxAgchsdc,https://www.youtube.com/watch?v=GmLxAgchsdc,
PAW Patrol - Pups Save Carlos from a Jungle Gym! - Rescue Episode - PAW Patrol Official & Friends!,126,2:06,7 Aug 2021,s82DdkUH29E,https://www.youtube.com/watch?v=s82DdkUH29E,
"Abby Hatcher Cartoons, Toys, and Pretend Play Compilation 11 - PAW Patrol Official & Friends",1109,18:29,7 Aug 2021,36aIZij-NiA,https://www.youtube.com/watch?v=36aIZij-NiA,
PAW Patrol - Pups Save Mayor Goodway’s Ice Cream Toy Pretend Play Rescue For Kids,345,5:45,7 Aug 2021,QSIVgYevvRw,https://www.youtube.com/watch?v=QSIVgYevvRw,
Sleep Over with Melvin! - Abby Hatcher Episode 77 - PAW Patrol Official & Friends,130,2:10,7 Aug 2021,KMYuZ2Fmt-s,https://www.youtube.com/watch?v=KMYuZ2Fmt-s,
PAW Patrol and Mighty Express Save the Popstar Piggies! Mashup Episode #1 PAW Patrol & Friends,131,2:11,7 Aug 2021,Q0unOAG6O_I,https://www.youtube.com/watch?v=Q0unOAG6O_I,
MEGA Marshall Toy Haul Collection - Unboxing Everything Marshall! PAW Patrol Official & Friends,158,2:38,7 Aug 2021,RIVJYY58n38,https://www.youtube.com/watch?v=RIVJYY58n38,
PAW Patrol - Pups Save the Gliding Turbots - Rescue Episode - PAW Patrol Official & Friends!,129,2:09,7 Aug 2021,dguj-yAO0R0,https://www.youtube.com/watch?v=dguj-yAO0R0,
PAW Patrol Dino Rescue Mini Episode! - Pups Save the Baby Raptors! - PAW Patrol Official & Friends,314,5:14,7 Aug 2021,6Edygcx_rfI,https://www.youtube.com/watch?v=6Edygcx_rfI,
Learn Counting with the PAW Patrol! - PAW Patrol Official & Friends,247,4:07,7 Aug 2021,PWJQubIpS4M,https://www.youtube.com/watch?v=PWJQubIpS4M,
"Abby Hatcher Cartoons, Toys, and Pretend Play Compilation 10 - PAW Patrol Official & Friends",1102,18:22,7 Aug 2021,LN_FmM51Eu0,https://www.youtube.com/watch?v=LN_FmM51Eu0,
PAW Patrol - Pups Save The Stargazers Toy Pretend Play Rescue For Kids,258,4:18,7 Aug 2021,pM-QVjEmW2I,https://www.youtube.com/watch?v=pM-QVjEmW2I,
Fuzzly Safety Drill - Abby Hatcher Episode 76 - PAW Patrol Official & Friends,130,2:10,7 Aug 2021,pLHOQbSuMnI,https://www.youtube.com/watch?v=pLHOQbSuMnI,
MEGA Chase Toy Haul Collection - Unboxing Everything Chase! PAW Patrol Official & Friends,88,1:28,7 Aug 2021,pZoJ7-MP-m4,https://www.youtube.com/watch?v=pZoJ7-MP-m4,
PAW Patrol - Pups Free the Penguins! - Rescue Episode - PAW Patrol Official & Friends!,131,2:11,7 Aug 2021,ewiz9nsum9M,https://www.youtube.com/watch?v=ewiz9nsum9M,
PAW Patrol - Pups Save a Rocket Roller Skater! - Rescue Episode - PAW Patrol Official & Friends!,124,2:04,7 Aug 2021,IYLMD7Vk8aQ,https://www.youtube.com/watch?v=IYLMD7Vk8aQ,
"Abby Hatcher Cartoons, Toys, and Pretend Play Compilation 9 - PAW Patrol Official & Friends",1103,18:23,7 Aug 2021,dBjBuXbpGww,https://www.youtube.com/watch?v=dBjBuXbpGww,
PAW Patrol - Pups Solve a Cake Mystery Toy Pretend Play Rescue For Kids,253,4:13,7 Aug 2021,mUerHA_U3-E,https://www.youtube.com/watch?v=mUerHA_U3-E,
Hotel Work for Mo and Bo! - Abby Hatcher Episode 75 - PAW Patrol Official & Friends,131,2:11,7 Aug 2021,0foVR_J9ryA,https://www.youtube.com/watch?v=0foVR_J9ryA,
Runaway Beach Balls! – Mighty Express Fast Tracks – PAW Patrol Official & Friends,130,2:10,7 Aug 2021,7KUk7fOFIX8,https://www.youtube.com/watch?v=7KUk7fOFIX8,
PAW Patrol - Pups Free the Turbots! - Rescue Episode - PAW Patrol Official & Friends!,131,2:11,7 Aug 2021,n2jEU-s8yhg,https://www.youtube.com/watch?v=n2jEU-s8yhg,
PAW Patrol Dino Rescue Mini Episode! - Pups Rescue a Dino Egg - PAW Patrol Official & Friends,314,5:14,7 Aug 2021,6hRcM1IMRcA,https://www.youtube.com/watch?v=6hRcM1IMRcA,
In Tracksville There Was A Farm – Mighty Express Music Video – PAW Patrol Official & Friends,120,2:00,7 Aug 2021,c6zN3t-oHGg,https://www.youtube.com/watch?v=c6zN3t-oHGg,
PAW Patrol Learn Recycling Crafts with Rocky! - PAW Patrol Official & Friends,434,7:14,7 Aug 2021,tKRJjhmwZCM,https://www.youtube.com/watch?v=tKRJjhmwZCM,
PAW Patrol - Pups Save The Clubhouse Toy Pretend Play Rescue For Kids,362,6:02,7 Aug 2021,lnXg9av1kCQ,https://www.youtube.com/watch?v=lnXg9av1kCQ,
Mo and Bo’s Road Trip! - Abby Hatcher Episode 74 - PAW Patrol Official & Friends,130,2:10,7 Aug 2021,R3VHHyEyVDI,https://www.youtube.com/watch?v=R3VHHyEyVDI,
PAW Patrol - Pups Save a Bah Humdinger! - Rescue Episode - PAW Patrol Official & Friends!,130,2:10,7 Aug 2021,DUBKs36Qc0w,https://www.youtube.com/watch?v=DUBKs36Qc0w,
PAW Patrol - Pups Save A Tree Toy Pretend Play Rescue For Kids,338,5:38,7 Aug 2021,l-P34vSAFMY,https://www.youtube.com/watch?v=l-P34vSAFMY,
Introducing Mechanic Milo! – Meet the Mighty Express Characters – PAW Patrol Official & Friends,74,1:14,7 Aug 2021,GegWsjhPaJ8,https://www.youtube.com/watch?v=GegWsjhPaJ8,
PAW Patrol Moto Pups Moto HQ - How To Build & Play - PAW Patrol Official & Friends,145,2:25,7 Aug 2021,L5V2GDAMscw,https://www.youtube.com/watch?v=L5V2GDAMscw,
PAW Patrol Moto Pups Deluxe Vehicle How To! - PAW Patrol Official & Friends,89,1:29,7 Aug 2021,sEOB7mGmtjg,https://www.youtube.com/watch?v=sEOB7mGmtjg,
PAW Patrol Dino Rescue Mini Episode! - Pups Save a Baby Stegosaurus - PAW Patrol Official & Friends,314,5:14,7 Aug 2021,RLxGcCtCC8E,https://www.youtube.com/watch?v=RLxGcCtCC8E,
Abby's Best Beach Day! - Abby Hatcher Episode 73 - PAW Patrol Official & Friends,127,2:07,7 Aug 2021,-a34CF0b7hU,https://www.youtube.com/watch?v=-a34CF0b7hU,
"Abby Hatcher Cartoons, Toys, and Pretend Play Compilation 8 - PAW Patrol Official & Friends",938,15:38,7 Aug 2021,3AJVH6w5f6E,https://www.youtube.com/watch?v=3AJVH6w5f6E,
A Mighty Express Christmas! – Mighty Express Fast Tracks – PAW Patrol Official & Friends,135,2:15,7 Aug 2021,rsitU2Ug_x4,https://www.youtube.com/watch?v=rsitU2Ug_x4,
PAW Patrol Learn About Dinosaurs! - Learn with PAW Patrol,215,3:35,7 Aug 2021,eoKGXVQThIc,https://www.youtube.com/watch?v=eoKGXVQThIc,
Abby's Splizzacular CHRISTMAS! - Abby Hatcher Episode 72 - PAW Patrol Official & Friends,130,2:10,7 Aug 2021,n6zxSBAQoNA,https://www.youtube.com/watch?v=n6zxSBAQoNA,
PAW Patrol Dino Rescue Mini Episode! - Pups Save a Dino Christmas - PAW Patrol Official & Friends,314,5:14,7 Aug 2021,T0zda7zpes0,https://www.youtube.com/watch?v=T0zda7zpes0,
MEGA Superheroes Toy Haul Collection Unboxing Everything Superheroes! PAW Patrol Official & Friends,168,2:48,7 Aug 2021,JUDzUU0CBWs,https://www.youtube.com/watch?v=JUDzUU0CBWs,
Color with PAW Patrol – Let's Color Dinosaurs! - PAW Patrol Official & Friends,662,11:02,7 Aug 2021,sCiaCMAXwKQ,https://www.youtube.com/watch?v=sCiaCMAXwKQ,
"Abby Hatcher Cartoons, Toys, and Pretend Play Compilation 7 - PAW Patrol Official & Friends",1155,19:15,7 Aug 2021,k2bO4zY4Mic,https://www.youtube.com/watch?v=k2bO4zY4Mic,
PAW Patrol - Pups Save A Treasure Hunt Toy Pretend Play Rescue For Kids,331,5:31,7 Aug 2021,c2s-42yCzpk,https://www.youtube.com/watch?v=c2s-42yCzpk,
Super Nate! – Mighty Express Fast Tracks – PAW Patrol Official & Friends,135,2:15,7 Aug 2021,BbwegGM54dk,https://www.youtube.com/watch?v=BbwegGM54dk,
PAW Patrol Rocky’s Re-use It Truck - How To Play - PAW Patrol Official & Friends,113,1:53,7 Aug 2021,_Q39ZZ9j558,https://www.youtube.com/watch?v=_Q39ZZ9j558,
MEGA Dino Rescue Toy Haul Collection - Unboxing all the dinos! - PAW Patrol Official & Friends,247,4:07,7 Aug 2021,YowGcDR9W3w,https://www.youtube.com/watch?v=YowGcDR9W3w,
PAW Patrol Dino Rescue Mini Episode! Pups Save a Tromping Triceratops PAW Patrol Official & Friends,314,5:14,7 Aug 2021,S-lkBBl-KG4,https://www.youtube.com/watch?v=S-lkBBl-KG4,
Introducing Freight Nate! – Meet the Mighty Express Characters – PAW Patrol Official & Friends,92,1:32,7 Aug 2021,OCsR6n1AL-k,https://www.youtube.com/watch?v=OCsR6n1AL-k,
PAW Patrol Holiday Song! - Christmas for Kids,81,1:21,7 Aug 2021,Qk0uSSyVG0U,https://www.youtube.com/watch?v=Qk0uSSyVG0U,
PAW Patrol & Abby Hatcher - Compilation #50 - PAW Patrol Official & Friends,1524,25:24,7 Aug 2021,o2-aClWOpMY,https://www.youtube.com/watch?v=o2-aClWOpMY,
Color with PAW Patrol – HAPPY HOLIDAYS! - PAW Patrol Official & Friends,686,11:26,7 Aug 2021,77iANzSyXmc,https://www.youtube.com/watch?v=77iANzSyXmc,
PAW Patrol True Metal Chase Rescue Set How To Play - PAW Patrol Official & Friends,110,1:50,7 Aug 2021,bvMIqobYDV0,https://www.youtube.com/watch?v=bvMIqobYDV0,
PAW Patrol - Pups Save A Movie Toy Pretend Play Rescue For Kids,258,4:18,7 Aug 2021,QZ8gzXCHoHE,https://www.youtube.com/watch?v=QZ8gzXCHoHE,
Bat Cave Tunnel – Mighty Express Episodes – PAW Patrol Official & Friends,135,2:15,7 Aug 2021,9LcN2rD9Xmo,https://www.youtube.com/watch?v=9LcN2rD9Xmo,
The Great Nate Chase! – Mighty Express Fast Tracks – PAW Patrol Official & Friends,135,2:15,7 Aug 2021,VtvK3Tki9KM,https://www.youtube.com/watch?v=VtvK3Tki9KM,
PAW Patrol - Pups Save the Turbots! - Rescue Episode - PAW Patrol Official & Friends!,131,2:11,7 Aug 2021,t8dkeysjPvc,https://www.youtube.com/watch?v=t8dkeysjPvc,
Abby Hatcher - Episode 71 - Judge Thorn's Favorite Things! - PAW Patrol Official & Friends,130,2:10,7 Aug 2021,Gt1IEY926Xg,https://www.youtube.com/watch?v=Gt1IEY926Xg,
PAW Patrol - Pups Save A Hike Toy Pretend Play Rescue For Kids,357,5:57,7 Aug 2021,3sa2m-tTREY,https://www.youtube.com/watch?v=3sa2m-tTREY,
"Abby Hatcher Cartoons, Toys, and Pretend Play Compilation 6 - PAW Patrol Official & Friends",1176,19:36,7 Aug 2021,qQiG1ZX3TCg,https://www.youtube.com/watch?v=qQiG1ZX3TCg,
PAW Patrol - Pups Save A Magic Show Toy Pretend Play Rescue For Kids,318,5:18,7 Aug 2021,t82olhs0WmU,https://www.youtube.com/watch?v=t82olhs0WmU,
PAW Patrol Learn About Environments! - Learn with PAW Patrol,289,4:49,7 Aug 2021,DfJzCQzqXTA,https://www.youtube.com/watch?v=DfJzCQzqXTA,
PAW Patrol - Pups Save the Baby Stegosaurus! - Rescue Episode - PAW Patrol Official & Friends!,131,2:11,7 Aug 2021,3M20EuqHUMU,https://www.youtube.com/watch?v=3M20EuqHUMU,
"Coloring Abby Hatcher, Bozzly and Teeny Terry! - Learn Coloring with Abby Hatcher!",276,4:36,7 Aug 2021,VzwTvkTfGsw,https://www.youtube.com/watch?v=VzwTvkTfGsw,
PAW Patrol & Abby Hatcher - Compilation #49 - PAW Patrol Official & Friends,1506,25:06,7 Aug 2021,RH53vNvggY0,https://www.youtube.com/watch?v=RH53vNvggY0,
Abby Hatcher Sound Found! Toy Pretend Play - PAW Patrol Official & Friends,288,4:48,7 Aug 2021,V7VO8aPlWhY,https://www.youtube.com/watch?v=V7VO8aPlWhY,
PAW Patrol - Pups Save A Grumpy Stegosaurus Toy Pretend Play Rescue For Kids,301,5:01,7 Aug 2021,pEhbiqs_t1w,https://www.youtube.com/watch?v=pEhbiqs_t1w,
PAW Patrol - Pups Save an Eagle’s Nest Toy Pretend Play Rescue For Kids,271,4:31,7 Aug 2021,TeKPieLrZPQ,https://www.youtube.com/watch?v=TeKPieLrZPQ,
PAW Patrol - Pups Save the Bubble Monkeys! - Rescue Episode - PAW Patrol Official & Friends!,131,2:11,7 Aug 2021,Dxv9AgvkgfM,https://www.youtube.com/watch?v=Dxv9AgvkgfM,
PAW Patrol - Parroting Pups - Rescue Episode - PAW Patrol Official & Friends!,131,2:11,7 Aug 2021,_q_uKyFhmgM,https://www.youtube.com/watch?v=_q_uKyFhmgM,
Abby Hatcher - Episode 70 - New Elevator Operator! - PAW Patrol Official & Friends,136,2:16,7 Aug 2021,wV77btnIuxU,https://www.youtube.com/watch?v=wV77btnIuxU,
Hot Dads Review: Paw Patrol Adventure Bay Rescue Way - Hot Dads Review Hot Toys,117,1:57,7 Aug 2021,O8uGE9ciaFY,https://www.youtube.com/watch?v=O8uGE9ciaFY,
Abby Hatcher Cartoons and Music Video! #6 - PAW Patrol Official & Friends,1176,19:36,7 Aug 2021,XGrTTpxB25Q,https://www.youtube.com/watch?v=XGrTTpxB25Q,
PAW Patrol - Pups Save a Dino Babysitter Toy Pretend Play Rescue For Kids,307,5:07,7 Aug 2021,nqyYYCPVK3M,https://www.youtube.com/watch?v=nqyYYCPVK3M,
Abby Hatcher Fuzzly Camping Trip! - All About Abby Episode 22 - PAW Patrol & Friends,261,4:21,7 Aug 2021,Pq4ndt57U5o,https://www.youtube.com/watch?v=Pq4ndt57U5o,
PAW Patrol - Pups Save Election Day - Rescue Episode - PAW Patrol Official & Friends!,130,2:10,7 Aug 2021,LmVe0UQJ6Es,https://www.youtube.com/watch?v=LmVe0UQJ6Es,
PAW Patrol - Pups and a Whale of a Tale! - Rescue Episode - PAW Patrol Official & Friends!,130,2:10,7 Aug 2021,DrPhl2wNlcU,https://www.youtube.com/watch?v=DrPhl2wNlcU,
PAW Patrol & Abby Hatcher - Compilation #48 - PAW Patrol Official & Friends,1481,24:41,7 Aug 2021,L0TvLF4R90Q,https://www.youtube.com/watch?v=L0TvLF4R90Q,
Abby Hatcher Splizzacular Sports Day! Toy Pretend Play - PAW Patrol Official & Friends,192,3:12,7 Aug 2021,SM2Y9pKUYYM,https://www.youtube.com/watch?v=SM2Y9pKUYYM,
PAW Patrol - Pups and the Hedge Maze Toy Pretend Play Rescue For Kids,325,5:25,7 Aug 2021,xyEvXVqokoM,https://www.youtube.com/watch?v=xyEvXVqokoM,
PAW Patrol - Pups Save a Royal Tea Party Toy Pretend Play Rescue For Kids,328,5:28,7 Aug 2021,vLmHpSG0igU,https://www.youtube.com/watch?v=vLmHpSG0igU,
PAW Patrol Learn Your ABCs – A is for Adventure Bay - Learn with PAW Patrol,167,2:47,7 Aug 2021,Qg6SBMWnsqk,https://www.youtube.com/watch?v=Qg6SBMWnsqk,
Abby Hatcher Fuzzly Fashion Show & Freeze Game! - All About Abby Episode 21 - PAW Patrol & Friends,272,4:32,7 Aug 2021,K5_EdQ2cimE,https://www.youtube.com/watch?v=K5_EdQ2cimE,
PAW Patrol - Pups Save Uncle Otis from his Cabin - Rescue Episode - PAW Patrol Official & Friends!,131,2:11,7 Aug 2021,nMn_Rf4oMLw,https://www.youtube.com/watch?v=nMn_Rf4oMLw,
PAW Patrol - Pups Save a Robo-Saurus - Rescue Episode - PAW Patrol Official & Friends!,131,2:11,7 Aug 2021,6MnVZ08dGXY,https://www.youtube.com/watch?v=6MnVZ08dGXY,
"Abby Hatcher Cartoons, Toys, and Pretend Play Compilation 5 - PAW Patrol Official & Friends",1176,19:36,7 Aug 2021,mIj7KOsc6-4,https://www.youtube.com/watch?v=mIj7KOsc6-4,
Abby Hatcher - Episode 69 - Two Fix-it Fuzzlies! - PAW Patrol Official & Friends,127,2:07,7 Aug 2021,JNYUOoN7W34,https://www.youtube.com/watch?v=JNYUOoN7W34,
PAW Patrol - Pups Play Hide and Seek Toy Pretend Play Rescue For Kids,346,5:46,7 Aug 2021,uL4vJQFX9sc,https://www.youtube.com/watch?v=uL4vJQFX9sc,
PAW Patrol - Pups and the Robot Assistants Toy Pretend Play Rescue For Kids,357,5:57,7 Aug 2021,Jrew8zkcKt0,https://www.youtube.com/watch?v=Jrew8zkcKt0,
Abby Hatcher SO Many Questions With Bozzly! - All About Abby Episode 20 - PAW Patrol & Friends,176,2:56,7 Aug 2021,yP-iGYa6oBk,https://www.youtube.com/watch?v=yP-iGYa6oBk,
PAW Patrol Learn about Dog Breeds! - Learn with PAW Patrol - PAW Patrol Official & Friends,129,2:09,7 Aug 2021,3O4TIRxMw0k,https://www.youtube.com/watch?v=3O4TIRxMw0k,
PAW Patrol - Pups Save Uncle Otis - Rescue Episode - PAW Patrol Official & Friends!,130,2:10,7 Aug 2021,Zw-6E0-pCn8,https://www.youtube.com/watch?v=Zw-6E0-pCn8,
PAW Patrol - Pups Save a Skunk - Rescue Episode - PAW Patrol Official & Friends!,131,2:11,7 Aug 2021,S9rYQzvgY7I,https://www.youtube.com/watch?v=S9rYQzvgY7I,
PAW Patrol & Abby Hatcher - Compilation #47 - PAW Patrol Official & Friends,1276,21:16,7 Aug 2021,cxKoMG1Qsac,https://www.youtube.com/watch?v=cxKoMG1Qsac,
Abby Hatcher Jungle Lobby! Toy Pretend Play - PAW Patrol Official & Friends,197,3:17,7 Aug 2021,jCg2nMMO6lI,https://www.youtube.com/watch?v=jCg2nMMO6lI,
PAW Patrol - Pups Save the Dino Fair Toy Pretend Play Rescue For Kids,336,5:36,7 Aug 2021,L1mrDzKXmNg,https://www.youtube.com/watch?v=L1mrDzKXmNg,
PAW Patrol - Pups Save The Monkeys Toy Pretend Play Rescue For Kids,278,4:38,7 Aug 2021,LfhQSv3YXDc,https://www.youtube.com/watch?v=LfhQSv3YXDc,
Abby Hatcher Splizzacular Silly Story! - All About Abby Episode 19 - PAW Patrol & Friends,288,4:48,7 Aug 2021,lKvk5SkNeds,https://www.youtube.com/watch?v=lKvk5SkNeds,
PAW Patrol - Pups Save the Key to the City - Rescue Episode - PAW Patrol Official & Friends!,130,2:10,7 Aug 2021,Yjn42DbTu0E,https://www.youtube.com/watch?v=Yjn42DbTu0E,
PAW Patrol - Pups Save a Space Toy - Rescue Episode - PAW Patrol Official & Friends!,130,2:10,7 Aug 2021,JEKCT58AwV8,https://www.youtube.com/watch?v=JEKCT58AwV8,
Color with PAW Patrol – HAPPY HALLOWEEN! - PAW Patrol Official & Friends,310,5:10,7 Aug 2021,QRRbI8vgN3w,https://www.youtube.com/watch?v=QRRbI8vgN3w,
Abby Hatcher HAPPY HALLOWEEN! - Episode 68 - Fuzzly Costume Ball - PAW Patrol Official & Friends,130,2:10,7 Aug 2021,AoT9ak-9ql4,https://www.youtube.com/watch?v=AoT9ak-9ql4,
"Abby Hatcher Cartoons, Toys, and Pretend Play Compilation 4 - PAW Patrol Official & Friends",1236,20:36,7 Aug 2021,EXU1EKyYdqo,https://www.youtube.com/watch?v=EXU1EKyYdqo,
NEW: Sago Mini Box｜Creative make-and-play subscription box,299,4:59,7 Aug 2021,ir38PDjQt4Q,https://www.youtube.com/watch?v=ir38PDjQt4Q,
PAW Patrol - Pups Save a Rolling Dino Egg - Toy Episode - PAW Patrol Official & Friends,246,4:06,7 Aug 2021,WhJOOIuc-3k,https://www.youtube.com/watch?v=WhJOOIuc-3k,
Abby Hatcher Cartoon Marathon Fuzzly Party! - All About Abby Episode 18 - PAW Patrol & Friends,246,4:06,7 Aug 2021,tyrTw0DWEgk,https://www.youtube.com/watch?v=tyrTw0DWEgk,
PAW Patrol - Pups Save Alex & the Mini Patrol - Rescue Episode - PAW Patrol Official & Friends!,130,2:10,7 Aug 2021,g7Hz847CNrE,https://www.youtube.com/watch?v=g7Hz847CNrE,
PAW Patrol - Pups Get Growing - Rescue Episode - PAW Patrol Official & Friends!,131,2:11,7 Aug 2021,Qm5fzPJPtl0,https://www.youtube.com/watch?v=Qm5fzPJPtl0,
PAW Patrol & Abby Hatcher - Compilation #46 - PAW Patrol Official & Friends,1355,22:35,7 Aug 2021,X53qrnqLPA4,https://www.youtube.com/watch?v=X53qrnqLPA4,
Abby Hatcher Sticky Statues! Toy Pretend Play - PAW Patrol Official & Friends,282,4:42,7 Aug 2021,XNgMEYbtSJU,https://www.youtube.com/watch?v=XNgMEYbtSJU,
PAW Patrol - Pups Save a Dino from a Volcano Toy Pretend Play Rescue For Kids,220,3:40,7 Aug 2021,cK3eA-KJ_Hw,https://www.youtube.com/watch?v=cK3eA-KJ_Hw,
PAW Patrol - Pups Save the Stampeding Dinos Toy Pretend Play Rescue For Kids,305,5:05,7 Aug 2021,QwLUTWftzLI,https://www.youtube.com/watch?v=QwLUTWftzLI,
"Color with PAW Patrol – Can't Now, Saving Dinosaurs! - PAW Patrol Official & Friends",326,5:26,7 Aug 2021,-9MpUS1IPJ8,https://www.youtube.com/watch?v=-9MpUS1IPJ8,
Color with PAW Patrol – Meet Rex - PAW Patrol Official & Friends,301,5:01,7 Aug 2021,_w_HkYZr1jY,https://www.youtube.com/watch?v=_w_HkYZr1jY,
Abby Hatcher DIY Friendship Bracelets! - All About Abby Episode 17 - PAW Patrol & Friends,281,4:41,7 Aug 2021,QDqM-tGofsU,https://www.youtube.com/watch?v=QDqM-tGofsU,
Abby Hatcher - Episode 67 - Abby’s Perfect Sport - PAW Patrol Official & Friends,130,2:10,7 Aug 2021,ZICA-v03zC0,https://www.youtube.com/watch?v=ZICA-v03zC0,
PAW Patrol - Marshall Ultimate Fire Rescue Set How To Play - PAW Patrol Official & Friends,92,1:32,7 Aug 2021,YZIwrVowjJk,https://www.youtube.com/watch?v=YZIwrVowjJk,
"Abby Hatcher Cartoons, Toys, and Pretend Play Compilation 3 - PAW Patrol Official & Friends",1143,19:03,7 Aug 2021,5YZsO13J7TM,https://www.youtube.com/watch?v=5YZsO13J7TM,
PAW Patrol - Pups Save a Sleepwalking Dino Toy Pretend Play Rescue For Kids,359,5:59,7 Aug 2021,wWVmL-s-Nw8,https://www.youtube.com/watch?v=wWVmL-s-Nw8,
Abby Hatcher Action Packed Story! - All About Abby Episode 16 - PAW Patrol & Friends,309,5:09,7 Aug 2021,bymTCdeWCys,https://www.youtube.com/watch?v=bymTCdeWCys,
PAW Patrol - Pups Save a Windsurfing Pig - Rescue Episode - PAW Patrol Official & Friends!,129,2:09,7 Aug 2021,5Z9rPv5IpLo,https://www.youtube.com/watch?v=5Z9rPv5IpLo,
PAW Patrol - Pups Save the Skydivers - Rescue Episode - PAW Patrol Official & Friends!,130,2:10,7 Aug 2021,k4IY7-J1MnY,https://www.youtube.com/watch?v=k4IY7-J1MnY,
PAW Patrol & Abby Hatcher - Compilation #45 - PAW Patrol Official & Friends,1313,21:53,7 Aug 2021,T4-txfmHNlQ,https://www.youtube.com/watch?v=T4-txfmHNlQ,
PAW Patrol Dino Volcano Playset Unboxing and How To Play - PAW Patrol Official & Friends,109,1:49,7 Aug 2021,5WWpzqX_i_s,https://www.youtube.com/watch?v=5WWpzqX_i_s,
"Abby Hatcher Bake, Bite, BIG! Toy Pretend Play - PAW Patrol Official & Friends",216,3:36,7 Aug 2021,q0lgndc2gSI,https://www.youtube.com/watch?v=q0lgndc2gSI,
PAW Patrol - Rex Deluxe Vehicle How To Play - PAW Patrol Official & Friends,86,1:26,7 Aug 2021,4mgwORGVtIM,https://www.youtube.com/watch?v=4mgwORGVtIM,
PAW Patrol Learn Colors! All the Colors of Adventure Bay - Learn with PAW Patrol,114,1:54,7 Aug 2021,D0IJeQvX-pg,https://www.youtube.com/watch?v=D0IJeQvX-pg,
PAW Patrol - Pups Save the Summer Fair Toy Pretend Play Rescue For Kids,328,5:28,7 Aug 2021,1Jsk_2q-hi0,https://www.youtube.com/watch?v=1Jsk_2q-hi0,
Abby Hatcher SO Many Questions with Chef Jeff! - All About Abby Episode 15 - PAW Patrol & Friends,183,3:03,7 Aug 2021,ZGaYfoJnhEg,https://www.youtube.com/watch?v=ZGaYfoJnhEg,
PAW Patrol - Pups in a Jam - Rescue Episode - PAW Patrol Official & Friends!,131,2:11,7 Aug 2021,wdv57Zwf24o,https://www.youtube.com/watch?v=wdv57Zwf24o,
PAW Patrol - Pups Save a Soapbox Derby - Rescue Episode - PAW Patrol Official & Friends!,130,2:10,7 Aug 2021,gucAprBq2gE,https://www.youtube.com/watch?v=gucAprBq2gE,
PAW Patrol - Pups Save a Bridge Toy Pretend Play Rescue For Kids,301,5:01,7 Aug 2021,_jE4g8TuRPI,https://www.youtube.com/watch?v=_jE4g8TuRPI,
Abby Hatcher - Episode 66 - Teeny Terry’s Teeny Sport - PAW Patrol Official & Friends,130,2:10,7 Aug 2021,WI6IAcZQNOM,https://www.youtube.com/watch?v=WI6IAcZQNOM,
PAW Patrol - Pups Save Alex from the Dino Cave Toy Pretend Play Rescue For Kids,276,4:36,7 Aug 2021,xxD57NQbmPU,https://www.youtube.com/watch?v=xxD57NQbmPU,
"Abby Hatcher Cartoons, Toys, and Pretend Play Compilation 2 - PAW Patrol Official & Friends",1147,19:07,7 Aug 2021,3F8MgFJA4TQ,https://www.youtube.com/watch?v=3F8MgFJA4TQ,
PAW Patrol - Ultimate Police Cruiser - How To Play,105,1:45,7 Aug 2021,z4Mln6vsEO4,https://www.youtube.com/watch?v=z4Mln6vsEO4,
PAW Patrol - Pups Save a Lost Teddy Bear Toy Pretend Play Rescue For Kids,329,5:29,7 Aug 2021,szayNqoN_cE,https://www.youtube.com/watch?v=szayNqoN_cE,
Abby Hatcher Spot The Difference! - All About Abby Episode 14 - PAW Patrol Official & Friends,248,4:08,7 Aug 2021,37veJ9SFRP4,https://www.youtube.com/watch?v=37veJ9SFRP4,
PAW Patrol - Pups Save Sports Day - Rescue Episode - PAW Patrol Official & Friends!,131,2:11,7 Aug 2021,W9vzGZO5JrE,https://www.youtube.com/watch?v=W9vzGZO5JrE,
PAW Patrol - Pups Save the Big Bad Bird Crew - Rescue Episode - PAW Patrol Official & Friends!,130,2:10,7 Aug 2021,4VpjgzORVG8,https://www.youtube.com/watch?v=4VpjgzORVG8,
Abby Hatcher Cartoons and Music Video! #5 - PAW Patrol Official & Friends,677,11:17,7 Aug 2021,eCVAt2SpEv0,https://www.youtube.com/watch?v=eCVAt2SpEv0,
PAW Patrol & Abby Hatcher - Compilation #44 - PAW Patrol Official & Friends,1308,21:48,7 Aug 2021,qJlIDet-9S8,https://www.youtube.com/watch?v=qJlIDet-9S8,
PAW Patrol - Pups Save a Waterfall Toy Pretend Play Rescue For Kids,272,4:32,7 Aug 2021,LYOakEQpu88,https://www.youtube.com/watch?v=LYOakEQpu88,
"Abby Hatcher Cartoons, Toys, and Pretend Play Compilation 1 - PAW Patrol Official & Friends",1116,18:36,7 Aug 2021,feI_BdWdFUI,https://www.youtube.com/watch?v=feI_BdWdFUI,
Abby Hatcher Dance Lesson! - All About Abby Episode 13 - PAW Patrol Official & Friends,247,4:07,7 Aug 2021,PArvLo77I_Y,https://www.youtube.com/watch?v=PArvLo77I_Y,
PAW Patrol - All Star Pups! - Rescue Episode - PAW Patrol Official & Friends!,130,2:10,7 Aug 2021,t1Zir4efwns,https://www.youtube.com/watch?v=t1Zir4efwns,
PAW Patrol - Pups Save a Dino from a Swamp - Rescue Episode - PAW Patrol Official & Friends!,131,2:11,7 Aug 2021,pM9X18j_fNM,https://www.youtube.com/watch?v=pM9X18j_fNM,
Abby Hatcher - Episode 65 - Chef Jeff’s Special Guest - PAW Patrol Official & Friends,130,2:10,7 Aug 2021,-Nqi5EX9Tuk,https://www.youtube.com/watch?v=-Nqi5EX9Tuk,
Abby Hatcher Fuzzly-Ca-Dabra! - All About Abby Episode 12 - PAW Patrol Official & Friends,326,5:26,7 Aug 2021,jDB9K2tx3P4,https://www.youtube.com/watch?v=jDB9K2tx3P4,
PAW Patrol - Pups Save an Itchy Stegosaurus Toy Pretend Play Rescue For Kids,310,5:10,7 Aug 2021,B-NzntbAG6Y,https://www.youtube.com/watch?v=B-NzntbAG6Y,
PAW Patrol - Pups Save Mayor Goodway's Tulips - Rescue Episode - PAW Patrol Official & Friends!,131,2:11,7 Aug 2021,V33eTGtHDxQ,https://www.youtube.com/watch?v=V33eTGtHDxQ,
PAW Patrol - Pups Bear-ly Save Danny - Rescue Episode - PAW Patrol Official & Friends!,131,2:11,7 Aug 2021,VA_4-buywNw,https://www.youtube.com/watch?v=VA_4-buywNw,
Abby Hatcher Cartoons and Music Video! #4 - PAW Patrol Official & Friends,679,11:19,7 Aug 2021,7dMvchl-q7o,https://www.youtube.com/watch?v=7dMvchl-q7o,
PAW Patrol - Pups Save Swapped Dinos Toy Pretend Play Rescue For Kids,306,5:06,7 Aug 2021,BTn0Qh7lZuQ,https://www.youtube.com/watch?v=BTn0Qh7lZuQ,
MIGHTY EXPRESS! New Show from the Creators of PAW Patrol!,81,1:21,7 Aug 2021,9YJiGcke8BQ,https://www.youtube.com/watch?v=9YJiGcke8BQ,
Abby Hatcher Secret Science! - All About Abby Episode 11 - PAW Patrol Official & Friends,315,5:15,7 Aug 2021,MY1hn0sB2sc,https://www.youtube.com/watch?v=MY1hn0sB2sc,
PAW Patrol - Pups and the BIG Rumble - Rescue Episode - PAW Patrol Official & Friends!,129,2:09,7 Aug 2021,BqYMrThBLaA,https://www.youtube.com/watch?v=BqYMrThBLaA,
PAW Patrol - Tracker Joins The Pups - Rescue Episode - PAW Patrol Official & Friends!,131,2:11,7 Aug 2021,kAltLrBtPRk,https://www.youtube.com/watch?v=kAltLrBtPRk,
Abby Hatcher - Episode 64 - Abby and the Missing Binky - PAW Patrol Official & Friends,130,2:10,7 Aug 2021,fExa5iWNVGY,https://www.youtube.com/watch?v=fExa5iWNVGY,
Abby Hatcher Cartoons and Music Video! #3 - PAW Patrol Official & Friends,676,11:16,7 Aug 2021,ms1-tpEq0RY,https://www.youtube.com/watch?v=ms1-tpEq0RY,
PAW Patrol - Pups Save the Piggies Toy Pretend Play Rescue For Kids,356,5:56,7 Aug 2021,3-91PR7c_FM,https://www.youtube.com/watch?v=3-91PR7c_FM,
PAW Patrol - Pups Save Some Bananas Toy Pretend Play Rescue For Kids,332,5:32,7 Aug 2021,Z1woQKDR1_s,https://www.youtube.com/watch?v=Z1woQKDR1_s,
Abby Hatcher Cartoons and Music Video! #2 - PAW Patrol Official & Friends,679,11:19,7 Aug 2021,LBOPmvuSn7A,https://www.youtube.com/watch?v=LBOPmvuSn7A,
PAW Patrol - Pups Save the Dino Eggs - Rescue Episode - PAW Patrol Official & Friends!,120,2:00,7 Aug 2021,UHlU7SWNtQo,https://www.youtube.com/watch?v=UHlU7SWNtQo,
PAW Patrol - Pups Save Daring Danny on a Flagpole - Rescue Episode - PAW Patrol Official & Friends!,119,1:59,7 Aug 2021,zF4PReazQik,https://www.youtube.com/watch?v=zF4PReazQik,
PAW Patrol - Pups and the Slippery Slope Toy Pretend Play Rescue For Kids,250,4:10,7 Aug 2021,WLaSwOFx1s0,https://www.youtube.com/watch?v=WLaSwOFx1s0,
PAW Patrol & Abby Hatcher - Compilation #43 - PAW Patrol Official & Friends,940,15:40,7 Aug 2021,QKd4odhqF4A,https://www.youtube.com/watch?v=QKd4odhqF4A,
Abby Hatcher Cartoons and Music Video! - PAW Patrol Official & Friends,677,11:17,7 Aug 2021,5x8bGQXWBbc,https://www.youtube.com/watch?v=5x8bGQXWBbc,
PAW Patrol - Pups Build a Houseboat Toy Pretend Play Rescue For Kids,225,3:45,7 Aug 2021,IEfqxzo5iu8,https://www.youtube.com/watch?v=IEfqxzo5iu8,
PAW Patrol - Pups Save a Stuck Dino Toy Pretend Play Rescue For Kids,290,4:50,7 Aug 2021,vbV1y8TZuEQ,https://www.youtube.com/watch?v=vbV1y8TZuEQ,
PAW Patrol - Pups Stop a Rockslide - Toy Episode - PAW Patrol Official & Friends,290,4:50,7 Aug 2021,j7LGVBQE7ww,https://www.youtube.com/watch?v=j7LGVBQE7ww,
PAW Patrol - Pups Save a Pterodactyl - Rescue Episode - PAW Patrol Official & Friends!,131,2:11,7 Aug 2021,zpgNke1YqD0,https://www.youtube.com/watch?v=zpgNke1YqD0,
Abby Hatcher - Episode 63 - Abby's Care Case Dilemma - PAW Patrol Official & Friends,130,2:10,7 Aug 2021,EHZbUD2PZ3s,https://www.youtube.com/watch?v=EHZbUD2PZ3s,
PAW Patrol - Adventure Bay Rescue Way Track Set - How To Play,148,2:28,7 Aug 2021,pZlNupOT8kM,https://www.youtube.com/watch?v=pZlNupOT8kM,
PAW Patrol True Metal Chase T-Rex Rescue Set Unboxing & How To Play - PAW Patrol Official & Friends,72,1:12,7 Aug 2021,H2esdV3NKAQ,https://www.youtube.com/watch?v=H2esdV3NKAQ,
PAW Patrol Dino Rescue HQ Playset - Unboxing and How To Play - PAW Patrol Official & Friends,130,2:10,7 Aug 2021,iTogSnZ9DiQ,https://www.youtube.com/watch?v=iTogSnZ9DiQ,
PAW Patrol - Tangled Dinos Toy Pretend Play Rescue For Kids,325,5:25,7 Aug 2021,ev2UXDRhe7M,https://www.youtube.com/watch?v=ev2UXDRhe7M,
PAW Patrol - Mighty Pups Save A Smelly City Toy Pretend Play Rescue For Kids,279,4:39,7 Aug 2021,d76UcxdLwyg,https://www.youtube.com/watch?v=d76UcxdLwyg,
PAW Patrol - Pups Save A Giant Picnic Toy Pretend Play Rescue For Kids,318,5:18,7 Aug 2021,k6rjaZ7EFgU,https://www.youtube.com/watch?v=k6rjaZ7EFgU,
PAW Patrol & Abby Hatcher - Compilation #42 - PAW Patrol Official & Friends,932,15:32,7 Aug 2021,M6rcoo4ydXM,https://www.youtube.com/watch?v=M6rcoo4ydXM,
PAW Patrol - Pups Save a Pony - Rescue Episode - PAW Patrol Official & Friends!,112,1:52,7 Aug 2021,iJ305ENbTDQ,https://www.youtube.com/watch?v=iJ305ENbTDQ,
PAW Patrol - Pups Save Old Trusty - Rescue Episode - PAW Patrol Official & Friends!,131,2:11,7 Aug 2021,6RZHVo9bhiA,https://www.youtube.com/watch?v=6RZHVo9bhiA,
PAW Patrol - Pups Save A Stinky Flower - Rescue Episode - PAW Patrol Official & Friends!,131,2:11,7 Aug 2021,5mfHff-nvIA,https://www.youtube.com/watch?v=5mfHff-nvIA,
Abby Hatcher Story Time with Fuzzlies! - All About Abby Episode 10 - PAW Patrol Official & Friends,253,4:13,7 Aug 2021,6FbCqYinx5E,https://www.youtube.com/watch?v=6FbCqYinx5E,
PAW Patrol - Mighty Pups Stop A Giant Snowball Toy Pretend Play Rescue For Kids,211,3:31,7 Aug 2021,Tf8s85IsZcQ,https://www.youtube.com/watch?v=Tf8s85IsZcQ,
PAW Patrol Dino Rescue Patroller - Unboxing and How To Play - PAW Patrol Official & Friends,113,1:53,7 Aug 2021,mGP_80Tzv_A,https://www.youtube.com/watch?v=mGP_80Tzv_A,
Abby Hatcher Tiny Peeper Tea Party! - All About Abby Episode 9 - PAW Patrol Official & Friends,245,4:05,7 Aug 2021,o-O4SlpaqYQ,https://www.youtube.com/watch?v=o-O4SlpaqYQ,
Mighty Pups Charged Up: Pups Save a Super-Powered Puplantis - PAW Patrol Official & Friends,314,5:14,7 Aug 2021,a5mYg0UTzqA,https://www.youtube.com/watch?v=a5mYg0UTzqA,
Abby Hatcher - Episode 62 - The Snack Machine - PAW Patrol Official & Friends,130,2:10,7 Aug 2021,G9kbs1tl6R4,https://www.youtube.com/watch?v=G9kbs1tl6R4,
PAW Patrol - Pups Save a Herd - Rescue Episode - PAW Patrol Official & Friends!,128,2:08,7 Aug 2021,TvU9AAeXix4,https://www.youtube.com/watch?v=TvU9AAeXix4,
PAW Patrol - Pups Meet Rex the NEW Pup - Rescue Episode - PAW Patrol Official & Friends!,131,2:11,7 Aug 2021,YcBNtr6xw1g,https://www.youtube.com/watch?v=YcBNtr6xw1g,
PAW Patrol - Mighty Pups Save A Charged Up Chicken Toy Pretend Play Rescue For Kids,283,4:43,7 Aug 2020,YMETDRTk9fs,https://www.youtube.com/watch?v=YMETDRTk9fs,
NEW Sago Mini School! Educational App for Kids,31,0:31,7 Aug 2020,LlgbqGdpo2I,https://www.youtube.com/watch?v=LlgbqGdpo2I,
Welcome to Sago Mini School! Curiosity-led Curriculum for little learners ages 2-5,61,1:01,7 Aug 2020,tjKiz1xpBAs,https://www.youtube.com/watch?v=tjKiz1xpBAs,
PAW Patrol - Mighty Pups Charged Up Race To The Mighty Meteor - Toy Episode - PAW Patrol & Friends,222,3:42,7 Aug 2020,ZN0465rQjKk,https://www.youtube.com/watch?v=ZN0465rQjKk,
PAW Patrol - Pups Save the Songbirds - Rescue Episode - PAW Patrol Official & Friends!,130,2:10,7 Aug 2020,NALIeZ3QUlo,https://www.youtube.com/watch?v=NALIeZ3QUlo,
PAW Patrol - Pups Save a School Bus - Rescue Episode - PAW Patrol Official & Friends!,131,2:11,7 Aug 2020,EmAEA4w_W4M,https://www.youtube.com/watch?v=EmAEA4w_W4M,
PAW Patrol & Abby Hatcher - Compilation #41 - PAW Patrol Official & Friends,918,15:18,7 Aug 2020,mbA6lmIt_3c,https://www.youtube.com/watch?v=mbA6lmIt_3c,
PAW Patrol Dino Rescue Deluxe Vehicles Unboxing and How To Play - PAW Patrol Official & Friends,76,1:16,7 Aug 2020,EG8_n9KBM4U,https://www.youtube.com/watch?v=EG8_n9KBM4U,
Abby Hatcher What's In The Box?! - All About Abby Episode 8 - PAW Patrol Official & Friends,344,5:44,7 Aug 2020,MJA8mc4QaT8,https://www.youtube.com/watch?v=MJA8mc4QaT8,
PAW Patrol - Mighty Pups Charged Up Save a Movie Night Toy Pretend Play Rescue For Kids,245,4:05,7 Aug 2020,0TP9amuoGiE,https://www.youtube.com/watch?v=0TP9amuoGiE,
Mighty Pups Charged Up: Pups vs. a Teleporting Copy Cat - PAW Patrol Official & Friends,314,5:14,7 Aug 2020,KIZpxAtXiUg,https://www.youtube.com/watch?v=KIZpxAtXiUg,
PAW Patrol - Pups Stop a Pie-Clone - Rescue Episode - PAW Patrol Official & Friends!,130,2:10,7 Aug 2020,g7IBHrvmJCA,https://www.youtube.com/watch?v=g7IBHrvmJCA,
PAW Patrol - Pups Save the Polar Bears - Rescue Episode - PAW Patrol Official & Friends!,130,2:10,7 Aug 2020,xP9-CwIevO8,https://www.youtube.com/watch?v=xP9-CwIevO8,
Abby Hatcher - Episode 61 - Abby Babysits Mumbles - PAW Patrol Official & Friends,131,2:11,7 Aug 2020,-w0303R32QE,https://www.youtube.com/watch?v=-w0303R32QE,
Abby Hatcher Basement Brink Toy Pretend Play - PAW Patrol Official & Friends,261,4:21,7 Aug 2020,tWXhIoKynKw,https://www.youtube.com/watch?v=tWXhIoKynKw,
PAW Patrol - Pups Save a Mystery Monster Toy Pretend Play Rescue For Kids,301,5:01,7 Aug 2020,41e8mX__1Wc,https://www.youtube.com/watch?v=41e8mX__1Wc,
PAW Patrol Sing Along! - Olympian Michael Phelps Water Safety PSA,31,0:31,7 Aug 2020,rc0vD-Ua6xM,https://www.youtube.com/watch?v=rc0vD-Ua6xM,
PAW Patrol - Rocky’s Rope Bridge Repair Toy Pretend Play Rescue For Kids,206,3:26,7 Aug 2020,jR-gJ6cc4Wk,https://www.youtube.com/watch?v=jR-gJ6cc4Wk,
PAW Patrol - Pups Save A Monkey-Naut - Rescue Episode - PAW Patrol Official & Friends!,130,2:10,7 Aug 2020,LvZgKuDMj74,https://www.youtube.com/watch?v=LvZgKuDMj74,
PAW Patrol & Abby Hatcher - Compilation #40 - PAW Patrol Official & Friends,933,15:33,7 Aug 2020,3XIH-qqSegI,https://www.youtube.com/watch?v=3XIH-qqSegI,
Abby Hatcher Dinner a la Janie! - All About Abby Episode 7 - PAW Patrol Official & Friends,342,5:42,7 Aug 2020,_mPebKNEaIQ,https://www.youtube.com/watch?v=_mPebKNEaIQ,
PAW Patrol - Pups Save The Farm Animals Toy Pretend Play Rescue For Kids,239,3:59,7 Aug 2020,qZ6mcIRBwM8,https://www.youtube.com/watch?v=qZ6mcIRBwM8,
Mighty Pups Charged Up: Pups vs. a Super Meow Meow - PAW Patrol Official & Friends,314,5:14,7 Aug 2020,OmABGZDWcz4,https://www.youtube.com/watch?v=OmABGZDWcz4,
PAW Patrol - Pups Save a Waiter Bot - Rescue Episode - PAW Patrol Official & Friends!,130,2:10,7 Aug 2020,fv4EXgCMduQ,https://www.youtube.com/watch?v=fv4EXgCMduQ,
PAW Patrol - Pups Save Three Little Pigs - Rescue Episode - PAW Patrol Official & Friends!,130,2:10,7 Aug 2020,7righuI9NZY,https://www.youtube.com/watch?v=7righuI9NZY,
Abby Hatcher - Episode 60 - Curly and the Super Jellies! - PAW Patrol Official & Friends,131,2:11,7 Aug 2020,DXlRJIqPqd0,https://www.youtube.com/watch?v=DXlRJIqPqd0,
PAW Patrol - Pups Save a Curious Cow Toy Pretend Play Rescue For Kids,239,3:59,7 Aug 2020,cA3C7fMAbD0,https://www.youtube.com/watch?v=cA3C7fMAbD0,
Abby Hatcher Fuzzly Flower Fort Toy Pretend Play - PAW Patrol Official & Friends,253,4:13,7 Aug 2020,vrobVLNHl6c,https://www.youtube.com/watch?v=vrobVLNHl6c,
PAW Patrol Mighty Pups Charged Up Stop Humdinger’s Super Stinky Meteor - Toy Episode - PAW Patrol,207,3:27,7 Aug 2020,WY4msUnqRjY,https://www.youtube.com/watch?v=WY4msUnqRjY,
PAW Patrol - Pups Save A Dragon - Rescue Episode - PAW Patrol Official & Friends!,131,2:11,7 Aug 2020,ManHLOz4KWE,https://www.youtube.com/watch?v=ManHLOz4KWE,
PAW Patrol - Pups Save Robo Dog - Rescue Episode - PAW Patrol Official & Friends!,131,2:11,7 Aug 2020,cIs-n8_OhY4,https://www.youtube.com/watch?v=cIs-n8_OhY4,
PAW Patrol & Abby Hatcher - Compilation #39 - PAW Patrol Official & Friends,1226,20:26,7 Aug 2020,UNlRr2WzkNw,https://www.youtube.com/watch?v=UNlRr2WzkNw,
Abby Hatcher DIY Cake Decorating! - All About Abby Episode 6 - PAW Patrol Official & Friends,381,6:21,7 Aug 2020,IjpWvzrhDjk,https://www.youtube.com/watch?v=IjpWvzrhDjk,
PAW Patrol - Pups Save a Skiier Toy Pretend Play Rescue For Kids,255,4:15,7 Aug 2020,FlYp5NM9_Qc,https://www.youtube.com/watch?v=FlYp5NM9_Qc,
Mighty Pups Charged Up: Pups vs. the Teenybots - PAW Patrol Official & Friends,314,5:14,7 Aug 2020,JNojXM7ExlY,https://www.youtube.com/watch?v=JNojXM7ExlY,
PAW Patrol - Pups Save François (and Benoit) - Rescue Episode - PAW Patrol Official & Friends!,131,2:11,7 Aug 2020,y133FsGbQJ8,https://www.youtube.com/watch?v=y133FsGbQJ8,
PAW Patrol - Pups Save the Maze Explorers - Rescue Episode - PAW Patrol Official & Friends!,130,2:10,7 Aug 2020,6ZLsPIQhYos,https://www.youtube.com/watch?v=6ZLsPIQhYos,
PAW Patrol - Pups Save Daring Danny X - Rescue Episode - PAW Patrol Official & Friends!,131,2:11,7 Aug 2020,5UvWvzVIplQ,https://www.youtube.com/watch?v=5UvWvzVIplQ,
"Dance, Sing and Quack Along to Quack Quack Quack (The Super Silly Family Fun Song)!",273,4:33,7 Aug 2020,A2VO91VO1Jo,https://www.youtube.com/watch?v=A2VO91VO1Jo,
Abby Hatcher - Episode 59 - Grumbles' Dancing Boots! - PAW Patrol Official & Friends,129,2:09,7 Aug 2020,UgQKMvOP6DM,https://www.youtube.com/watch?v=UgQKMvOP6DM,
Abby Hatcher Fuzzly Fresco Fiasco Toy Pretend Play - PAW Patrol Official & Friends,237,3:57,7 Aug 2020,pKVNnMtHtCY,https://www.youtube.com/watch?v=pKVNnMtHtCY,
PAW Patrol - Mighty Pups Charged Up Save a Train Toy Pretend Play Rescue For Kids,340,5:40,7 Aug 2020,1gYEutWd6kk,https://www.youtube.com/watch?v=1gYEutWd6kk,
PAW Patrol - Mighty Pups Charged Up Mighty Wave Toy Pretend Play Rescue For Kids,297,4:57,7 Aug 2020,ghMV9R-AiFM,https://www.youtube.com/watch?v=ghMV9R-AiFM,
PAW Patrol - Pups Save Mayor Goodway - Rescue Episode - PAW Patrol Official & Friends!,130,2:10,7 Aug 2020,elhCAEocMwI,https://www.youtube.com/watch?v=elhCAEocMwI,
Pups Save an Antarctic Martian - Rescue Episode - PAW Patrol Official & Friends!,130,2:10,7 Aug 2020,LQrDK1nnV4Y,https://www.youtube.com/watch?v=LQrDK1nnV4Y,
PAW Patrol - Pups Save The Hippos - Rescue Episode - PAW Patrol Official & Friends!,129,2:09,7 Aug 2020,V5Y0NZHBlRM,https://www.youtube.com/watch?v=V5Y0NZHBlRM,
PAW Patrol & Abby Hatcher - Compilation #38 - PAW Patrol Official & Friends,1689,28:09,7 Aug 2020,MHqLDD2HLBw,https://www.youtube.com/watch?v=MHqLDD2HLBw,
Mighty Pups Charged Up: Pups vs. a Copycat Marshall - PAW Patrol Official & Friends,314,5:14,7 Aug 2020,SCC31x__rrY,https://www.youtube.com/watch?v=SCC31x__rrY,
Abby Hatcher Photo Funday! - All About Abby Episode 5 - PAW Patrol Official & Friends,274,4:34,7 Aug 2020,ex_ZJQIfMhI,https://www.youtube.com/watch?v=ex_ZJQIfMhI,
Abby Hatcher Something Stinky in Chef Jeff’s Kitchen Toy Pretend Play PAW Patrol Official & Friends,238,3:58,7 Aug 2020,0ZOJcI7OSxk,https://www.youtube.com/watch?v=0ZOJcI7OSxk,
PAW Patrol - Mighty Pups Charged Up Save a Wind Turbine Toy Pretend Play Rescue For Kids,353,5:53,7 Aug 2020,z2UF2kOA9J8,https://www.youtube.com/watch?v=z2UF2kOA9J8,
PAW Patrol & Abby Hatcher Mashup Episode! Pillbug - PAW Patrol Official & Friends,232,3:52,7 Aug 2020,FB7ZMxMDILw,https://www.youtube.com/watch?v=FB7ZMxMDILw,
Mighty Pups Charged Up: Pups vs.The Super Sonic Sound System - PAW Patrol Official & Friends,314,5:14,7 Aug 2020,MMG1oQ_4Bk4,https://www.youtube.com/watch?v=MMG1oQ_4Bk4,
PAW Patrol & Abby Hatcher Mashup! No Bath Time for Peepers - PAW Patrol Official & Friends,253,4:13,7 Aug 2020,AwXv6EB3WFw,https://www.youtube.com/watch?v=AwXv6EB3WFw,
PAW Patrol - Pups Save Luke Stars - Rescue Episode - PAW Patrol Official & Friends!,130,2:10,7 Aug 2020,bDt6CKtso14,https://www.youtube.com/watch?v=bDt6CKtso14,
PAW Patrol & Abby Hatcher Mashup! Dance Party! - PAW Patrol Official & Friends,191,3:11,7 Aug 2020,Oy1RGC8ldQA,https://www.youtube.com/watch?v=Oy1RGC8ldQA,
PAW Patrol Mighty Pups Charged Up Save Cap’n Turbot From a Volcano - PAW Patrol Official & Friends!,106,1:46,7 Aug 2020,pe_VscBhi5c,https://www.youtube.com/watch?v=pe_VscBhi5c,
PAW Patrol - Best of Tracker! Rescue Compilation - PAW Patrol Official & Friends!,130,2:10,7 Aug 2020,gZh5C6Kd6Vs,https://www.youtube.com/watch?v=gZh5C6Kd6Vs,
PAW Patrol Mighty Pups Charged Up Save a Mighty Lighthouse - PAW Patrol Official & Friends!,130,2:10,7 Aug 2020,JgPLvymhpao,https://www.youtube.com/watch?v=JgPLvymhpao,
NEW! Sago Mini Pet Cafe! - Creative make and play subscription box!  PAW Patrol Official & Friends,274,4:34,7 Aug 2020,rtAgjUck4CM,https://www.youtube.com/watch?v=rtAgjUck4CM,
NEW! Sago Mini Planes Box! - Creative make and play subscription box!  PAW Patrol Official & Friends,230,3:50,7 Aug 2020,5yXC2z9AbNg,https://www.youtube.com/watch?v=5yXC2z9AbNg,
PAW Patrol & Abby Hatcher - Compilation #37 - PAW Patrol Official & Friends,1773,29:33,7 Aug 2020,kE49aNcHgIU,https://www.youtube.com/watch?v=kE49aNcHgIU,
Abby Hatcher - Episode 58 - Roller Skating Mo and Bo - PAW Patrol Official & Friends,131,2:11,7 Aug 2020,zRIKKPWHzXM,https://www.youtube.com/watch?v=zRIKKPWHzXM,
Abby Hatcher Fort Funday! - All About Abby Episode 4 - PAW Patrol Official & Friends,405,6:45,7 Aug 2020,p-N1zm03B4g,https://www.youtube.com/watch?v=p-N1zm03B4g,
"PAW Patrol - Dino Rescue! Meet Rex, the Dino Whisperer! - PAW Patrol Official & Friends",40,0:40,7 Aug 2020,WEJQ0Q-nEJA,https://www.youtube.com/watch?v=WEJQ0Q-nEJA,
PAW Patrol Mighty Pups Charged Up Save the Mighty Jet Toy Pretend Play Rescue For Kids,242,4:02,7 Aug 2020,iD0DsdbD5lw,https://www.youtube.com/watch?v=iD0DsdbD5lw,
PAW Patrol - Best of Everest! Rescue Compilation - PAW Patrol Official & Friends!,128,2:08,7 Aug 2020,sfnfruaYQrA,https://www.youtube.com/watch?v=sfnfruaYQrA,
PAW Patrol - Best of Everest! Rescue Compilation - PAW Patrol Official & Friends,128,2:08,7 Aug 2020,EFd8ODwn8oI,https://www.youtube.com/watch?v=EFd8ODwn8oI,
PAW Patrol - Pups Save a Frozen Flounder Toy Pretend Play Rescue For Kids,258,4:18,7 Aug 2020,5xLdKShhnZM,https://www.youtube.com/watch?v=5xLdKShhnZM,
PAW Patrol - Pups Save Wally the Walrus Toy Pretend Play Rescue For Kids,284,4:44,7 Aug 2020,nEcVOkqNQdA,https://www.youtube.com/watch?v=nEcVOkqNQdA,
"NEW PUP! PAW Patrol Dino Rescue! Meet Rex, the Dino Whisperer! - PAW Patrol Official & Friends",40,0:40,7 Aug 2020,HecrTdp0Skw,https://www.youtube.com/watch?v=HecrTdp0Skw,
PAW Patrol - Pups Save a Sea Creature - Sea Patrol Rescue Episode - PAW Patrol Official & Friends!,124,2:04,7 Aug 2020,1jtf6gUkS7Q,https://www.youtube.com/watch?v=1jtf6gUkS7Q,
PAW Patrol - Friendship Day Music Video! - PAW Patrol Official and Friends!,129,2:09,7 Aug 2020,fLxBhMt7Mfc,https://www.youtube.com/watch?v=fLxBhMt7Mfc,
PAW Patrol - Friendship Day Music Video! - PAW Patrol Official and Friends,129,2:09,7 Aug 2020,M1Oi2bQNtf4,https://www.youtube.com/watch?v=M1Oi2bQNtf4,
PAW Patrol Mighty Pups Charged Up: Pups Stop a Humdinger Horde! - PAW Patrol Official & Friends,130,2:10,7 Aug 2020,8VElvnFibQc,https://www.youtube.com/watch?v=8VElvnFibQc,
PAW Patrol Mighty Pups Charged Up: Pups Stop a Humdinger Horde! - PAW Patrol Official & Friends!,130,2:10,7 Aug 2020,1e11xue8HZs,https://www.youtube.com/watch?v=1e11xue8HZs,
PAW Patrol - Pups Save the Mini Patrol - Rescue Episode - PAW Patrol Official & Friends!,131,2:11,7 Aug 2020,LR4482vBk7o,https://www.youtube.com/watch?v=LR4482vBk7o,
Abby Hatcher - Episode 57 - Bath Time for Grumbles - PAW Patrol Official & Friends,131,2:11,7 Aug 2020,XALrHi3aMrs,https://www.youtube.com/watch?v=XALrHi3aMrs,
Abby Hatcher Otis' Frightening Flight Toy Pretend Play - PAW Patrol Official & Friends,265,4:25,7 Aug 2020,OMK-5YqbL3E,https://www.youtube.com/watch?v=OMK-5YqbL3E,
PAW Patrol - Frozen Town Toy Pretend Play Rescue For Kids,303,5:03,7 Aug 2020,SyciE7tK0bA,https://www.youtube.com/watch?v=SyciE7tK0bA,
PAW Patrol - Heavy Humdinger - Toy Episode - PAW Patrol Official & Friends,227,3:47,7 Aug 2020,IgVzr1KZqaE,https://www.youtube.com/watch?v=IgVzr1KZqaE,
PAW Patrol - Pups Save A Manatee - Rescue Episode -  PAW Patrol Official & Friends!,131,2:11,7 Aug 2020,m6-11jh1EKY,https://www.youtube.com/watch?v=m6-11jh1EKY,
PAW Patrol - Happy Chicken Day! Best of Chickaletta! - PAW Patrol Official & Friends,90,1:30,7 Aug 2020,rZZciSh6uQk,https://www.youtube.com/watch?v=rZZciSh6uQk,
PAW Patrol - Happy Chicken Day! Best of Chickaletta! - PAW Patrol Official & Friends!,90,1:30,7 Aug 2020,3OElEEH-hP4,https://www.youtube.com/watch?v=3OElEEH-hP4,
PAW Patrol & Abby Hatcher - Compilation #36 - PAW Patrol Official & Friends,1731,28:51,7 Aug 2020,5Quxj0-L_es,https://www.youtube.com/watch?v=5Quxj0-L_es,
Abby Hatcher GAME Day! - All About Abby Episode 3 - PAW Patrol Official & Friends,327,5:27,7 Aug 2020,-eLySrv2HNs,https://www.youtube.com/watch?v=-eLySrv2HNs,
PAW Patrol - Pups Save the Lemonade Stand - Toy Episode - PAW Patrol Official & Friends,269,4:29,7 Aug 2020,7pSNMOG_0oM,https://www.youtube.com/watch?v=7pSNMOG_0oM,
PAW Patrol - Pups Save Chickaletta's Egg - Rescue Episode - PAW Patrol Official & Friends!,131,2:11,7 Aug 2020,C2KGs_wZosA,https://www.youtube.com/watch?v=C2KGs_wZosA,
PAW Patrol - Pups Save Midnight at the Museum - Rescue Episode - PAW Patrol Official & Friends!,122,2:02,7 Aug 2020,MuweZl9q980,https://www.youtube.com/watch?v=MuweZl9q980,
PAW Patrol - Pups Save Apollo - Rescue Episode - PAW Patrol Official & Friends!,131,2:11,7 Aug 2020,bn_T_jop0Ss,https://www.youtube.com/watch?v=bn_T_jop0Ss,
PAW Patrol - Pups Save a Mighty Meteor Toy Pretend Play Rescue For Kids,261,4:21,7 Aug 2020,AjjqMhIm4As,https://www.youtube.com/watch?v=AjjqMhIm4As,
Abby Hatcher - Episode 56 - Mo and Bo and the Video Game - PAW Patrol Official & Friends,131,2:11,7 Aug 2020,1JIHnp_NdwQ,https://www.youtube.com/watch?v=1JIHnp_NdwQ,
Abby Hatcher V.I. Peepers Toy Pretend Play - PAW Patrol Official & Friends,212,3:32,7 Aug 2020,bQm2ijtQlsk,https://www.youtube.com/watch?v=bQm2ijtQlsk,
PAW Patrol - Pups Save an X-Treme Tightrope Walker Toy Pretend Play Rescue For Kids,302,5:02,7 Aug 2020,ylD0XSQJE7I,https://www.youtube.com/watch?v=ylD0XSQJE7I,
PAW Patrol - Pups Save a Tour Bus - Rescue Episode - PAW Patrol Official & Friends!,131,2:11,7 Aug 2020,wPpDd_sWTGc,https://www.youtube.com/watch?v=wPpDd_sWTGc,
PAW Patrol - Pups Save the Runaway Turtles - Rescue Episode - PAW Patrol Official & Friends!,130,2:10,7 Aug 2020,tQixd9toc4A,https://www.youtube.com/watch?v=tQixd9toc4A,
PAW Patrol & Abby Hatcher - Compilation #35 - PAW Patrol Official & Friends,1726,28:46,7 Aug 2020,t0MhLTWKaPo,https://www.youtube.com/watch?v=t0MhLTWKaPo,
"Super Fun Calendar - Circle Time with Ashley #5 - Singing, Story Telling, and More!",2574,42:54,7 Aug 2020,cVlDNcdXD8M,https://www.youtube.com/watch?v=cVlDNcdXD8M,
Super Fun Calendar - How to Make Abby Hatcher Fuzzly Cookies! - PAW Patrol Official & Friends,399,6:39,7 Aug 2020,gUtBya3kIHk,https://www.youtube.com/watch?v=gUtBya3kIHk,
Super Fun Calendar - DIY PAW Patrol Mother’s Day Card - PAW Patrol Official & Friends,206,3:26,7 Aug 2020,XyeIfJ5M0FU,https://www.youtube.com/watch?v=XyeIfJ5M0FU,
Super Fun Calendar - Abby Hatcher Dance Party! - PAW Patrol Official & Friends,401,6:41,7 Aug 2020,aHj18QTg4fw,https://www.youtube.com/watch?v=aHj18QTg4fw,
Abby Hatcher Treasure Hunt - All About Abby Episode 2 - PAW Patrol Official & Friends,303,5:03,7 Aug 2020,A4YXy2S5N3g,https://www.youtube.com/watch?v=A4YXy2S5N3g,
Super Fun Calendar - PAW Patrol Trivia - PAW Patrol Official & Friends,507,8:27,7 Aug 2020,l9V0YBgQUZM,https://www.youtube.com/watch?v=l9V0YBgQUZM,
Super Fun Calendar - PAW Patrol Laughter Yoga - PAW Patrol Official & Friends,1146,19:06,7 Aug 2020,5YDEH1IcuUU,https://www.youtube.com/watch?v=5YDEH1IcuUU,
"Super Fun Calendar - Circle Time with Ashley #4 - Singing, Story Telling, and More! - PAW Patrol",2445,40:45,7 Aug 2020,6gpg7ote3iU,https://www.youtube.com/watch?v=6gpg7ote3iU,
PAW Patrol Learn Opposites! - The Cabin is on Fire! - Learn with PAW Patrol,273,4:33,7 Aug 2020,vm2C0cqQ7_E,https://www.youtube.com/watch?v=vm2C0cqQ7_E,
Super Fun Calendar - Connect the PAW Dots! - PAW Patrol Official & Friends,1158,19:18,7 Aug 2020,puzYvCfvr2Y,https://www.youtube.com/watch?v=puzYvCfvr2Y,
Super Fun Calendar - Paw Patrol DIY Arts and Crafts: Chore Wheel - PAW Patrol Official & Friends,743,12:23,7 Aug 2020,vl69oY0FKeQ,https://www.youtube.com/watch?v=vl69oY0FKeQ,
Super Fun Calendar - Tidy Your Toys with PAW Patrol - PAW Patrol Official & Friends,237,3:57,7 Aug 2020,RNjMNsGVrqw,https://www.youtube.com/watch?v=RNjMNsGVrqw,
"Super Fun Calendar - Circle Time with Ashley #3 - Singing, Story Telling, and More! - PAW Patrol",2553,42:33,7 Aug 2020,pB2_2jwvac0,https://www.youtube.com/watch?v=pB2_2jwvac0,
PAW Patrol - Disappearing Chicken Toy Pretend Play Rescue For Kids,288,4:48,7 Aug 2020,Ve9qxveEKhY,https://www.youtube.com/watch?v=Ve9qxveEKhY,
"Super Fun Calendar - Let’s Play a Cartoon Guessing Game with PAW Patrol, Abby Hatcher, & Hatchimals!",792,13:12,7 Aug 2020,H4MY-PJilRM,https://www.youtube.com/watch?v=H4MY-PJilRM,
Super Fun Calendar - DIY Crafting Abby’s Fuzzly Spotter - PAW Patrol Official & Friends,439,7:19,7 Aug 2020,eQORopLBOjQ,https://www.youtube.com/watch?v=eQORopLBOjQ,
Super Fun Calendar - PAW Patrol Yoga - PAW Patrol Official & Friends,726,12:06,7 Aug 2020,_q39tJMlvck,https://www.youtube.com/watch?v=_q39tJMlvck,
"Super Fun Calendar - Circle Time with Ashley #2 - Singing, Story Telling, and More! - PAW Patrol",2558,42:38,7 Aug 2020,9OqpGEkARiY,https://www.youtube.com/watch?v=9OqpGEkARiY,
"Super Fun Calendar - Circle Time with Ashley - Singing, Story Telling, and More! - PAW Patrol",2560,42:40,7 Aug 2020,pVKI0zGyWmM,https://www.youtube.com/watch?v=pVKI0zGyWmM,
Make and Paint PAW Patrol Letters! DIY Arts and Crafts for Kids - PAW Patrol Official & Friends,140,2:20,7 Aug 2020,bsivvwhExJ8,https://www.youtube.com/watch?v=bsivvwhExJ8,
Super Fun Calendar - PAW Patrol Coloring! - PAW Patrol Official & Friends,433,7:13,7 Aug 2020,RlNDhuXsgc4,https://www.youtube.com/watch?v=RlNDhuXsgc4,
Super Fun Calendar - Pin the Tail on Chase - PAW Patrol Official & Friends,596,9:56,7 Aug 2020,Qp9gfJtglxk,https://www.youtube.com/watch?v=Qp9gfJtglxk,
Super Fun Calendar - Make Your Own PAW Patrol Badge & Mask! - PAW Patrol Official & Friends,913,15:13,7 Aug 2020,9O9uRekaYeg,https://www.youtube.com/watch?v=9O9uRekaYeg,
PAW Patrol - Pups Save the Adventure Bay Games - Rescue Episode - PAW Patrol Official & Friends!,130,2:10,7 Aug 2020,jiCNOKZ4QrA,https://www.youtube.com/watch?v=jiCNOKZ4QrA,
Abby Hatcher - Episode 55 - The Lost Button Trail - PAW Patrol Official & Friends,129,2:09,7 Aug 2020,I5moNItol0s,https://www.youtube.com/watch?v=I5moNItol0s,
Abby Hatcher to the Rescue - Abby Hatcher Song and Music Video - PAW Patrol Official & Friends,610,10:10,7 Aug 2020,nxKuBpBNNpE,https://www.youtube.com/watch?v=nxKuBpBNNpE,
PAW Patrol Learn Animals & Sounds! - Rescue the Lost Animals - Learn with PAW Patrol,287,4:47,7 Aug 2020,rzf9Eh-nk0Q,https://www.youtube.com/watch?v=rzf9Eh-nk0Q,
PAW Patrol Charged Up Toy Pretend Play for Kids! - Compilation #3 - PAW Patrol Official & Friends,485,8:05,7 Aug 2020,5ZrqLyLhuUc,https://www.youtube.com/watch?v=5ZrqLyLhuUc,
PAW Patrol - Laviamoci le mani insieme! - PAW Patrol Official & Friends,136,2:16,7 Aug 2020,FmXUQYZQ16c,https://www.youtube.com/watch?v=FmXUQYZQ16c,
Make Your Own PAW Patrol Badge! DIY Arts and Crafts for Kids - PAW Patrol Official & Friends,218,3:38,7 Aug 2020,v2mYU8Stbbs,https://www.youtube.com/watch?v=v2mYU8Stbbs,
PAW Patrol - Pups Save the Opening Ceremonies - Rescue Episode - PAW Patrol Official & Friends!,131,2:11,7 Aug 2020,Ft9TjouADMI,https://www.youtube.com/watch?v=Ft9TjouADMI,
PAW Patrol Learn Jobs & Work! - The Jobs of Adventure Bay - Learn with PAW Patrol,151,2:31,7 Aug 2020,3Mfg6It5fm8,https://www.youtube.com/watch?v=3Mfg6It5fm8,
PAW Patrol & Abby Hatcher - Compilation #34 - PAW Patrol Official & Friends,1654,27:34,7 Aug 2020,LuhLr4O2Jgs,https://www.youtube.com/watch?v=LuhLr4O2Jgs,
ABBY HATCHER GAMESHOW DANCE PARTY - All About Abby Episode 1 - PAW Patrol Official & Friends,321,5:21,7 Aug 2020,f5hfEEVCjY0,https://www.youtube.com/watch?v=f5hfEEVCjY0,
PAW Patrol Learn Fruits & Vegetables - Case of the Fruit & Veggie Bandit - Learn with PAW Patrol,383,6:23,7 Aug 2020,CiQG9Nvj-fg,https://www.youtube.com/watch?v=CiQG9Nvj-fg,
Get Moving with PAW Patrol - Exercise for the whole Family! - PAW Patrol Official & Friends,212,3:32,7 Aug 2020,q3MPEpltSTw,https://www.youtube.com/watch?v=q3MPEpltSTw,
PAW Patrol Charged Up Toy Pretend Play for Kids! - Compilation #2 - PAW Patrol Official & Friends,380,6:20,7 Aug 2020,VVMJwt-wn-c,https://www.youtube.com/watch?v=VVMJwt-wn-c,
Abby Hatcher - Fuzzly Scavenger Hunt - PAW Patrol Official & Friends,182,3:02,7 Aug 2020,VsutXV4FtjM,https://www.youtube.com/watch?v=VsutXV4FtjM,
PAW Patrol - Pups Save the Phantom of the Frog Pond - Rescue Episode PAW Patrol Official & Friends!,131,2:11,7 Aug 2020,_oUEfAuifmE,https://www.youtube.com/watch?v=_oUEfAuifmE,
PAW Patrol - Pups Save Daring Danny X - Rescue Episode - PAW Patrol Official & Friends!,128,2:08,7 Aug 2020,P0511S70l4Y,https://www.youtube.com/watch?v=P0511S70l4Y,
Mo and Bo Dance Party - Abby Hatcher Song and Music Video - PAW Patrol Official & Friends,69,1:09,7 Aug 2020,EQTSS9Awd6w,https://www.youtube.com/watch?v=EQTSS9Awd6w,
Abby Hatcher - Episode 54 - Super Hero Teeny Terry! - PAW Patrol Official & Friends,129,2:09,7 Aug 2020,xJTewzsqp7g,https://www.youtube.com/watch?v=xJTewzsqp7g,
PAW Patrol Toy Pretend Play for Kids! - Compilation #1 - PAW Patrol Official & Friends,313,5:13,7 Aug 2020,mtd1I9j6iJw,https://www.youtube.com/watch?v=mtd1I9j6iJw,
PAW Patrol - Pups Save Friendship Day - Rescue Episode - PAW Patrol Official & Friends!,130,2:10,7 Aug 2020,A36xCcB0Ois,https://www.youtube.com/watch?v=A36xCcB0Ois,
PAW Patrol - Air Pups Save a Volcano - Rescue Episode - PAW Patrol Official & Friends!,131,2:11,7 Aug 2020,ff1DiO-AC4c,https://www.youtube.com/watch?v=ff1DiO-AC4c,
PAW Patrol & Abby Hatcher - Compilation #33 - PAW Patrol Official & Friends,1849,30:49,7 Aug 2020,Rrap1VDIYCU,https://www.youtube.com/watch?v=Rrap1VDIYCU,
PAW Patrol - Copycat’s Mighty Flood Toy Pretend Play Rescue For Kids,315,5:15,7 Aug 2020,-K-JQC87cLM,https://www.youtube.com/watch?v=-K-JQC87cLM,
PAW Patrol - Pups Save A Lost Tooth - Rescue Episode - PAW Patrol Official & Friends!,128,2:08,7 Aug 2020,WlN8M0xp_7U,https://www.youtube.com/watch?v=WlN8M0xp_7U,
PAW Patrol - Chase’s Train Race Toy Pretend Play Rescue For Kids,271,4:31,7 Aug 2020,b5HpL1x2a3c,https://www.youtube.com/watch?v=b5HpL1x2a3c,
PAW Patrol - Marshall Rescue Mashup Compilation - PAW Patrol Official & Friends!,130,2:10,7 Aug 2020,_1cdnZF74EA,https://www.youtube.com/watch?v=_1cdnZF74EA,
PAW Patrol - Marshall Rescue Mashup Compilation - PAW Patrol Official & Friends,130,2:10,7 Aug 2020,PagevRm07oc,https://www.youtube.com/watch?v=PagevRm07oc,
Abby Hatcher - Episode 53 - Abby's Lost Glasses - PAW Patrol Official & Friends,133,2:13,7 Aug 2020,0uGnygyF6DY,https://www.youtube.com/watch?v=0uGnygyF6DY,
Best Friends Abby and Bozzly - Abby Hatcher Song and Music Video - PAW Patrol Official & Friends,600,10:00,7 Aug 2020,i6ouJEPQeEc,https://www.youtube.com/watch?v=i6ouJEPQeEc,
PAW Patrol - Pups Save Alex’s Mini Patrol - Rescue Episode - PAW Patrol Official & Friends!,121,2:01,7 Aug 2020,aIAbrgTI4MM,https://www.youtube.com/watch?v=aIAbrgTI4MM,
Abby Hatcher - Episode 52 - The Peeper Deliveries - PAW Patrol Official & Friends,132,2:12,7 Aug 2020,-rIcpL23umI,https://www.youtube.com/watch?v=-rIcpL23umI,
Wash Your Hands with PAW Patrol! Educational Songs for Kids - PAW Patrol Official & Friends,136,2:16,7 Aug 2020,nwSb1COuVTM,https://www.youtube.com/watch?v=nwSb1COuVTM,
PAW Patrol - Chickaletta’s Hiccups Toy Pretend Play Rescue For Kids,397,6:37,7 Aug 2020,qKddoJDRhTc,https://www.youtube.com/watch?v=qKddoJDRhTc,
PAW Patrol - Mighty Pups Com-PAW-lation - PAW Patrol Official & Friends!,131,2:11,7 Aug 2020,9ZRLyVF5MgE,https://www.youtube.com/watch?v=9ZRLyVF5MgE,
PAW Patrol - Save the Citizens of Adventure Bay - Rescue Episode - PAW Patrol Official & Friends!,131,2:11,7 Aug 2020,iA9ZhIfcIEo,https://www.youtube.com/watch?v=iA9ZhIfcIEo,
PAW Patrol & Abby Hatcher - Compilation #32 - PAW Patrol Official & Friends,1717,28:37,7 Aug 2020,bOtJjSDtlq8,https://www.youtube.com/watch?v=bOtJjSDtlq8,
PAW Patrol - Copycat’s Mighty Volcano Toy Pretend Play Rescue For Kids,342,5:42,7 Aug 2020,fS_VgGLwsjs,https://www.youtube.com/watch?v=fS_VgGLwsjs,
PAW Patrol - Mighty Pups Save the Lemonade Stand - Rescue Episode - PAW Patrol Official & Friends!,129,2:09,7 Aug 2020,1lUSdI-j4kw,https://www.youtube.com/watch?v=1lUSdI-j4kw,
Squeaky Peepers - Abby Hatcher Song and Music Video - PAW Patrol Official & Friends,73,1:13,7 Aug 2020,gBrqJRyyBHY,https://www.youtube.com/watch?v=gBrqJRyyBHY,
PAW Patrol - Ultimate Rescue Part 2 - PAW Patrol Official & Friends!,94,1:34,7 Aug 2020,qAgbjcBgZTQ,https://www.youtube.com/watch?v=qAgbjcBgZTQ,
PAW Patrol - Rubble’s Rocky Treasure Toy Pretend Play Rescue For Kids,246,4:06,7 Aug 2020,pesX0QdDQvg,https://www.youtube.com/watch?v=pesX0QdDQvg,
PAW Patrol Learn Shapes & Numbers - Saving the Stolen Vehicles! - Learn with PAW Patrol,304,5:04,7 Aug 2020,VTaOd0ScBjs,https://www.youtube.com/watch?v=VTaOd0ScBjs,
PAW Patrol - Pups Save A Lucky Collar - Rescue Episode - PAW Patrol Official & Friends!,131,2:11,7 Aug 2020,fg61cWPfuuk,https://www.youtube.com/watch?v=fg61cWPfuuk,
PAW Patrol & Abby Hatcher - Compilation #31 - PAW Patrol Official & Friends,1755,29:15,7 Aug 2020,AcQ_nnuEPKM,https://www.youtube.com/watch?v=AcQ_nnuEPKM,
PAW Patrol - Marshall’s Waterfall Rush Toy Pretend Play Rescue For Kids,232,3:52,7 Aug 2020,OvoCu6ZkPtU,https://www.youtube.com/watch?v=OvoCu6ZkPtU,
Abby Hatcher - Episode 51 - Abby’s Busy Day - PAW Patrol Official & Friends,133,2:13,7 Aug 2020,LDM3tMX5WGw,https://www.youtube.com/watch?v=LDM3tMX5WGw,
PAW Patrol - Rocky’s Recycled Trash Statue Toy Pretend Play Rescue For Kids,351,5:51,7 Aug 2020,Q-ebWn8-yU4,https://www.youtube.com/watch?v=Q-ebWn8-yU4,
PAW Patrol - Pups Save The Soccer Game - Rescue Episode - PAW Patrol Official & Friends!,131,2:11,7 Aug 2020,FxqFIUZqwog,https://www.youtube.com/watch?v=FxqFIUZqwog,
PAW Patrol - Pups Save The Paw Patroller - Rescue Episode - PAW Patrol Official & Friends!,130,2:10,7 Aug 2020,YxxD9bymzMI,https://www.youtube.com/watch?v=YxxD9bymzMI,
Abby Hatcher - Episode 50 - Shy Grumbles - PAW Patrol Official & Friends,133,2:13,7 Aug 2020,__MGjNCAQ-0,https://www.youtube.com/watch?v=__MGjNCAQ-0,
PAW Patrol - Skye’s Turning Tornado - Mighty Pups Toy Pretend Play Rescue For Kids,327,5:27,7 Aug 2020,esFFuNhnI4c,https://www.youtube.com/watch?v=esFFuNhnI4c,
PAW Patrol - Pups Save a Goldrush - Rescue Episode - PAW Patrol Official & Friends!,131,2:11,7 Aug 2020,F0pww3_xYQU,https://www.youtube.com/watch?v=F0pww3_xYQU,
PAW Patrol - Vine Invasion Toy Pretend Play Rescue For Kids,381,6:21,7 Aug 2020,3swxuoq-Ti0,https://www.youtube.com/watch?v=3swxuoq-Ti0,
PAW Patrol Learn Counting & Colors - Mighty Meteor Rescue! - Learn with PAW Patrol,198,3:18,7 Aug 2020,XNbRrSxbxWg,https://www.youtube.com/watch?v=XNbRrSxbxWg,
PAW Patrol - Pups Save Mr. Porter - Rescue Episode - PAW Patrol Official & Friends!,131,2:11,7 Aug 2020,3yxSyUJhtqc,https://www.youtube.com/watch?v=3yxSyUJhtqc,
PAW Patrol - Pups Save a Humsquatch - Rescue Episode - PAW Patrol Official & Friends!,126,2:06,7 Aug 2020,k1zSNPbBJm8,https://www.youtube.com/watch?v=k1zSNPbBJm8,
PAW Patrol & Abby Hatcher - Compilation #30 - PAW Patrol Official & Friends,1774,29:34,7 Aug 2020,tvj_W4h6EeM,https://www.youtube.com/watch?v=tvj_W4h6EeM,
PAW Patrol Charged Up Transforming Vehicle - How To Play - PAW Patrol Official & Friends,74,1:14,7 Aug 2020,_TiOphjT8jc,https://www.youtube.com/watch?v=_TiOphjT8jc,
PAW Patrol - Bird Escape - Mighty Pups Charged Up Toy Pretend Play Rescue For Kids,357,5:57,7 Aug 2020,50JywJSkOh8,https://www.youtube.com/watch?v=50JywJSkOh8,
PAW Patrol - Harold’s Super Magnet - Charged Up Toy Pretend Play Rescue For Kids,281,4:41,7 Aug 2020,dj2XeoBahZI,https://www.youtube.com/watch?v=dj2XeoBahZI,
PAW Patrol Split Second Vehicles - How To Play - PAW Patrol Official & Friends,85,1:25,7 Aug 2020,RlwtZXuH3yM,https://www.youtube.com/watch?v=RlwtZXuH3yM,
PAW Patrol - Pups Save a Tightrope Walker - Rescue Episode - PAW Patrol Official & Friends!,131,2:11,7 Aug 2020,BG0s-KDdGOo,https://www.youtube.com/watch?v=BG0s-KDdGOo,
PAW Patrol Mighty Meteor Track Set - How To Play - PAW Patrol Official & Friends,122,2:02,7 Aug 2020,W49IKjmxJko,https://www.youtube.com/watch?v=W49IKjmxJko,
Abby Hatcher - Episode 49 - The Fuzzly in the Moon - PAW Patrol Official & Friends,120,2:00,7 Aug 2020,3VgIfqjofLc,https://www.youtube.com/watch?v=3VgIfqjofLc,
PAW Patrol Charged Up Deluxe Vehicle - How To Play - PAW Patrol Official & Friends,59,0:59,7 Aug 2020,Pg9oJh7aSY8,https://www.youtube.com/watch?v=Pg9oJh7aSY8,
PAW Patrol - Rubble’s Race to the Top - Toy Episode - PAW Patrol Official & Friends,225,3:45,7 Aug 2020,ppCQyaeWOSw,https://www.youtube.com/watch?v=ppCQyaeWOSw,
PAW Patrol & Abby Hatcher - Compilation #29 - PAW Patrol Official & Friends,1432,23:52,7 Aug 2020,M1Yt0XSs2CI,https://www.youtube.com/watch?v=M1Yt0XSs2CI,
PAW Patrol - Pups Find a Genie - Rescue Episode - PAW Patrol Official & Friends!,130,2:10,7 Aug 2020,vwcuP0m12OU,https://www.youtube.com/watch?v=vwcuP0m12OU,
Abby Hatcher - Episode 48 - Chinese New Year - PAW Patrol Official & Friends,121,2:01,7 Aug 2020,Lag6OscaQso,https://www.youtube.com/watch?v=Lag6OscaQso,
PAW Patrol - Waterpark Halt Toy Pretend Play Rescue For Kids,348,5:48,7 Aug 2020,D8G7XNk4_xI,https://www.youtube.com/watch?v=D8G7XNk4_xI,
PAW Patrol Charged Up Mighty Pups Versus the Copycat - Rescue Episode PAW Patrol Official & Friends,113,1:53,7 Aug 2020,w9uD42SxVtA,https://www.youtube.com/watch?v=w9uD42SxVtA,
PAW Patrol Charged Up Mighty Pups Versus the Copycat - Rescue Episode PAW Patrol Official & Friends!,113,1:53,7 Aug 2020,qxGC0EXYvWA,https://www.youtube.com/watch?v=qxGC0EXYvWA,
PAW Patrol - Pups Save a Frozen Flounder - Rescue Episode - PAW Patrol Official & Friends!,120,2:00,7 Aug 2020,JCh9SIlYFdc,https://www.youtube.com/watch?v=JCh9SIlYFdc,
PAW Patrol - Strike Toy Pretend Play Rescue For Kids,335,5:35,7 Aug 2020,94zGo5qW7bY,https://www.youtube.com/watch?v=94zGo5qW7bY,
PAW Patrol & Abby Hatcher - Compilation #28 - PAW Patrol Official & Friends,1400,23:20,7 Aug 2020,jN5d2ZZg24U,https://www.youtube.com/watch?v=jN5d2ZZg24U,
PAW Patrol - Pups Save a Wrong Way Explorer - Rescue Episode - PAW Patrol Official & Friends!,126,2:06,7 Aug 2020,tP7W_t476M4,https://www.youtube.com/watch?v=tP7W_t476M4,
PAW Patrol - Kate’s Peculiar Pet Parlor Toy Pretend Play Rescue For Kids,339,5:39,7 Aug 2020,IRIpA0cKxfo,https://www.youtube.com/watch?v=IRIpA0cKxfo,
"PAW Patrol Best of Mashup 6 - Pup Tales, Toy Episodes, and More! - PAW Patrol Official & Friends",845,14:05,7 Aug 2020,wd0PCezh5-0,https://www.youtube.com/watch?v=wd0PCezh5-0,
"PAW Patrol Best of Mashup 5 - Pup Tales, Toy Episodes, and More! - PAW Patrol Official & Friends",877,14:37,7 Aug 2020,6spuHUko8FY,https://www.youtube.com/watch?v=6spuHUko8FY,
"PAW Patrol Best of Mashup 4 - Pup Tales, Toy Episodes, and More! - PAW Patrol Official & Friends",774,12:54,7 Aug 2020,dc2HXlICczg,https://www.youtube.com/watch?v=dc2HXlICczg,
PAW Patrol - Pups Save a White Wolf - Rescue Episode - PAW Patrol Official & Friends!,121,2:01,7 Aug 2020,dEwvIIjb8Os,https://www.youtube.com/watch?v=dEwvIIjb8Os,
"PAW Patrol Best of Mashup 3 - Pup Tales, Toy Episodes, and More! - PAW Patrol Official & Friends",830,13:50,7 Aug 2020,vQJKh7Hsb0k,https://www.youtube.com/watch?v=vQJKh7Hsb0k,
PAW Patrol - Fun in the Jungle Counting and Sing Along! - PAW Patrol Official & Friends,62,1:02,7 Aug 2020,OkMVYvs0pyY,https://www.youtube.com/watch?v=OkMVYvs0pyY,
"PAW Patrol Best of Mashup 2 - Pup Tales, Toy Episodes, and More! - PAW Patrol Official & Friends",957,15:57,7 Aug 2020,ZpLImS6PMSA,https://www.youtube.com/watch?v=ZpLImS6PMSA,
PAW Patrol - Pups Save the Spider Spies - Rescue Episode - PAW Patrol Official & Friends!,135,2:15,7 Aug 2020,yfKDLv5stHc,https://www.youtube.com/watch?v=yfKDLv5stHc,
"PAW Patrol Best of Mashup - Pup Tales, Toy Episodes, and More! - PAW Patrol Official & Friends",1321,22:01,7 Aug 2020,vw3pjXXrdVk,https://www.youtube.com/watch?v=vw3pjXXrdVk,
PAW Patrol & Abby Hatcher - Compilation #27 - PAW Patrol Official & Friends,1601,26:41,7 Aug 2020,Jz4JqwsjkhA,https://www.youtube.com/watch?v=Jz4JqwsjkhA,
PAW Patrol - Pups Save a Frozen Camp Out - Christmas Rescue Episode - PAW Patrol Official & Friends,120,2:00,7 Aug 2020,vTPvN3kjNo4,https://www.youtube.com/watch?v=vTPvN3kjNo4,
PAW Patrol - Save the Snowshoeing Goodways Christmas Rescue Episode - PAW Patrol Official & Friends,115,1:55,7 Aug 2020,oEN0Yogg9y8,https://www.youtube.com/watch?v=oEN0Yogg9y8,
PAW Patrol - Steam Train Twins! - Mighty Twins Toy Pretend Play Rescue For Kids,245,4:05,7 Aug 2020,6_toUjWrYGo,https://www.youtube.com/watch?v=6_toUjWrYGo,
PAW Patrol - Pups Save the Balloon Pups - Rescue Episode - PAW Patrol Official & Friends!,136,2:16,7 Aug 2020,2XCm8hxZUls,https://www.youtube.com/watch?v=2XCm8hxZUls,
PAW Patrol - Bursting Bubblegum Explosion - Mighty Pups Toy Pretend Play Rescue For Kids,435,7:15,7 Aug 2020,99ojAdzVVEY,https://www.youtube.com/watch?v=99ojAdzVVEY,
PAW Patrol Mighty Pups Stop Harold’s Deep Freeze - Rescue Episode - PAW Patrol Official & Friends,130,2:10,7 Aug 2020,gGjPDqoi528,https://www.youtube.com/watch?v=gGjPDqoi528,
PAW Patrol Mighty Pups Stop Harold’s Deep Freeze - Rescue Episode - PAW Patrol Official & Friends!,130,2:10,7 Aug 2020,-AB6yn6M34Y,https://www.youtube.com/watch?v=-AB6yn6M34Y,
PAW Patrol - Avalanche! - Mighty Pups Toy Pretend Play Rescue For Kids,326,5:26,7 Aug 2020,6reur8w9b-4,https://www.youtube.com/watch?v=6reur8w9b-4,
PAW Patrol & Abby Hatcher - Compilation #26 - PAW Patrol Official & Friends,1571,26:11,7 Aug 2020,ehUiL6Vt4Hg,https://www.youtube.com/watch?v=ehUiL6Vt4Hg,
PAW Patrol - Pups Save a Mud Monster - Rescue Episode - PAW Patrol Official & Friends!,136,2:16,7 Aug 2020,skfAFhTfpYg,https://www.youtube.com/watch?v=skfAFhTfpYg,
Abby Hatcher - Episode 47 - Princess Flug’s Garden - PAW Patrol Official & Friends,138,2:18,7 Aug 2020,cAeVuPPRvzw,https://www.youtube.com/watch?v=cAeVuPPRvzw,
PAW Patrol - Volcano Explosion - Mighty Pups Toy Pretend Play Rescue For Kids,351,5:51,7 Aug 2020,8YMWkSWC56I,https://www.youtube.com/watch?v=8YMWkSWC56I,
PAW Patrol - Pups Save a Kangaroo - Rescue Episode - PAW Patrol Official & Friends!,136,2:16,7 Aug 2020,Qausm0o3v2c,https://www.youtube.com/watch?v=Qausm0o3v2c,
PAW Patrol - Cake Catastrophe - Toy Episode - PAW Patrol Official & Friends,342,5:42,7 Aug 2020,q_XXllCHKZE,https://www.youtube.com/watch?v=q_XXllCHKZE,
Abby Hatcher - Episode 46 - Abby and Elvin - PAW Patrol Official & Friends,139,2:19,7 Aug 2020,y__B53dMOwI,https://www.youtube.com/watch?v=y__B53dMOwI,
PAW Patrol - Pups Save Mr. Porter’s Fruit Stand - Rescue Episode - PAW Patrol Official & Friends!,112,1:52,7 Aug 2020,gE5_1Pjj32g,https://www.youtube.com/watch?v=gE5_1Pjj32g,
PAW Patrol - Trampoline Trouble - Ultimate Fire Truck Toy Pretend Play Rescue For Kids,274,4:34,7 Aug 2020,9YDTBZCwhTA,https://www.youtube.com/watch?v=9YDTBZCwhTA,
PAW Patrol - Mighty Pups: Pups Save a Mega Mayor - Rescue Episode - PAW Patrol Official & Friends!,135,2:15,7 Aug 2020,6_dhZqhWL0o,https://www.youtube.com/watch?v=6_dhZqhWL0o,
PAW Patrol - Funny Honey Toy Pretend Play Rescue For Kids,349,5:49,7 Aug 2020,6Sys6HsNkes,https://www.youtube.com/watch?v=6Sys6HsNkes,
PAW Patrol & Abby Hatcher - Compilation #25 - PAW Patrol Official & Friends,1649,27:29,7 Aug 2020,9j3tNwHVvz8,https://www.youtube.com/watch?v=9j3tNwHVvz8,
PAW Patrol - Mighty Pups: Big Twin Trick - Mighty Rescue Episode - PAW Patrol Official & Friends!,136,2:16,7 Aug 2020,SddGvSFm62I,https://www.youtube.com/watch?v=SddGvSFm62I,
PAW Patrol - Critter Cleaner - Mighty Pups Toy Pretend Play Rescue For Kids,368,6:08,7 Aug 2020,ZXv4piwRd8A,https://www.youtube.com/watch?v=ZXv4piwRd8A,
PAW Patrol - Pups Save the Farmers - Rescue Episode - PAW Patrol Official & Friends!,136,2:16,7 Aug 2020,0-9MjGweN20,https://www.youtube.com/watch?v=0-9MjGweN20,
PAW Patrol - Treehouse Trap - Ultimate Fire Truck Toy Pretend Play Rescue For Kids,290,4:50,7 Aug 2020,ai-FVa3i2aw,https://www.youtube.com/watch?v=ai-FVa3i2aw,
PAW Patrol - Pups Save the Bears - Rescue Episode - PAW Patrol Official & Friends!,134,2:14,7 Aug 2020,kFc2MdKh1Wo,https://www.youtube.com/watch?v=kFc2MdKh1Wo,
Abby Hatcher - Episode 45 - Wai Po Visits Abby - PAW Patrol Official & Friends,139,2:19,7 Aug 2020,fDwekpei5ac,https://www.youtube.com/watch?v=fDwekpei5ac,
PAW Patrol - Pups Save Mayor Humdinger - Rescue Episode - PAW Patrol Official & Friends!,136,2:16,7 Aug 2020,ZwvYwmKS_mM,https://www.youtube.com/watch?v=ZwvYwmKS_mM,
PAW Patrol - PAW Prints Toy Pretend Play Rescue For Kids,337,5:37,7 Aug 2020,yJBi2z33T9Y,https://www.youtube.com/watch?v=yJBi2z33T9Y,
PAW Patrol - Pups Save the Flounder - Rescue Episode - PAW Patrol Official & Friends!,135,2:15,7 Aug 2020,OABW5jrVVng,https://www.youtube.com/watch?v=OABW5jrVVng,
PAW Patrol - Iceberg Alert - Mighty Pups Toy Pretend Play Rescue For Kids,388,6:28,7 Aug 2020,2mgRyZ2AJS0,https://www.youtube.com/watch?v=2mgRyZ2AJS0,
PAW Patrol & Abby Hatcher - Compilation #24 - PAW Patrol Official & Friends,1324,22:04,7 Aug 2020,qyFljhhzxp8,https://www.youtube.com/watch?v=qyFljhhzxp8,
Abby Hatcher - Episode 44 - Grumbles Has the Hiccups - PAW Patrol Official & Friends,139,2:19,7 Aug 2020,1Ar5CDgeqfo,https://www.youtube.com/watch?v=1Ar5CDgeqfo,
PAW Patrol - Chick-a-lotta - Mighty Pups Rescue Episode - PAW Patrol Official & Friends!,136,2:16,7 Aug 2020,Vzzto9w58pw,https://www.youtube.com/watch?v=Vzzto9w58pw,
PAW Patrol - Patroller Parade Toy Pretend Play Rescue For Kids,273,4:33,7 Aug 2020,Ix8Q0N5uyq8,https://www.youtube.com/watch?v=Ix8Q0N5uyq8,
PAW Patrol - Rock Slide - Rescue Episode - PAW Patrol Official & Friends!,136,2:16,7 Aug 2020,95Tv7amWM2M,https://www.youtube.com/watch?v=95Tv7amWM2M,
PAW Patrol - Extreme Ice Cream - Mighty Pups Toy Pretend Play Rescue For Kids,391,6:31,7 Aug 2020,Crz4jbUdOXQ,https://www.youtube.com/watch?v=Crz4jbUdOXQ,
PAW Patrol - Rubble’s Ramble Rescue - Ready Race Rescue Toy Pretend Play Rescue For Kids,280,4:40,7 Aug 2020,EjMTpGHXAoE,https://www.youtube.com/watch?v=EjMTpGHXAoE,
PAW Patrol - Safety First with The Bucket List Family - PAW Patrol Official & Friends,60,1:00,7 Aug 2020,LMaWYyAuY-c,https://www.youtube.com/watch?v=LMaWYyAuY-c,
Abby Hatcher - Episode 43 - Doctor Ana’s Visit - PAW Patrol Official & Friends,139,2:19,7 Aug 2020,EmvaTYpWL34,https://www.youtube.com/watch?v=EmvaTYpWL34,
PAW Patrol - Mighty Twins to the Rescue - Rescue Episode - PAW Patrol Official & Friends!,136,2:16,7 Aug 2020,w-CzMv8ARI4,https://www.youtube.com/watch?v=w-CzMv8ARI4,
PAW Patrol - Bird Spotting Patrol - Rescue Episode - PAW Patrol Official & Friends!,136,2:16,7 Aug 2020,mb70xOOn5Ds,https://www.youtube.com/watch?v=mb70xOOn5Ds,
PAW Patrol - Bird Spotting Patrol - Rescue Episode - PAW Patrol Official & Friends,135,2:15,7 Aug 2020,QRc49N8TXiU,https://www.youtube.com/watch?v=QRc49N8TXiU,
PAW Patrol - Pups Parachute Problems - Mighty Pups Toy Pretend Play Rescue For Kids,171,2:51,7 Aug 2020,qxAJg__LI6U,https://www.youtube.com/watch?v=qxAJg__LI6U,
PAW Patrol - Sailing on the Desert Sea - Rescue Episode - PAW Patrol Official & Friends!,136,2:16,7 Aug 2020,f47YS5R5fEc,https://www.youtube.com/watch?v=f47YS5R5fEc,
PAW Patrol & Abby Hatcher - Compilation #23 - PAW Patrol Official & Friends,1634,27:14,7 Aug 2020,qSaEfZIe8yY,https://www.youtube.com/watch?v=qSaEfZIe8yY,
PAW Patrol - Fun Fair Fiasco - Mighty Pups Toy Pretend Play Rescue For Kids,345,5:45,7 Aug 2020,dHOg0oqDhPo,https://www.youtube.com/watch?v=dHOg0oqDhPo,
PAW Patrol - Lost Wash - Toy Episode - PAW Patrol Official & Friends,327,5:27,7 Aug 2020,FPt48d4ZK2E,https://www.youtube.com/watch?v=FPt48d4ZK2E,
Abby Hatcher - Episode 42 - The Fuzzlies Trick or Treat - PAW Patrol Official & Friends,139,2:19,7 Aug 2020,XbA2hLAQh9A,https://www.youtube.com/watch?v=XbA2hLAQh9A,
PAW Patrol - Shell of Puplantis - Rescue Episode - PAW Patrol Official & Friends!,134,2:14,7 Aug 2020,J-8FsnnkkDc,https://www.youtube.com/watch?v=J-8FsnnkkDc,
Abby Hatcher - Episode 41 - Abby & Bozzly Babysit - PAW Patrol Official & Friends,138,2:18,7 Aug 2020,xMa03HPrO3A,https://www.youtube.com/watch?v=xMa03HPrO3A,
PAW Patrol - Piñata Thief - Rescue Episode - PAW Patrol Official & Friends!,133,2:13,7 Aug 2020,Gq3Z215ypOA,https://www.youtube.com/watch?v=Gq3Z215ypOA,
PAW Patrol - Baby Humdinger - Rescue Episode - PAW Patrol Official & Friends!,135,2:15,7 Aug 2020,jzlZA3nhKiQ,https://www.youtube.com/watch?v=jzlZA3nhKiQ,
PAW Patrol - Boat Race - Ready Race Rescue Toy Pretend Play Rescue For Kids,159,2:39,7 Aug 2020,Fs3l_7K3KD4,https://www.youtube.com/watch?v=Fs3l_7K3KD4,
PAW Patrol - Pups Save the Circus - Rescue Episode - PAW Patrol Official & Friends!,135,2:15,7 Aug 2020,P9L_VsOtXVQ,https://www.youtube.com/watch?v=P9L_VsOtXVQ,
PAW Patrol - Snowball Brawl - Mighty Pups Toy Pretend Play Rescue For Kids,185,3:05,7 Aug 2020,zFfmx7uqdSA,https://www.youtube.com/watch?v=zFfmx7uqdSA,
Abby Hatcher - Episode 40 - Otis Out of Control - PAW Patrol Official & Friends,138,2:18,7 Aug 2020,yzU6Ql4wu50,https://www.youtube.com/watch?v=yzU6Ql4wu50,
PAW Patrol & Abby Hatcher - Compilation #22 - PAW Patrol Official & Friends,1325,22:05,7 Aug 2020,HNF5I8VcVPU,https://www.youtube.com/watch?v=HNF5I8VcVPU,
Abby Hatcher - Episode 39 - Abby’s Sleep Trouble - PAW Patrol Official & Friends,138,2:18,7 Aug 2020,2LwQt9ZcxiA,https://www.youtube.com/watch?v=2LwQt9ZcxiA,
PAW Patrol - Candy Clouds - Mighty Pups Toy Pretend Play Rescue For Kids,287,4:47,7 Aug 2020,inHl4doDh1c,https://www.youtube.com/watch?v=inHl4doDh1c,
PAW Patrol - Skye in the Sky Toy Pretend Play Rescue For Kids,267,4:27,7 Aug 2020,CYhfaE0LmqY,https://www.youtube.com/watch?v=CYhfaE0LmqY,
PAW Patrol - One Million Subscribers! PAWsome!,341,5:41,7 Aug 2020,Se6vuVs0fqA,https://www.youtube.com/watch?v=Se6vuVs0fqA,
PAW Patrol - Ultimate Rescue Compilation - PAW Patrol Official and Friends!,94,1:34,7 Aug 2020,4d78urXjZaw,https://www.youtube.com/watch?v=4d78urXjZaw,
PAW Patrol - Where’s the Water? Toy Pretend Play Rescue For Kids,308,5:08,7 Aug 2020,p_wrI2RgZhA,https://www.youtube.com/watch?v=p_wrI2RgZhA,
Abby Hatcher - Episode 38 - Teeny Terry Loses His Snug - PAW Patrol Official & Friends,120,2:00,7 Aug 2020,vc9tQ8-WZKQ,https://www.youtube.com/watch?v=vc9tQ8-WZKQ,
Abby Hatcher - Episode 37 - Grumbles Gets a Haircut - PAW Patrol Official & Friends,139,2:19,7 Aug 2020,H9YLEPZ83Bs,https://www.youtube.com/watch?v=H9YLEPZ83Bs,
PAW Patrol - Skye Celebrates International Day of the Girl! - PAW Patrol Official & Friends,45,0:45,7 Aug 2020,fj8iWx-HZbU,https://www.youtube.com/watch?v=fj8iWx-HZbU,
PAW Patrol - Jelly-Fying Power - Mighty Pups Toy Pretend Play Rescue For Kids,201,3:21,7 Aug 2020,ASGZ66JW6DE,https://www.youtube.com/watch?v=ASGZ66JW6DE,
PAW Patrol - How to Assemble - Lookout Tower - PAW Patrol Official & Friends,284,4:44,7 Aug 2020,ISpLqLxmIxw,https://www.youtube.com/watch?v=ISpLqLxmIxw,
PAW Patrol - Ultimate Rescue Fire Truck! - :30 - PAW Patrol Official & Friends,30,0:30,7 Aug 2020,SQhgsrP4Hzs,https://www.youtube.com/watch?v=SQhgsrP4Hzs,
PAW Patrol - Ultimate Rescue Fire Truck! - :15 - PAW Patrol Official & Friends,15,0:15,7 Aug 2020,C_d1yjC9fqk,https://www.youtube.com/watch?v=C_d1yjC9fqk,
Abby Hatcher - Episode 36 - The Fuzzlies’ Fancy Dance Party - PAW Patrol Official & Friends,139,2:19,7 Aug 2020,aMSP-KzJNV8,https://www.youtube.com/watch?v=aMSP-KzJNV8,
PAW Patrol & Abby Hatcher - Compilation #21 - PAW Patrol Official & Friends,1435,23:55,7 Aug 2020,NjnnmOm5JH4,https://www.youtube.com/watch?v=NjnnmOm5JH4,
Abby Hatcher - Episode 35 - Mo and Bo’s New Shoes - PAW Patrol Official & Friends,139,2:19,7 Aug 2020,YZ_mwSZ_dHo,https://www.youtube.com/watch?v=YZ_mwSZ_dHo,
PAW Patrol - Shark SOS - Mighty Pups Toy Pretend Play Rescue For Kids,305,5:05,7 Aug 2020,Ia3unqrkhDU,https://www.youtube.com/watch?v=Ia3unqrkhDU,
PAW Patrol - Mountain Rescue Toy Pretend Play Rescue For Kids,298,4:58,7 Aug 2020,Hvv6UgJtdaY,https://www.youtube.com/watch?v=Hvv6UgJtdaY,
PAW Patrol - Pups Save Bedtime - Rescue Episode - PAW Patrol Official & Friends!,130,2:10,7 Aug 2020,7EhfHowhZrA,https://www.youtube.com/watch?v=7EhfHowhZrA,
Abby Hatcher - Episode 34 - Teeny Terry Meets New Friends - PAW Patrol Official & Friends,139,2:19,7 Aug 2020,8pvoHT9WKtQ,https://www.youtube.com/watch?v=8pvoHT9WKtQ,
Abby Hatcher - Episode 33 - Abby Meets A New Fuzzly - PAW Patrol Official & Friends,138,2:18,7 Aug 2020,00DBcQY3npk,https://www.youtube.com/watch?v=00DBcQY3npk,
PAW Patrol - Pups Save a Shivering Sheep - Rescue Episode - PAW Patrol Official & Friends!,131,2:11,7 Aug 2020,rP5ejC1hBJQ,https://www.youtube.com/watch?v=rP5ejC1hBJQ,
PAW Patrol - Spectacular Spaghetti - Mighty Pups Toy Pretend Play Rescue For Kids,235,3:55,7 Aug 2020,Kala9OIdcFw,https://www.youtube.com/watch?v=Kala9OIdcFw,
PAW Patrol - Double Trouble - Mighty Pups Toy Pretend Play Rescue For Kids,374,6:14,7 Aug 2020,f1slkQSaWR0,https://www.youtube.com/watch?v=f1slkQSaWR0,
PAW Patrol - Pups Save a Frog Mayor - Rescue Episode - PAW Patrol Official & Friends!,130,2:10,7 Aug 2020,_SAvzgZEfBM,https://www.youtube.com/watch?v=_SAvzgZEfBM,
PAW Patrol & Abby Hatcher - Compilation #20 - PAW Patrol Official & Friends,1495,24:55,7 Aug 2020,zQvsUDh16lI,https://www.youtube.com/watch?v=zQvsUDh16lI,
Abby Hatcher - Episode 32 - The Secret Passageway - PAW Patrol Official & Friends,137,2:17,7 Aug 2020,FQwgsevkW-M,https://www.youtube.com/watch?v=FQwgsevkW-M,
Abby Hatcher - Episode 31 - Rapunzel Harriet - PAW Patrol Official & Friends,137,2:17,7 Aug 2020,VeciIzSNdNQ,https://www.youtube.com/watch?v=VeciIzSNdNQ,
PAW Patrol - Wreckless Road Rage - Mighty Pups Toy Pretend Play Rescue For Kids,178,2:58,7 Aug 2020,yUdEFqjNQJc,https://www.youtube.com/watch?v=yUdEFqjNQJc,
PAW Patrol - Pups Save the Mail - Rescue Episode - PAW Patrol Official & Friends!,113,1:53,7 Aug 2020,wN0R10t1rao,https://www.youtube.com/watch?v=wN0R10t1rao,
PAW Patrol - Twisted Vines - Mighty Pups Toy Pretend Play Rescue For Kids,148,2:28,7 Aug 2020,95eoH_PaAsQ,https://www.youtube.com/watch?v=95eoH_PaAsQ,
NEW PAW Patrol DVD Movie Ready Race Rescue! - PAW Patrol Official & Friends,48,0:48,7 Aug 2020,n-UOfPEury0,https://www.youtube.com/watch?v=n-UOfPEury0,
PAW Patrol - Ramped Up Speed - True Metal Toy Pretend Play Rescue For Kids,173,2:53,7 Aug 2020,Rqy7apge1JU,https://www.youtube.com/watch?v=Rqy7apge1JU,
PAW Patrol - Pirate Pups to the Rescue - Rescue Episode - PAW Patrol Official & Friends!,137,2:17,7 Aug 2020,wkdcqfIDfPQ,https://www.youtube.com/watch?v=wkdcqfIDfPQ,
Abby Hatcher - Episode 30 - Abby Takes A Picture - PAW Patrol Official & Friends,139,2:19,7 Aug 2020,KO-0_ETy7hg,https://www.youtube.com/watch?v=KO-0_ETy7hg,
Abby Hatcher - Episode 29 - Princess Flug’s New Pet - PAW Patrol Official & Friends,139,2:19,7 Aug 2020,5cCSzzshB8c,https://www.youtube.com/watch?v=5cCSzzshB8c,
PAW Patrol - Harold’s Hydrants - Mighty Pups Toy Pretend Play Rescue For Kids,244,4:04,7 Aug 2020,sfLqn6e3jxM,https://www.youtube.com/watch?v=sfLqn6e3jxM,
PAW Patrol - Pups Save a Cloud Surfer - Rescue Episode - PAW Patrol Official & Friends!,131,2:11,7 Aug 2020,8wOEXv5G7NI,https://www.youtube.com/watch?v=8wOEXv5G7NI,
PAW Patrol - Pups Save a City Kitty - Rescue Episode - PAW Patrol Official & Friends!,128,2:08,7 Aug 2020,7bBCiZqyYZc,https://www.youtube.com/watch?v=7bBCiZqyYZc,
PAW Patrol - Museum Mayhem - Mighty Pups Toy Pretend Play Rescue For Kids,284,4:44,7 Aug 2020,BWcFe33JefY,https://www.youtube.com/watch?v=BWcFe33JefY,
Abby Hatcher - Episode 28 - Chef Jeff’s Night Off - PAW Patrol Official & Friends,139,2:19,7 Aug 2020,l7f6uM9S2f8,https://www.youtube.com/watch?v=l7f6uM9S2f8,
PAW Patrol - Pups Save a Good Mayor - Rescue Episode - PAW Patrol Official & Friends!,127,2:07,7 Aug 2020,bT_CH4d5PG8,https://www.youtube.com/watch?v=bT_CH4d5PG8,
PAW Patrol & Abby Hatcher - Compilation #19 - PAW Patrol Official & Friends,1435,23:55,7 Aug 2020,WJujcTXS_iU,https://www.youtube.com/watch?v=WJujcTXS_iU,
Abby Hatcher - Episode 27 - Princess Flug’s Adventure - PAW Patrol Official & Friends,139,2:19,7 Aug 2020,4ZqNM4ornns,https://www.youtube.com/watch?v=4ZqNM4ornns,
PAW Patrol Music Video - Happy Chicken Day! - PAW Patrol Official & Friends,101,1:41,7 Aug 2020,exbrDBZk1-U,https://www.youtube.com/watch?v=exbrDBZk1-U,
PAW Patrol Music Video - Happy Chicken Day! - PAW Patrol Official & Friends!,101,1:41,7 Aug 2020,Pd0-6mLHnHw,https://www.youtube.com/watch?v=Pd0-6mLHnHw,
PAW Patrol - Munch and Multiply - Mighty Pups Toy Pretend Play Rescue For Kids,339,5:39,7 Aug 2020,zt2AyV3fcbo,https://www.youtube.com/watch?v=zt2AyV3fcbo,
PAW Patrol - Pups Save a Space Rock - Rescue Episode - PAW Patrol Official & Friends!,119,1:59,7 Aug 2020,n-Rr5k04Mb4,https://www.youtube.com/watch?v=n-Rr5k04Mb4,
PAW Patrol - Mud Roading Race - Ready Race Rescue Toy Pretend Play Rescue For Kids,162,2:42,7 Aug 2020,dv2VFElxGwQ,https://www.youtube.com/watch?v=dv2VFElxGwQ,
PAW Patrol - Mobile Pit Stop How to Play - Ready Race Rescue - PAW Patrol Official & Friends,117,1:57,7 Aug 2020,_pSuGgEvDyI,https://www.youtube.com/watch?v=_pSuGgEvDyI,
PAW Patrol - Pups Save a Pier - Rescue Episode - PAW Patrol Official & Friends!,130,2:10,7 Aug 2020,1Zbyix7xFCI,https://www.youtube.com/watch?v=1Zbyix7xFCI,
Abby Hatcher - Episode 26 - Princess Flug Helps Out - PAW Patrol Official & Friends,115,1:55,7 Aug 2020,an1K66zGX5Y,https://www.youtube.com/watch?v=an1K66zGX5Y,
PAW Patrol - Rocky Race - Ready Race Rescue Toy Pretend Play Rescue For Kids,139,2:19,7 Aug 2020,q6K7XhlfbJo,https://www.youtube.com/watch?v=q6K7XhlfbJo,
Abby Hatcher - Episode 25 - Fuzzly Sleepover - PAW Patrol Official & Friends,139,2:19,7 Aug 2020,XsHv_9d8CkE,https://www.youtube.com/watch?v=XsHv_9d8CkE,
PAW Patrol - Pups Save a Shark - Rescue Episode - PAW Patrol Official & Friends!,122,2:02,7 Aug 2020,aLseFHjh9e4,https://www.youtube.com/watch?v=aLseFHjh9e4,
PAW Patrol - Pups Save Farmer Yumi - Rescue Episode - PAW Patrol Official & Friends!,129,2:09,7 Aug 2020,age25KsA5GA,https://www.youtube.com/watch?v=age25KsA5GA,
PAW Patrol - Surf’s Up Clean UP Toy Pretend Play Rescue For Kids,279,4:39,7 Aug 2020,P-AfTbCJLCg,https://www.youtube.com/watch?v=P-AfTbCJLCg,
PAW Patrol - How to Play - True Metal Rescue - PAW Patrol Official & Friends,139,2:19,7 Aug 2020,8haetc52aOY,https://www.youtube.com/watch?v=8haetc52aOY,
PAW Patrol - Pups Chill Out - Rescue Episode - PAW Patrol Official & Friends!,130,2:10,7 Aug 2020,-fa9FZI4TVo,https://www.youtube.com/watch?v=-fa9FZI4TVo,
Abby Hatcher - Episode 24 - Teeny Terry’s Trouble - PAW Patrol Official & Friends,135,2:15,7 Aug 2020,1cdIGmSmmV0,https://www.youtube.com/watch?v=1cdIGmSmmV0,
PAW Patrol & Abby Hatcher - Compilation #18 - PAW Patrol Official & Friends,1701,28:21,7 Aug 2020,ywFpAWEeDDc,https://www.youtube.com/watch?v=ywFpAWEeDDc,
Abby Hatcher - Episode 23 - Harriet’s Dance Moves - PAW Patrol Official & Friends,135,2:15,7 Aug 2020,qAR5XDBBkQ8,https://www.youtube.com/watch?v=qAR5XDBBkQ8,
PAW Patrol - Burrow for the Bunny - Mighty Pups Toy Episode - PAW Patrol Official & Friends,161,2:41,7 Aug 2020,TNlgrM96-rk,https://www.youtube.com/watch?v=TNlgrM96-rk,
PAW Patrol - Mighty Pups Best Moments and Rescues - PAW Patrol Official & Friends!,131,2:11,7 Aug 2020,7Eq-PcR6KhM,https://www.youtube.com/watch?v=7Eq-PcR6KhM,
PAW Patrol - Pups Save Tiny Marshall - Rescue Episode - PAW Patrol Official & Friends!,131,2:11,7 Aug 2020,hVt6PHZs1aA,https://www.youtube.com/watch?v=hVt6PHZs1aA,
PAW Patrol - Mighty Catapult - Mighty Pups Toy Pretend Play Rescue For Kids,179,2:59,7 Aug 2020,4s9NtzKTWAk,https://www.youtube.com/watch?v=4s9NtzKTWAk,
PAW Patrol - PAW Patrol RC - How To Play - PAW Patrol Official & Friends,102,1:42,7 Aug 2020,1Ydw4I0LuQY,https://www.youtube.com/watch?v=1Ydw4I0LuQY,
PAW Patrol - Pups Save the Runaway Kitties - Rescue Episode - PAW Patrol Official & Friends!,129,2:09,7 Aug 2020,Wm8MUKIAwx4,https://www.youtube.com/watch?v=Wm8MUKIAwx4,
Abby Hatcher - Episode 22 - Squeaky Peepers’ Missing Snug - PAW Patrol Official & Friends,135,2:15,7 Aug 2020,YrQwHP1TN6Y,https://www.youtube.com/watch?v=YrQwHP1TN6Y,
Abby Hatcher - Episode 21 – Teeny Terry Helps Lex - PAW Patrol Official & Friends,136,2:16,7 Aug 2020,cKJmmxk4mIk,https://www.youtube.com/watch?v=cKJmmxk4mIk,
PAW Patrol - Burst That Balloon! - Mighty Pups Toy Pretend Play Rescue For Kids,294,4:54,7 Aug 2020,H-wxiApg0d4,https://www.youtube.com/watch?v=H-wxiApg0d4,
PAW Patrol - How to Play - Mighty Pups Power Changing Vehicle - PAW Patrol Official & Friends,75,1:15,7 Aug 2020,IF1Du9mQ2Jk,https://www.youtube.com/watch?v=IF1Du9mQ2Jk,
PAW Patrol - Pups Save a Baby Octopus - Sea Patrol Rescue Episode - PAW Patrol Official & Friends!,129,2:09,7 Aug 2020,x0HulY6HXTY,https://www.youtube.com/watch?v=x0HulY6HXTY,
PAW Patrol - Pups Save Sensei Yumi - Rescue Episode - PAW Patrol Official & Friends!,131,2:11,7 Aug 2020,AHFGNyqmH9A,https://www.youtube.com/watch?v=AHFGNyqmH9A,
PAW Patrol - Delivery Ashore Toy Pretend Play Rescue For Kids,266,4:26,7 Aug 2020,BbmbxCf2ojM,https://www.youtube.com/watch?v=BbmbxCf2ojM,
PAW Patrol - Pups Party With Bats - Rescue Episode - PAW Patrol Official & Friends!,131,2:11,7 Aug 2020,huFEVV8wFpw,https://www.youtube.com/watch?v=huFEVV8wFpw,
Abby Hatcher - Episode 20 – Abby Meets Otis - PAW Patrol Official & Friends,140,2:20,7 Aug 2020,A36_52vNQUE,https://www.youtube.com/watch?v=A36_52vNQUE,
PAW Patrol & Abby Hatcher - Compilation #17 - PAW Patrol Official & Friends,1614,26:54,7 Aug 2020,qxOlUytw394,https://www.youtube.com/watch?v=qxOlUytw394,
Abby Hatcher - Episode 19 – The Squeaky Peepers - PAW Patrol Official & Friends,138,2:18,7 Aug 2020,oFk59EqeE88,https://www.youtube.com/watch?v=oFk59EqeE88,
PAW Patrol - Lightning Bolt Breakage - Mighty Pups Toy Pretend Play Rescue For Kids,237,3:57,7 Aug 2020,geMrzei0EW0,https://www.youtube.com/watch?v=geMrzei0EW0,
PAW Patrol - Pups Save a Flying Kitty - Rescue Episode - PAW Patrol Official & Friends!,131,2:11,7 Aug 2020,-89t7ha2TPA,https://www.youtube.com/watch?v=-89t7ha2TPA,
PAW Patrol - Mail Mayhem - True Metal Toy Pretend Play Rescue For Kids,149,2:29,7 Aug 2019,cjxe8UF8REg,https://www.youtube.com/watch?v=cjxe8UF8REg,
PAW Patrol - Pups Save Big Hairy - Rescue Episode - PAW Patrol Official & Friends!,130,2:10,7 Aug 2019,bCwa4srwl8M,https://www.youtube.com/watch?v=bCwa4srwl8M,
Abby Hatcher - Episode 18 – Teeny Terry’s New Snug - PAW Patrol Official & Friends,140,2:20,7 Aug 2019,vC0R7CWgsII,https://www.youtube.com/watch?v=vC0R7CWgsII,
PAW Patrol - How To Play - Mighty Jet - PAW Patrol Official & Friends,119,1:59,7 Aug 2019,69ptTOjmIWo,https://www.youtube.com/watch?v=69ptTOjmIWo,
PAW Patrol - Seeing Double - Mighty Pups Toy Pretend Play Rescue For Kids,176,2:56,7 Aug 2019,rkdQYA0bFWI,https://www.youtube.com/watch?v=rkdQYA0bFWI,
Abby Hatcher - Fuzzly Friday: Hatcher Palace Hotel - PAW Patrol Official & Friends,255,4:15,7 Aug 2019,I5AhPmHImdY,https://www.youtube.com/watch?v=I5AhPmHImdY,
PAW Patrol - Pups Save the Throne - Mission Paw Rescue Episode - PAW Patrol Official & Friends!,129,2:09,7 Aug 2019,RCdIIXX5kBo,https://www.youtube.com/watch?v=RCdIIXX5kBo,
Abby Hatcher - Episode 17 – Friendship Day - PAW Patrol Official & Friends,140,2:20,7 Aug 2019,l__xR6kTS_A,https://www.youtube.com/watch?v=l__xR6kTS_A,
PAW Patrol - Power Pile Up - Mighty Pups Toy Pretend Play Rescue For Kids,180,3:00,7 Aug 2019,VivoKcE00-g,https://www.youtube.com/watch?v=VivoKcE00-g,
PAW Patrol - Quest for the Crown - Mission Paw Rescue Episode - PAW Patrol Official & Friends!,129,2:09,7 Aug 2019,XZkpbptsecY,https://www.youtube.com/watch?v=XZkpbptsecY,
PAW Patrol - Tower Tow - Mighty Pups Toy Pretend Play Rescue For Kids,319,5:19,7 Aug 2019,K1Gd-Y6SZ7s,https://www.youtube.com/watch?v=K1Gd-Y6SZ7s,
PAW Patrol - Pups Save Dude Ranch Danny - Rescue Episode - PAW Patrol Official & Friends!,131,2:11,7 Aug 2019,AYr_IIomb3Y,https://www.youtube.com/watch?v=AYr_IIomb3Y,
PAW Patrol & Abby Hatcher - Compilation #16 - PAW Patrol Official & Friends,1328,22:08,7 Aug 2019,i8ukkQfBXjE,https://www.youtube.com/watch?v=i8ukkQfBXjE,
Abby Hatcher - Episode 16 – Fun in the Park - PAW Patrol Official & Friends,137,2:17,7 Aug 2019,CiggZN1WVz4,https://www.youtube.com/watch?v=CiggZN1WVz4,
Abby Hatcher - Fuzzly Friday: Chef Jeff - PAW Patrol Official & Friends,220,3:40,7 Aug 2019,jeUFK_J8Qac,https://www.youtube.com/watch?v=jeUFK_J8Qac,
Abby Hatcher - Episode 15 – Abby Saves Sprinkles - PAW Patrol Official & Friends,136,2:16,7 Aug 2019,XEM7oO61Lcg,https://www.youtube.com/watch?v=XEM7oO61Lcg,
PAW Patrol - Pups Save a Sleepwalking Bear - Rescue Episode - PAW Patrol Official & Friends!,131,2:11,7 Aug 2019,poAfmhWZvNI,https://www.youtube.com/watch?v=poAfmhWZvNI,
PAW Patrol - Harold’s Super Fuel - Mighty Pups Toy Episode - PAW Patrol Official & Friends,367,6:07,7 Aug 2019,LdzXygvJ-bo,https://www.youtube.com/watch?v=LdzXygvJ-bo,
PAW Patrol - Pups Save a Ferris Wheel - Rescue Episode - PAW Patrol Official & Friends!,127,2:07,7 Aug 2019,ZkOIS8GNsig,https://www.youtube.com/watch?v=ZkOIS8GNsig,
PAW Patrol - Jelly Jam - Ready Race Rescue Toy Episode - PAW Patrol Official & Friends,258,4:18,7 Aug 2019,m1vRBwvbZFM,https://www.youtube.com/watch?v=m1vRBwvbZFM,
Abby Hatcher - Episode 14 – Melvin’s New Cat - PAW Patrol Official & Friends,135,2:15,7 Aug 2019,6jUOINDCz0Q,https://www.youtube.com/watch?v=6jUOINDCz0Q,
PAW Patrol - Turbulent Trap - Mighty Pups Toy Episode - PAW Patrol Official & Friends,287,4:47,7 Aug 2019,J0NJHk53ta8,https://www.youtube.com/watch?v=J0NJHk53ta8,
Abby Hatcher - Fuzzly Friday: Squeaky Peepers - PAW Patrol Official & Friends,201,3:21,7 Aug 2019,zZA0r2kJ0h0,https://www.youtube.com/watch?v=zZA0r2kJ0h0,
PAW Patrol - Pups Save the Flying Food - Rescue Episode - PAW Patrol Official & Friends!,129,2:09,7 Aug 2019,HjBRlJK815w,https://www.youtube.com/watch?v=HjBRlJK815w,
Abby Hatcher - Episode 13 – Chef Jeff and Curly - PAW Patrol Official & Friends,135,2:15,7 Aug 2019,BQzTEXT-j8E,https://www.youtube.com/watch?v=BQzTEXT-j8E,
PAW Patrol - Pups Save Monkey-Dinger - Mission Paw Rescue Episode - PAW Patrol Official & Friends!,129,2:09,7 Aug 2019,YrpmdSM9Q8E,https://www.youtube.com/watch?v=YrpmdSM9Q8E,
Paw Patrol - The Official Mighty Pups Super Paws Twins Trailer,29,0:29,7 Aug 2019,jJGg4xI_6l8,https://www.youtube.com/watch?v=jJGg4xI_6l8,
PAW Patrol - Royally Spooked! - Mission Paw Rescue Episode - PAW Patrol Official & Friends!,131,2:11,7 Aug 2019,5YeF5aSfIn4,https://www.youtube.com/watch?v=5YeF5aSfIn4,
PAW Patrol & Abby Hatcher - Compilation #15 - PAW Patrol Official & Friends,1236,20:36,7 Aug 2019,AXW_mowHEWg,https://www.youtube.com/watch?v=AXW_mowHEWg,
Abby Hatcher - Episode 12 – Abby Meets Mo and Bo - PAW Patrol Official & Friends,140,2:20,7 Aug 2019,WAGTf5KM2xk,https://www.youtube.com/watch?v=WAGTf5KM2xk,
Abby Hatcher - Fuzzly Friday: Otis - PAW Patrol Official & Friends,205,3:25,7 Aug 2019,TSSwvvpPTIM,https://www.youtube.com/watch?v=TSSwvvpPTIM,
PAW Patrol - Super Sink Hole - Mighty Pups Toy Pretend Play Rescue For Kids,314,5:14,7 Aug 2019,-9ETqfPYky8,https://www.youtube.com/watch?v=-9ETqfPYky8,
PAW Patrol - Pups Save a Wild Ride - Rescue Episode - PAW Patrol Official & Friends!,131,2:11,7 Aug 2019,HLWagzxIZ4k,https://www.youtube.com/watch?v=HLWagzxIZ4k,
Abby Hatcher - Episode 11 – Abby Meets Harriet - PAW Patrol Official & Friends,140,2:20,7 Aug 2019,XruPZafjupU,https://www.youtube.com/watch?v=XruPZafjupU,
PAW Patrol - Pups Save Jake's Cake - Rescue Episode - PAW Patrol Official & Friends!,127,2:07,7 Aug 2019,ixk_4rILV-M,https://www.youtube.com/watch?v=ixk_4rILV-M,
PAW Patrol - End of the Rainbow Toy Pretend Play Rescue For Kids,156,2:36,7 Aug 2019,P4gCrxERvWY,https://www.youtube.com/watch?v=P4gCrxERvWY,
PAW Patrol - When Super Kitties Attack - Mighty Pups Rescue Episode - PAW Patrol Official & Friends!,131,2:11,7 Aug 2019,Tgkol2BP7-c,https://www.youtube.com/watch?v=Tgkol2BP7-c,
Abby Hatcher - Episode 10 – The Surprise Birthday Party - PAW Patrol Official & Friends,139,2:19,7 Aug 2019,C4HGjxWcX1o,https://www.youtube.com/watch?v=C4HGjxWcX1o,
PAW Patrol & Abby Hatcher - Compilation #14 - PAW Patrol Official & Friends,1017,16:57,7 Aug 2019,7doYl0qK7wA,https://www.youtube.com/watch?v=7doYl0qK7wA,
Abby Hatcher - Fuzzly Friday: Curly - PAW Patrol Official & Friends,202,3:22,7 Aug 2019,AxQ0Gp93a70,https://www.youtube.com/watch?v=AxQ0Gp93a70,
PAW Patrol - Pups Save the Carnival - Rescue Episode - PAW Patrol Official & Friends!,130,2:10,7 Aug 2019,hICJ9riavAU,https://www.youtube.com/watch?v=hICJ9riavAU,
PAW Patrol - Pups Save a Sleepover - Rescue Episode - PAW Patrol Official & Friends!,127,2:07,7 Aug 2019,pQ3IVEM9BAo,https://www.youtube.com/watch?v=pQ3IVEM9BAo,
PAW Patrol - Apples Awry Toy Pretend Play Rescue For Kids,160,2:40,7 Aug 2019,qFmsPHbWk4A,https://www.youtube.com/watch?v=qFmsPHbWk4A,
Abby Hatcher - Episode 9 – Chef Jeff’s Tuba - PAW Patrol Official & Friends,140,2:20,7 Aug 2019,uZXnpaqSH7A,https://www.youtube.com/watch?v=uZXnpaqSH7A,
Abby Hatcher - Fuzzly Friday: Teeny Terry - PAW Patrol Official & Friends,200,3:20,7 Aug 2019,NvW1oA17um4,https://www.youtube.com/watch?v=NvW1oA17um4,
PAW Patrol - Pups Save the Critters - Rescue Episode - PAW Patrol Official & Friends!,125,2:05,7 Aug 2019,tbzgXhGHeus,https://www.youtube.com/watch?v=tbzgXhGHeus,
PAW Patrol - Volcano Toy Pretend Play Rescue For Kids,129,2:09,7 Aug 2019,ZAU9HXZALIk,https://www.youtube.com/watch?v=ZAU9HXZALIk,
PAW Patrol - Pups Save a Playful Dragon - Rescue Episode - PAW Patrol Official & Friends!,131,2:11,7 Aug 2019,kp8hM9B9ngE,https://www.youtube.com/watch?v=kp8hM9B9ngE,
Abby Hatcher - Episode 8 – Abby Saves the Show - PAW Patrol Official & Friends,140,2:20,7 Aug 2019,09ILLXEnSyc,https://www.youtube.com/watch?v=09ILLXEnSyc,
Abby Hatcher - Fuzzly Friday: Mo & Bo - PAW Patrol Official & Friends,170,2:50,7 Aug 2019,UbWXsX73A00,https://www.youtube.com/watch?v=UbWXsX73A00,
PAW Patrol - Boulder Barricade Toy Pretend Play Rescue For Kids,161,2:41,7 Aug 2019,SNV_9-_60cs,https://www.youtube.com/watch?v=SNV_9-_60cs,
PAW Patrol - Pups Save the Cat Show - Rescue Episode - PAW Patrol Official & Friends!,131,2:11,7 Aug 2019,43c8zVLPgOU,https://www.youtube.com/watch?v=43c8zVLPgOU,
PAW Patrol - Pups Save a Teeny Penguin - Rescue Episode - PAW Patrol Official & Friends!,131,2:11,7 Aug 2019,b6a6pjLhWqg,https://www.youtube.com/watch?v=b6a6pjLhWqg,
Abby Hatcher - Episode 7 – The Hotel Talent Show - PAW Patrol Official & Friends,140,2:20,7 Aug 2019,GrrqaHGlFiU,https://www.youtube.com/watch?v=GrrqaHGlFiU,
Abby Hatcher - Fuzzly Friday: Harriet Bouffant - PAW Patrol Official & Friends,170,2:50,7 Aug 2019,osOLf8XlFgM,https://www.youtube.com/watch?v=osOLf8XlFgM,
PAW Patrol & Abby Hatcher - Compilation #13 - PAW Patrol Official & Friends,1143,19:03,7 Aug 2019,EEqZrnB1I1g,https://www.youtube.com/watch?v=EEqZrnB1I1g,
PAW Patrol - Preview Party for The Official Mighty Pups Super Paws!,111,1:51,7 Aug 2019,y_71Iw4ox58,https://www.youtube.com/watch?v=y_71Iw4ox58,
PAW Patrol - Pups Save the Yoga Goats - Rescue Episode - PAW Patrol Official & Friends!,128,2:08,7 Aug 2019,TXxyj76L3MY,https://www.youtube.com/watch?v=TXxyj76L3MY,
PAW Patrol - The Official Mighty Pups Super Paws Trailer,46,0:46,7 Aug 2019,LftAZbr-6So,https://www.youtube.com/watch?v=LftAZbr-6So,
PAW Patrol - Log Bunny Rescue - Toy Episode - PAW Patrol Official & Friends,136,2:16,7 Aug 2019,Rj-6su7JzB4,https://www.youtube.com/watch?v=Rj-6su7JzB4,
PAW Patrol - Tunnel Vision - Ultimate Rescue Toy Episode - PAW Patrol Official & Friends,146,2:26,7 Aug 2019,5rsel7vHuq8,https://www.youtube.com/watch?v=5rsel7vHuq8,
PAW Patrol - Pups Save Gustavo's Guitar - Rescue Episode - PAW Patrol Official & Friends!,131,2:11,7 Aug 2019,PGL82hTUckI,https://www.youtube.com/watch?v=PGL82hTUckI,
Abby Hatcher - Episode 6 – Cousin Flugtilda’s Visit - PAW Patrol Official & Friends,136,2:16,7 Aug 2019,t8-ecH9DKOU,https://www.youtube.com/watch?v=t8-ecH9DKOU,
Abby Hatcher - Fuzzly Friday: Princess Flug - PAW Patrol Official & Friends,224,3:44,7 Aug 2019,6CFo-HseQsM,https://www.youtube.com/watch?v=6CFo-HseQsM,
PAW Patrol - Pups Save the Baby Ostriches - Rescue Episode - PAW Patrol Official & Friends!,131,2:11,7 Aug 2019,zIr2x5Y7c7w,https://www.youtube.com/watch?v=zIr2x5Y7c7w,
PAW Patrol - Litter Bug Toy Pretend Play Rescue For Kids,139,2:19,7 Aug 2019,ZUD7CtOTC04,https://www.youtube.com/watch?v=ZUD7CtOTC04,
PAW Patrol - Giant Ice Cubes Toy Pretend Play Rescue For Kids,196,3:16,7 Aug 2019,ogDnkv701g0,https://www.youtube.com/watch?v=ogDnkv701g0,
PAW Patrol - Pups and the Stinky Bubble Trouble - Rescue Episode - PAW Patrol Official & Friends!,118,1:58,7 Aug 2019,L-pzL83cIwU,https://www.youtube.com/watch?v=L-pzL83cIwU,
Abby Hatcher - Episode 5 – Bozzly and Melvin - PAW Patrol Official & Friends,123,2:03,7 Aug 2019,Pl20Wve_nDM,https://www.youtube.com/watch?v=Pl20Wve_nDM,
PAW Patrol & Abby Hatcher - Compilation #12 - PAW Patrol Official & Friends,1122,18:42,7 Aug 2019,ulck61r_I84,https://www.youtube.com/watch?v=ulck61r_I84,
Abby Hatcher - Fuzzly Friday: Bozzly - PAW Patrol Official & Friends,229,3:49,7 Aug 2019,ZcLCQpnvti0,https://www.youtube.com/watch?v=ZcLCQpnvti0,
PAW Patrol - Pups Save Mayor Goodway's Purse - Rescue Episode - PAW Patrol Official & Friends!,132,2:12,7 Aug 2019,TzdmwFLkRdQ,https://www.youtube.com/watch?v=TzdmwFLkRdQ,
PAW Patrol - Lighthouse Toy Pretend Play Rescue For Kids,248,4:08,7 Aug 2019,fPHHCTvgTXs,https://www.youtube.com/watch?v=fPHHCTvgTXs,
PAW Patrol - A Bridge to a Bear - Ultimate Rescue Toy Pretend Play Rescue For Kids,148,2:28,7 Aug 2019,HXMHubGt_JA,https://www.youtube.com/watch?v=HXMHubGt_JA,
PAW Patrol - Pups Save the Honey - Rescue Episode - PAW Patrol Official & Friends!,130,2:10,7 Aug 2019,WSk91oKD9RA,https://www.youtube.com/watch?v=WSk91oKD9RA,
Abby Hatcher - Episode 4 – Abby Helps Otis - PAW Patrol Official & Friends,133,2:13,7 Aug 2019,guI0CUzRUzM,https://www.youtube.com/watch?v=guI0CUzRUzM,
PAW Patrol - Pups Save a Chili Cook Out - Rescue Episode - PAW Patrol Official & Friends!,128,2:08,7 Aug 2019,VWDxtphy_jY,https://www.youtube.com/watch?v=VWDxtphy_jY,
PAW Patrol - Popcorn Mayhem Toy Pretend Play Rescue For Kids,199,3:19,7 Aug 2019,tI1M81jytNk,https://www.youtube.com/watch?v=tI1M81jytNk,
PAW Patrol - Pool Patrol - Ultimate Rescue Toy Pretend Play Rescue For Kids,158,2:38,7 Aug 2019,ZGGI3dvwqTI,https://www.youtube.com/watch?v=ZGGI3dvwqTI,
PAW Patrol - Pups Save a Blimp - Rescue Episode - PAW Patrol Official & Friends!,131,2:11,7 Aug 2019,Sbrz0P5P6Gs,https://www.youtube.com/watch?v=Sbrz0P5P6Gs,
Abby Hatcher - Episode 3 – The Snow Monster - PAW Patrol Official & Friends,131,2:11,7 Aug 2019,5VK96CBKBsY,https://www.youtube.com/watch?v=5VK96CBKBsY,
PAW Patrol - International Learn To Swim Day - Rescue Episode! - PAW Patrol Official & Friends,727,12:07,7 Aug 2019,KUFPRi0FQl8,https://www.youtube.com/watch?v=KUFPRi0FQl8,
"PAW Patrol - Pup Tales, Toy Episodes, and More! - Compilation #11 - PAW Patrol Official & Friends",857,14:17,7 Aug 2019,BdgeWD99tNg,https://www.youtube.com/watch?v=BdgeWD99tNg,
PAW Patrol - Pups Save Captain Gordy - Ultimate Rescue Episode - PAW Patrol Official & Friends!,131,2:11,7 Aug 2019,u_QSBnudkN8,https://www.youtube.com/watch?v=u_QSBnudkN8,
PAW Patrol - Soggy Situation - Ride ‘N’ Rescue Toy Pretend Play Rescue For Kids,137,2:17,7 Aug 2019,TEZau70FToI,https://www.youtube.com/watch?v=TEZau70FToI,
PAW Patrol - Cotton Candy Crash - Ultimate Rescue Toy Pretend Play Rescue For Kids,170,2:50,7 Aug 2019,OY_e5T6sbbw,https://www.youtube.com/watch?v=OY_e5T6sbbw,
PAW Patrol Pups Save the Mountain Climbers - Ultimate Rescue Episode PAW Patrol Official & Friends!,124,2:04,7 Aug 2019,07OBYheHaMg,https://www.youtube.com/watch?v=07OBYheHaMg,
Abby Hatcher - Episode 2 – Salon Day Off - PAW Patrol Official & Friends,133,2:13,7 Aug 2019,6LdYU3NtDOU,https://www.youtube.com/watch?v=6LdYU3NtDOU,
PAW Patrol - Pups Save a Cow - Rescue Episode - PAW Patrol Official & Friends!,131,2:11,7 Aug 2019,nLOgAdlqk6g,https://www.youtube.com/watch?v=nLOgAdlqk6g,
PAW Patrol - Tricky Training - Ride ‘N’ Rescue Toy Pretend Play Rescue For Kids,120,2:00,7 Aug 2019,kvYDS1oEBD0,https://www.youtube.com/watch?v=kvYDS1oEBD0,
PAW Patrol - Strawberry Picking - Ultimate Rescue Toy Pretend Play Rescue For Kids,197,3:17,7 Aug 2019,sncHJHns4z4,https://www.youtube.com/watch?v=sncHJHns4z4,
PAW Patrol - Pups Save a Melon Festival - Rescue Episode - PAW Patrol Official & Friends!,129,2:09,7 Aug 2019,c_b9kjQyfxg,https://www.youtube.com/watch?v=c_b9kjQyfxg,
Abby Hatcher - Episode 1 – Abby Meets Her First Fuzzly - PAW Patrol Official & Friends,132,2:12,7 Aug 2019,DEsr1VvF7Uc,https://www.youtube.com/watch?v=DEsr1VvF7Uc,
"PAW Patrol - Pup Tales, Toy Episodes, and More! Compilation #10 - PAW Patrol Official & Friends",913,15:13,7 Aug 2019,ykpnCUznQDc,https://www.youtube.com/watch?v=ykpnCUznQDc,
PAW Patrol - Tricky Treehouse - Ultimate Rescue Toy Pretend Play Rescue For Kids,150,2:30,7 Aug 2019,xxYdvApxlTA,https://www.youtube.com/watch?v=xxYdvApxlTA,
PAW Patrol - Missing Cellphone Mystery - Ultimate Rescue Episode - PAW Patrol Official & Friends!,131,2:11,7 Aug 2019,qNqceMkvIZ0,https://www.youtube.com/watch?v=qNqceMkvIZ0,
PAW Patrol - Marshall’s Training - Ride ‘N’ Rescue Toy Episode - PAW Patrol Official & Friends,141,2:21,7 Aug 2019,mSniWCyNXrw,https://www.youtube.com/watch?v=mSniWCyNXrw,
PAW Patrol - Pups Stop a Meltdown - Ultimate Rescue Episode - PAW Patrol Official & Friends!,108,1:48,7 Aug 2019,S5mfsWQ8tkM,https://www.youtube.com/watch?v=S5mfsWQ8tkM,
Abby Hatcher Theme Song - Official Trailer! - PAW Patrol Official & Friends,72,1:12,7 Aug 2019,sUOFigAs6Uc,https://www.youtube.com/watch?v=sUOFigAs6Uc,
PAW Patrol - Playground Problems - Ultimate Rescue Toy Pretend Play Rescue For Kids,157,2:37,7 Aug 2019,sDYnvbN1i4k,https://www.youtube.com/watch?v=sDYnvbN1i4k,
PAW Patrol - Pups Save a Freighter - Rescue Episode - PAW Patrol Official & Friends!,131,2:11,7 Aug 2019,0ACVz4Q6s-I,https://www.youtube.com/watch?v=0ACVz4Q6s-I,
PAW Patrol - Chase’s Training - Ride 'N' Rescue Toy Pretend Play Rescue For Kids,157,2:37,7 Aug 2019,EGuYsqf_f7A,https://www.youtube.com/watch?v=EGuYsqf_f7A,
PAW Patrol - Pups Save the Jungle Penguins - Rescue Episode - PAW Patrol Official & Friends!,105,1:45,7 Aug 2019,2kJ2QEvGF5o,https://www.youtube.com/watch?v=2kJ2QEvGF5o,
PAW Patrol & Abby Hatcher Mashup! Team Up for the Rescue! - PAW Patrol Official & Friends,166,2:46,7 Aug 2019,_qBuFzY1kQ0,https://www.youtube.com/watch?v=_qBuFzY1kQ0,
"PAW Patrol - Pup Tales, Toy Episodes, and More! - Compilation #9 - PAW Patrol Official & Friends",942,15:42,7 Aug 2019,kt8ILCeMC74,https://www.youtube.com/watch?v=kt8ILCeMC74,
PAW Patrol - Downhill Race Toy Pretend Play Rescue For Kids,176,2:56,7 Aug 2019,LiwScOZrlUo,https://www.youtube.com/watch?v=LiwScOZrlUo,
PAW Patrol - Pups Save Ace's Birthday Surprise - Rescue Episode - PAW Patrol Official & Friends!,129,2:09,7 Aug 2019,oEWSchvr4sE,https://www.youtube.com/watch?v=oEWSchvr4sE,
PAW Patrol - Rubble Rubble - Ultimate Rescue Toy Pretend Play Rescue For Kids,190,3:10,7 Aug 2019,fLoE8yreWaA,https://www.youtube.com/watch?v=fLoE8yreWaA,
PAW Patrol - Pups Save a Mascot - Rescue Episode - PAW Patrol Official & Friends!,131,2:11,7 Aug 2019,IFG-4MP3cw4,https://www.youtube.com/watch?v=IFG-4MP3cw4,
PAW Patrol - Pipeline Pandemonium - Ultimate Rescue Toy Pretend Play Rescue For Kids,163,2:43,7 Aug 2019,bzUQvmNlG_o,https://www.youtube.com/watch?v=bzUQvmNlG_o,
PAW Patrol - Pups Save a Pluck-o-Matic - Rescue Episode - PAW Patrol Official & Friends!,131,2:11,7 Aug 2019,5SqZc5fOfaI,https://www.youtube.com/watch?v=5SqZc5fOfaI,
PAW Patrol - Easter Egg Hunt Toy Pretend Play Rescue For Kids,218,3:38,7 Aug 2019,zHKjkyRCeII,https://www.youtube.com/watch?v=zHKjkyRCeII,
PAW Patrol - Pups Save the Fizzy Pickles - Rescue Episode - PAW Patrol Official & Friends!,131,2:11,7 Aug 2019,AOO21Vt3wiw,https://www.youtube.com/watch?v=AOO21Vt3wiw,
"PAW Patrol - Pup Tales, Toy Episodes, and More! - Compilation #8 - PAW Patrol Official & Friends",1029,17:09,7 Aug 2019,nkawnTuS9ks,https://www.youtube.com/watch?v=nkawnTuS9ks,
PAW Patrol - Pups Save a Frozen Campout - Rescue Episode - PAW Patrol Official & Friends!,130,2:10,7 Aug 2019,Y_MamlxJ4_E,https://www.youtube.com/watch?v=Y_MamlxJ4_E,
PAW Patrol - Snowball - Ultimate Rescue Toy Episode - PAW Patrol And Friends,147,2:27,7 Aug 2019,9YVgDc-3DrA,https://www.youtube.com/watch?v=9YVgDc-3DrA,
PAW Patrol - Pups Save Thanksgiving - Rescue Episode - PAW Patrol Official & Friends!,131,2:11,7 Aug 2019,1GkJvp80KFY,https://www.youtube.com/watch?v=1GkJvp80KFY,
PAW Patrol - Pups Save a Sleepwalking Mayor - Rescue Episode - PAW Patrol Official & Friends!,130,2:10,7 Aug 2019,8fN2gQJ4-5I,https://www.youtube.com/watch?v=8fN2gQJ4-5I,
PAW Patrol - Sand Storm Toy Pretend Play Rescue For Kids,184,3:04,7 Aug 2019,4mB7kpynMW4,https://www.youtube.com/watch?v=4mB7kpynMW4,
PAW Patrol - Pups and the Werepuppy - Rescue Episode - PAW Patrol Official & Friends!,118,1:58,7 Aug 2019,op908LLl1QE,https://www.youtube.com/watch?v=op908LLl1QE,
PAW Patrol - Beanstalk Toy Pretend Play Rescue For Kids,231,3:51,7 Aug 2019,JLZBeoY9WtM,https://www.youtube.com/watch?v=JLZBeoY9WtM,
PAW Patrol - Pups Save the Trick Or Treaters - Rescue Episode - PAW Patrol Official & Friends,125,2:05,7 Aug 2019,da0dml3w3e4,https://www.youtube.com/watch?v=da0dml3w3e4,
PAW Patrol - Moths at the Library Toy Pretend Play Rescue For Kids,218,3:38,7 Aug 2019,9LRmgxFOQsE,https://www.youtube.com/watch?v=9LRmgxFOQsE,
"PAW Patrol - Pup Tales, Toy Episodes, and More! - Compilation #7 - PAW Patrol Official & Friends",813,13:33,7 Aug 2019,E6t_s52IgLY,https://www.youtube.com/watch?v=E6t_s52IgLY,
PAW Patrol - Ultimate Rescue Construction Truck - A Rockin’ Rescue! - Toy Pretend Play For Kids,100,1:40,7 Aug 2019,epRq_yM9ygU,https://www.youtube.com/watch?v=epRq_yM9ygU,
PAW Patrol - Valentine’s Day Tree Rescue! | Toy Pretend Play For Kids,83,1:23,7 Aug 2019,8gDXLbVJCOw,https://www.youtube.com/watch?v=8gDXLbVJCOw,
"PAW Patrol - Pup Tales, Toy Episodes, and More! - Compilation #6 - PAW Patrol Official & Friends",979,16:19,7 Aug 2019,xnbxildklA0,https://www.youtube.com/watch?v=xnbxildklA0,
PAW Patrol - The Official Mighty Pups Trailer,41,0:41,7 Aug 2019,eOYL8qQxxPw,https://www.youtube.com/watch?v=eOYL8qQxxPw,
PAW Patrol - ULTIMATE RESCUE - Canada,37,0:37,7 Aug 2019,0eSLU05mQQQ,https://www.youtube.com/watch?v=0eSLU05mQQQ,
PAW Patrol - Rebuilding the School! | Toy Pretend Play For Kids,141,2:21,7 Aug 2019,mXzk6ocl5AA,https://www.youtube.com/watch?v=mXzk6ocl5AA,
PAW Patrol - Ultimate Underground Escape! - Toy Pretend Play For Kids,113,1:53,7 Aug 2019,67pEnp17dro,https://www.youtube.com/watch?v=67pEnp17dro,
PAW Patrol - Paw Patroller Adventure - Toy Pretend Play For Kids,104,1:44,7 Aug 2019,Nom2RWSjOCg,https://www.youtube.com/watch?v=Nom2RWSjOCg,
PAW Patrol - Rescuing Animals From A Sinking Ferry! - Toy Pretend Play For Kids,140,2:20,7 Aug 2019,Us5Mv2EGU4Y,https://www.youtube.com/watch?v=Us5Mv2EGU4Y,
PAW Patrol - Paw Patroller Adventures! - Toy Pretend Play For Kids Compilation,558,9:18,7 Aug 2019,flBFyv7upzs,https://www.youtube.com/watch?v=flBFyv7upzs,
PAW Patrol - Ink Spill Adventure Clean Up! - Toy Pretend Play For Kids,105,1:45,7 Aug 2019,wJFYM6nQ9S0,https://www.youtube.com/watch?v=wJFYM6nQ9S0,
PAW Patrol - Ultimate Fire Truck Rescue! - Toy Pretend Play For Kids,145,2:25,7 Aug 2019,7XWeLTqtRdA,https://www.youtube.com/watch?v=7XWeLTqtRdA,
PAW Patrol - Balloon on the Loose - Toy Pretend Play For Kids,128,2:08,7 Aug 2019,F9JfCdJ2Qac,https://www.youtube.com/watch?v=F9JfCdJ2Qac,
PAW Patrol - Giant Food Gas Leak! - Mighty Pups Toy Episode,242,4:02,7 Aug 2019,WxkpANQync4,https://www.youtube.com/watch?v=WxkpANQync4,
PAW Patrol - Forest and Tree Rescues! Nature Pups! - Toy Pretend Play For Kids Compilation,642,10:42,7 Aug 2019,Gg_b1Rtq-8A,https://www.youtube.com/watch?v=Gg_b1Rtq-8A,
PAW Patrol - Ultimate Police Cruiser Rescue! - Toy Pretend Play For Kids,122,2:02,7 Aug 2019,HTACvdKqj6o,https://www.youtube.com/watch?v=HTACvdKqj6o,
PAW Patrol - How-To: Ride ‘n’ Rescue,167,2:47,7 Aug 2019,x_yYeXFUJrs,https://www.youtube.com/watch?v=x_yYeXFUJrs,
PAW Patrol - How-To: Ultimate Rescue Construction Truck,99,1:39,7 Aug 2019,_bShvw9VuxQ,https://www.youtube.com/watch?v=_bShvw9VuxQ,
PAW Patrol - The Very Windy Day! - Toy Pretend Play For Kids,128,2:08,7 Aug 2019,qkeoU8fZ7BY,https://www.youtube.com/watch?v=qkeoU8fZ7BY,
PAW Patrol - Pup Tales - Music Video #4 - Rescue Episode!,53,0:53,7 Aug 2019,8CDEEPIduI0,https://www.youtube.com/watch?v=8CDEEPIduI0,
PAW Patrol - ULTIMATE Fire Truck Premiere,37,0:37,7 Aug 2019,hP76l8jo3FQ,https://www.youtube.com/watch?v=hP76l8jo3FQ,
PAW Patrol - Broken Bridge Rescue! | Toy Pretend Play For Kids,206,3:26,7 Aug 2019,q4nDG8rw7Nw,https://www.youtube.com/watch?v=q4nDG8rw7Nw,
PAW Patrol - Rescuing Zuma From A Tree! - Toy Pretend Play For Kids,139,2:19,7 Aug 2019,a0paAPiwNBw,https://www.youtube.com/watch?v=a0paAPiwNBw,
"PAW Patrol - Pup Tales, Toy Episodes, and More! - Compilation #2 - PAW Patrol Official & Friends",377,6:17,7 Aug 2019,Kn4AyXF5qTY,https://www.youtube.com/watch?v=Kn4AyXF5qTY,
PAW Patrol - Mighty Pups Power Up! - Toy Pretend Play For Kids,206,3:26,7 Aug 2019,NMgy-eYQoV8,https://www.youtube.com/watch?v=NMgy-eYQoV8,
PAW Patrol - Rocky Gets Stuck On A Rooftop! - Flip N Fly Toy Episode,110,1:50,7 Aug 2019,WhEg2myeznc,https://www.youtube.com/watch?v=WhEg2myeznc,
PAW Patrol - Chase's Ultimate Police Cruiser Helps Skye's Stuck Helicopter! - Toy Episode,169,2:49,7 Aug 2019,K8iGE0opQH8,https://www.youtube.com/watch?v=K8iGE0opQH8,
PAW Patrol - Slippery Frozen Lake Rescue - Toy Episode,102,1:42,7 Aug 2019,3Hhb3wqooFY,https://www.youtube.com/watch?v=3Hhb3wqooFY,
"PAW Patrol - Pup Tales, Toy Episodes, and More! - Compilation #1 - PAW Patrol Official & Friends",473,7:53,7 Aug 2019,hhZfrqIbDHM,https://www.youtube.com/watch?v=hhZfrqIbDHM,
PAW Patrol - Animal Rescues! Pups Save the Day! - Toy Episode Compilation,672,11:12,7 Aug 2019,NN3kRamF4aQ,https://www.youtube.com/watch?v=NN3kRamF4aQ,
PAW Patrol - Bunny Rabbit Scrapyard Escape! - Toy Pretend Play For Kids,224,3:44,7 Aug 2019,Chn6_yRnkGc,https://www.youtube.com/watch?v=Chn6_yRnkGc,
PAW Patrol - Pups Save The Royal Kitties - Ultimate Rescue Episode - PAW Patrol Official & Friends,131,2:11,7 Aug 2019,_IrP62tb9Ps,https://www.youtube.com/watch?v=_IrP62tb9Ps,
PAW Patrol - Boulders Blocking Adventure Bay! - Toy Pretend Play For Kids,111,1:51,7 Aug 2019,5R0w34jK6gc,https://www.youtube.com/watch?v=5R0w34jK6gc,
PAW Patrol - Sand Castle Cave In! - Toy Pretend Play For Kids,180,3:00,7 Aug 2019,1rAk9IdVbP0,https://www.youtube.com/watch?v=1rAk9IdVbP0,
PAW Patrol - Pup Tales - Music Video #3,88,1:28,7 Aug 2019,SUGi2ZqhuWM,https://www.youtube.com/watch?v=SUGi2ZqhuWM,
PAW Patrol - Pup Tales - Music Video #3!,88,1:28,7 Aug 2019,WFu7j4OSdBQ,https://www.youtube.com/watch?v=WFu7j4OSdBQ,
PAW Patrol - Catch the Bunny! Glider to the Rescue! - Toy Pretend Play For Kids,195,3:15,7 Aug 2019,BqeKkboSyNI,https://www.youtube.com/watch?v=BqeKkboSyNI,
PAW Patrol - Marshall's Fire Truck Saves The Day! - Toy Pretend Play For Kids,179,2:59,7 Aug 2019,SaKnXerL1CE,https://www.youtube.com/watch?v=SaKnXerL1CE,
PAW Patrol - Flight Rescues! Pups Take to the Skies! - Toy Pretend Play For Kids,714,11:54,7 Aug 2019,SF8heBXMoGQ,https://www.youtube.com/watch?v=SF8heBXMoGQ,
PAW Patrol - Skye Gets Trapped On Top Of A Building - Toy Pretend Play For Kids,103,1:43,7 Aug 2019,ultfzNNsrCo,https://www.youtube.com/watch?v=ultfzNNsrCo,
PAW Patrol - Pups Save a Cat Burglar - Rescue Episode - PAW Patrol Official & Friends,123,2:03,7 Aug 2019,Jmp1jnINjIM,https://www.youtube.com/watch?v=Jmp1jnINjIM,
PAW Patrol - Jelly Spill Traps Bunny! - Ultimate Rescue Toy Episode,125,2:05,7 Aug 2019,r9hfe2zoDUQ,https://www.youtube.com/watch?v=r9hfe2zoDUQ,
PAW Patrol - Smoke At Farmer Yumi's Farm! - Toy Pretend Play For Kids,155,2:35,7 Aug 2019,53yBLrjKWHY,https://www.youtube.com/watch?v=53yBLrjKWHY,
PAW Patrol - Pups Save an Extreme Lunch - Rescue Episode - PAW Patrol Official & Friends,123,2:03,7 Aug 2019,JBCx7jKN9nE,https://www.youtube.com/watch?v=JBCx7jKN9nE,
PAW Patrol - Best of Pup Tales #1 - Rescue Episode Compilation!,105,1:45,7 Aug 2019,MHbXsLzZUyU,https://www.youtube.com/watch?v=MHbXsLzZUyU,
PAW Patrol - Halloween,148,2:28,7 Aug 2019,Z5ITxTsumbI,https://www.youtube.com/watch?v=Z5ITxTsumbI,
Paw Patrol - How To - Ultimate Fire Truck - Using the Ladder,73,1:13,7 Aug 2019,3PC_2c2jSU8,https://www.youtube.com/watch?v=3PC_2c2jSU8,
PAW Patrol - Rescuing a Bunny! - Toy Pretend Play For Kids,119,1:59,7 Aug 2019,u_-DifCMF8o,https://www.youtube.com/watch?v=u_-DifCMF8o,
PAW Patrol - Ultimate Ice Rescue - Toy Pretend Play For Kids,209,3:29,7 Aug 2019,7lJt1kGEAlQ,https://www.youtube.com/watch?v=7lJt1kGEAlQ,
PAW Patrol - Pups Go For The Gold - Rescue Episode - PAW Patrol Official & Friends,126,2:06,7 Aug 2019,pxm3xQyV7Yk,https://www.youtube.com/watch?v=pxm3xQyV7Yk,
PAW Patrol - How To: Chase’s Ultimate Police Vehicle!,69,1:09,7 Aug 2019,afTl7dvC3jA,https://www.youtube.com/watch?v=afTl7dvC3jA,
PAW Patrol - How To: Skye’s Ultimate Helicopter!,61,1:01,7 Aug 2019,o3fvqBYX-qs,https://www.youtube.com/watch?v=o3fvqBYX-qs,
PAW Patrol - Marshall and his Fire Truck to the Rescue! - Toy Pretend Play For Kids,731,12:11,7 Aug 2019,7feoextjNGk,https://www.youtube.com/watch?v=7feoextjNGk,
PAW Patrol - Cloud of Cotton Candy in Adventure Bay! - Ultimate Rescue Toy Episode,202,3:22,7 Aug 2019,iR3bRsjd5Nk,https://www.youtube.com/watch?v=iR3bRsjd5Nk,
PAW Patrol - Pups Save a High Flying Skye - Rescue Episode - PAW Patrol Official & Friends,126,2:06,7 Aug 2019,Q8AMfQAExhA,https://www.youtube.com/watch?v=Q8AMfQAExhA,
PAW Patrol - Adventure Bay Gets Flooded! - Toy Pretend Play For Kids,130,2:10,7 Aug 2019,0N3lfLmUxTU,https://www.youtube.com/watch?v=0N3lfLmUxTU,
PAW Patrol - Skye Faces Her Fear of Eagles to Rescue the Egg! - Toy Pretend Play For Kids,147,2:27,7 Aug 2019,wd1eYrqLR04,https://www.youtube.com/watch?v=wd1eYrqLR04,
PAW Patrol - Pups Save a Wiggly Whale - Sea Patrol Rescue Episode - PAW Patrol Official & Friends,125,2:05,7 Aug 2019,N7JrOnSq6SQ,https://www.youtube.com/watch?v=N7JrOnSq6SQ,
PAW Patrol - Pup Tales - Music Video #2,93,1:33,7 Aug 2019,TBCQ4afJOs0,https://www.youtube.com/watch?v=TBCQ4afJOs0,
PAW Patrol - Birthday Cake Rescue! - Toy Pretend Play For Kids,146,2:26,7 Aug 2019,g5fATCCGDLE,https://www.youtube.com/watch?v=g5fATCCGDLE,
PAW Patrol - Marshall's Ultimate Fire Truck Helps Rescue Cat In Tree - Toy Episode,147,2:27,7 Aug 2019,BA78zIQcRPw,https://www.youtube.com/watch?v=BA78zIQcRPw,
PAW Patrol - Pups Save a Sunken Sloop - Sea Patrol Rescue Episode - PAW Patrol Official & Friends,126,2:06,7 Aug 2019,59vjfJIEXuo,https://www.youtube.com/watch?v=59vjfJIEXuo,
PAW Patrol - The Official Mighty Pups Trailer,50,0:50,7 Aug 2019,rzHczgrCV94,https://www.youtube.com/watch?v=rzHczgrCV94,
PAW Patrol - Tracker's Jungle Adventure - Toy Pretend Play For Kids,144,2:24,7 Aug 2019,zdu-i126Imo,https://www.youtube.com/watch?v=zdu-i126Imo,
PAW Patrol - Pups Save a Hum Mover - Rescue Episode - PAW Patrol Official & Friends,126,2:06,7 Aug 2019,z9jNrcgl-64,https://www.youtube.com/watch?v=z9jNrcgl-64,
PAW Patrol - Pup Tales - Music Video #1,82,1:22,7 Aug 2019,w2CnecV1usg,https://www.youtube.com/watch?v=w2CnecV1usg,
PAW Patrol - Rescuing Rubble's Digger! - Toy Pretend Play For Kids,120,2:00,7 Aug 2019,TseS-kM1zts,https://www.youtube.com/watch?v=TseS-kM1zts,
PAW Patrol - Take To The Skies! Fallen Tree Causes Trouble - Toy Pretend Play For Kids,181,3:01,7 Aug 2019,XE9JWchEZjc,https://www.youtube.com/watch?v=XE9JWchEZjc,
PAW Patrol - Pups Save an Ostrich - Rescue Episode - PAW Patrol Official & Friends,121,2:01,7 Aug 2019,YVrOVUjbcaM,https://www.youtube.com/watch?v=YVrOVUjbcaM,
PAW Patrol - ULTIMATE Fire Truck Premiere,48,0:48,7 Aug 2019,UK-3bPU6Qe4,https://www.youtube.com/watch?v=UK-3bPU6Qe4,
PAW Patrol - Hot Air Balloon - Toy Pretend Play For Kids,158,2:38,7 Aug 2019,hGSoX0eFTxY,https://www.youtube.com/watch?v=hGSoX0eFTxY,
PAW Patrol - Beach - Toy Pretend Play For Kids,251,4:11,7 Aug 2019,J-XaFcCaIBc,https://www.youtube.com/watch?v=J-XaFcCaIBc,
PAW Patrol - Pups Save The Kitty Rescue Crew - Rescue Episode - PAW Patrol Official & Friends,123,2:03,7 Aug 2019,ZzZ7zKhBIIQ,https://www.youtube.com/watch?v=ZzZ7zKhBIIQ,
PAW Patrol - Pups Find a Treasure - Toy Pretend Play For Kids,247,4:07,7 Aug 2019,XR_WIypbPsI,https://www.youtube.com/watch?v=XR_WIypbPsI,
PAW Patrol -  Pups Save a Satellite | Toy Pretend Play For Kids,174,2:54,7 Aug 2019,zaHbzIRHLPU,https://www.youtube.com/watch?v=zaHbzIRHLPU,
PAW Patrol - Pups Save the Hikers - Toy Pretend Play For Kids,200,3:20,7 Aug 2019,C8lUBDiLtz4,https://www.youtube.com/watch?v=C8lUBDiLtz4,
PAW Patrol - Pups Save Big Paw - Rescue Episode - PAW Patrol Official & Friends,130,2:10,7 Aug 2019,WweI5s-6HZI,https://www.youtube.com/watch?v=WweI5s-6HZI,
PAW Patrol - Pups Save Everest - Toy Pretend Play For Kids,242,4:02,7 Aug 2019,-X2FGAEFhUk,https://www.youtube.com/watch?v=-X2FGAEFhUk,
PAW Patrol - Pups Save the Soccer Game - Toy Pretend Play For Kids,207,3:27,7 Aug 2019,397v5--qOc4,https://www.youtube.com/watch?v=397v5--qOc4,
PAW Patrol - Pups Save a Sandcastle - Toy Pretend Play For Kids,195,3:15,7 Aug 2018,NURftMqTu30,https://www.youtube.com/watch?v=NURftMqTu30,
PAW Patrol - Adventure Bay Day - Toy Episode,182,3:02,7 Aug 2018,n4ees_RW0UA,https://www.youtube.com/watch?v=n4ees_RW0UA,
PAW Patrol - Flip & Fly Vehicles: Troubleshooting the Wings,95,1:35,7 Aug 2018,tAhD4yLQf4s,https://www.youtube.com/watch?v=tAhD4yLQf4s,
PAW Patrol - How to Play with Chase’s Off-Road Rescue ft. Winch Tech!,184,3:04,7 Aug 2018,GJ2tVQ2FQDc,https://www.youtube.com/watch?v=GJ2tVQ2FQDc,
PAW Patrol - My Size Lookout Tower: Troubleshooting,29,0:29,7 Aug 2018,W-COnzQx8jM,https://www.youtube.com/watch?v=W-COnzQx8jM,
PAW Patrol - Macy’s Thanksgiving Day Parade Teaser (2017),6,0:06,7 Aug 2018,CuBq8l7oug4,https://www.youtube.com/watch?v=CuBq8l7oug4,
PAW Patrol - Macy’s Thanksgiving Day Parade Extended Cut (2017),40,0:40,7 Aug 2018,KT_a7l0avFo,https://www.youtube.com/watch?v=KT_a7l0avFo,
PAW Patrol - Macy’s Thanksgiving Day Parade (2017),25,0:25,7 Aug 2018,4Y5WP_asCAQ,https://www.youtube.com/watch?v=4Y5WP_asCAQ,
PAW Patrol - Puppy Party,110,1:50,7 Aug 2018,vsab-yJoaTc,https://www.youtube.com/watch?v=vsab-yJoaTc,
PAW Patrol - Fast and Furryness,137,2:17,7 Aug 2018,bt2CV3RqBWs,https://www.youtube.com/watch?v=bt2CV3RqBWs,
PAW Patrol - Haunted Castle,145,2:25,7 Aug 2018,1Kcl0RKqD18,https://www.youtube.com/watch?v=1Kcl0RKqD18,
PAW Patrol - How To Play With Your Rubble's Mountain Rescue Track Set (Roll Patrol Set),142,2:22,7 Aug 2018,OblDU_YsYVk,https://www.youtube.com/watch?v=OblDU_YsYVk,
PAW Patrol - How To Play With Your My Size Lookout Tower,153,2:33,7 Aug 2018,OXyDgzRO4yE,https://www.youtube.com/watch?v=OXyDgzRO4yE,
PAW Patrol - How To Play With Your Sea Patroller,114,1:54,7 Aug 2018,WUaggdtH1UI,https://www.youtube.com/watch?v=WUaggdtH1UI,
PAW Patrol - How To Play With Your Adventure Bay Railway Track Set (Roll Patrol Set),114,1:54,7 Aug 2017,0pIh_kq2tD8,https://www.youtube.com/watch?v=0pIh_kq2tD8,
PAW Patrol - How To Play With Your Lookout Tower Track Set (Roll Patrol Set),103,1:43,7 Aug 2017,mJfkUp-gKG0,https://www.youtube.com/watch?v=mJfkUp-gKG0,
PAW Patrol - Happy Mother's Day From PAW Patrol!,31,0:31,7 Aug 2017,DjgHh1wwayM,https://www.youtube.com/watch?v=DjgHh1wwayM,
PAW Patrol - Happy PAW-lidays from PAW Patrol!,30,0:30,7 Aug 2017,1_Bm_Gk1mIQ,https://www.youtube.com/watch?v=1_Bm_Gk1mIQ,
PAW Patrol - Happy Thanksgiving - #PAWmoments,31,0:31,7 Aug 2017,mCvXbHfeLFM,https://www.youtube.com/watch?v=mCvXbHfeLFM,
PAW Patrol - Roll Patrol Pups (2016),31,0:31,7 Aug 2017,bCA0M-9qTCg,https://www.youtube.com/watch?v=bCA0M-9qTCg,
PAW Patrol - Save The Day With The Paw Terrain Vehicle (2016),21,0:21,7 Aug 2017,OLtyDcNiuYw,https://www.youtube.com/watch?v=OLtyDcNiuYw,
PAW Patrol - Celebrate Every Moment - #PAWmoments,62,1:02,7 Aug 2017,_hPJSQPKhcM,https://www.youtube.com/watch?v=_hPJSQPKhcM,
PAW Patrol - All Pups Love Paw Patrol! (2016),31,0:31,7 Aug 2016,5X6oIrz74AY,https://www.youtube.com/watch?v=5X6oIrz74AY,
PAW Patrol - No Hug is Too Small Extended Edition - #PAWmoments,71,1:11,7 Aug 2016,i8zQws9RCp8,https://www.youtube.com/watch?v=i8zQws9RCp8,
PAW Patrol - No Hug Is Too Small - #PAWmoments,40,0:40,7 Aug 2016,3-qw-FErtno,https://www.youtube.com/watch?v=3-qw-FErtno,
PAW Patrol - Meet Mission Chase (2015),37,0:37,7 Aug 2016,VDt7gauX2GY,https://www.youtube.com/watch?v=VDt7gauX2GY,
PAW Patrol - Mission Chase Missing Ball (2015),31,0:31,7 Aug 2016,k1Xj_vd73Tg,https://www.youtube.com/watch?v=k1Xj_vd73Tg,
PAW Patrol - Mission Chase - Who Gets the Last Cookie? (2015),31,0:31,7 Aug 2016,Jn7FX0JRNDg,https://www.youtube.com/watch?v=Jn7FX0JRNDg,
PAW Patrol - Mission Chase - Bedtime Buddy! (2015),31,0:31,7 Aug 2016,vEyJcuJzoWM,https://www.youtube.com/watch?v=vEyJcuJzoWM,
PAW Patrol - Mission Chase - Help Find the Keys! (2015),31,0:31,7 Aug 2016,Sug6Cw2oUd8,https://www.youtube.com/watch?v=Sug6Cw2oUd8,
PAW Patrol - The Paw Patroller Tour 2015 - #PAWmoments,15,0:15,7 Aug 2015,6GO0Bkl4PRI,https://www.youtube.com/watch?v=6GO0Bkl4PRI,
PAW Patrol - #SuperMom - #PAWmoments,76,1:16,7 Aug 2015,GbUekZ0d-og,https://www.youtube.com/watch?v=GbUekZ0d-og,
PAW Patrol - Best Wishes for Seth Lane,78,1:18,7 Aug 2015,ERK8aVzFBS0,https://www.youtube.com/watch?v=ERK8aVzFBS0,
