title,duration_seconds,duration,upload_date,view_count,maybe_compilation,videoId,url,keep
Postman Pat 1 - Original Delivery Van,21,0:21,,252000,,tmDWrQKGT_8,https://www.youtube.com/watch?v=tmDWrQKGT_8,
Postman Pat 4 - SDS Small Van,21,0:21,,251000,yes,lc46CtKxBpY,https://www.youtube.com/watch?v=lc46CtKxBpY,
Postman Pat - The Greendale School Bus,24,0:24,,281000,,VishkuZP82s,https://www.youtube.com/watch?v=VishkuZP82s,
Postman Pat - Alf Thompson's Tractor,25,0:25,,115000,,QB6CAjgn750,https://www.youtube.com/watch?v=QB6CAjgn750,
Postman Pat - Dr Gilbertson's Car,25,0:25,,158000,,CMRBk7Me2W0,https://www.youtube.com/watch?v=CMRBk7Me2W0,
Ben Taylor's Forklift Truck,27,0:27,,134000,,MMukkHqTUNw,https://www.youtube.com/watch?v=MMukkHqTUNw,
Postman Pat 2 - SDS Delivery Van,27,0:27,,154000,,r6LmQ5O9hYE,https://www.youtube.com/watch?v=r6LmQ5O9hYE,
Postman Pat & Jess the Cat 1,28,0:28,,293000,,FTQv-iqVHSI,https://www.youtube.com/watch?v=FTQv-iqVHSI,
Longleat: Postman Pat Village,30,0:30,,1100000,,#NAME?,https://www.youtube.com/watch?v=-AY2Vk6ESBI,
Postman Pat 7 - SDS 4 Wheel Drive Vehicle,32,0:32,,430000,,FdDKXanlWU0,https://www.youtube.com/watch?v=FdDKXanlWU0,
Postman Pat & Jess the Cat 2,33,0:33,,164000,,WplPlStzvKE,https://www.youtube.com/watch?v=WplPlStzvKE,
Postman Pat - SDS Motorbike & Sidecar,33,0:33,,310000,,LzJ92b6MWmo,https://www.youtube.com/watch?v=LzJ92b6MWmo,
Postman Pat - Amy Wrigglesworth's 4x4 & Horsebox,34,0:34,,127000,,8yGy-X3Sps4,https://www.youtube.com/watch?v=8yGy-X3Sps4,
Postman Pat 8 - SDS Snowmobile,36,0:36,,188000,,DCHSopHDxDo,https://www.youtube.com/watch?v=DCHSopHDxDo,
Postman Pat - Michael Lam's Van,38,0:38,,247000,,qquTskMn6xY,https://www.youtube.com/watch?v=qquTskMn6xY,
Postman Pat - PC Selby's Police Car,38,0:38,,165000,,rKema4jbAek,https://www.youtube.com/watch?v=rKema4jbAek,
Postman Pat - The Pencaster Flyer,38,0:38,,200000,,11Baz8S73mg,https://www.youtube.com/watch?v=11Baz8S73mg,
Postman Pat - Ted Glenn's Truck,39,0:39,,140000,,bfNqpgEzkyk,https://www.youtube.com/watch?v=bfNqpgEzkyk,
Postman Pat - SDS Helicopter,40,0:40,,290000,,_k7hgCvXbE0,https://www.youtube.com/watch?v=_k7hgCvXbE0,
Postman Pat - The Greendale Rocket,44,0:44,,375000,,NqyTQ0UkM7E,https://www.youtube.com/watch?v=NqyTQ0UkM7E,
Pat The Butterfly Catcher 🦋 | Postman Pat | 1 Hour of Full Episodes,3740,1:02:20,,57000,yes,9X7N0h0hIbk,https://www.youtube.com/watch?v=9X7N0h0hIbk,
Pat and the Runaway Butterflies! 🦋 | Postman Pat | 1 Hour of Full Episodes,3740,1:02:20,,35000,yes,EReqlnZuo2o,https://www.youtube.com/watch?v=EReqlnZuo2o,
Rescue the Escaped Butterflies! 🦋 | Postman Pat | 1HOUR of Full Episodes,3740,1:02:20,,112000,yes,ZVWDnTdG0KU,https://www.youtube.com/watch?v=ZVWDnTdG0KU,
Postman Pat Special Deliveries 1 Hour Compilation | Postman Pat Official | Compilation,3740,1:02:20,,139000,yes,kO2u12t7j0k,https://www.youtube.com/watch?v=kO2u12t7j0k,
Postman Pat Special Deliveries Summer Activities | Compilation | 1 H | Postman Pat Official,3743,1:02:23,,55000,yes,#NAME?,https://www.youtube.com/watch?v=-DGOftnirXU,
Pat and the Giant Snowball! ☃️❄️ | Postman Pat | 1 Hour of Full Episodes,3789,1:03:09,,93000,yes,s9rIA7t6ERU,https://www.youtube.com/watch?v=s9rIA7t6ERU,
Pat's Snowboarding Adventure! 🏂❄️ | Postman Pat | 1 Hour of Full Episodes,3789,1:03:09,,74000,yes,ygdZ_EJe1yQ,https://www.youtube.com/watch?v=ygdZ_EJe1yQ,
Pat's Postal Snowboard Rescue 🏂 | Postman Pat | 1 HOUR of Full Episodes,3789,1:03:09,,85000,yes,DtPr3-wRNwg,https://www.youtube.com/watch?v=DtPr3-wRNwg,
Postman Pat 1 Hour Compilation | Postman Pat Special Deliveries | Full Episodes,3789,1:03:09,,79000,yes,LyP32j4DXoQ,https://www.youtube.com/watch?v=LyP32j4DXoQ,
1 Hour Postman Pat Compilation | Postman Pat,3791,1:03:11,,47000,yes,yKbOw6wJOzM,https://www.youtube.com/watch?v=yKbOw6wJOzM,
1 Hour Postman Pat Compilation | Postman Pat,3793,1:03:13,,34000,yes,WZLqLG8cLCs,https://www.youtube.com/watch?v=WZLqLG8cLCs,
Postman Pat Special Deliveries 1 Hour Compilation | Postman Pat Official | Compilation,3802,1:03:22,,43000,yes,c-ReyTU-owU,https://www.youtube.com/watch?v=c-ReyTU-owU,
Postman Pat Classic Series 1 Compilation Ep6-10,3821,1:03:41,,1200000,yes,2bLoFHJlDjM,https://www.youtube.com/watch?v=2bLoFHJlDjM,
The Green Rabbit | Postman Pat | 1 Hour Compilation | Kids Cartoon | Videos For Kids,3885,1:04:45,,403000,yes,HDEziOv8d2w,https://www.youtube.com/watch?v=HDEziOv8d2w,
Ice'Capade | Postman Pat | 1 Hour Compilation | Kids Cartoon | Videos For Kids,3887,1:04:47,,74000,yes,#NAME?,https://www.youtube.com/watch?v=-MhOVNUzL8s,
Lost Property | Postman Pat | 1 Hour Compilation | Kids Cartoon | Videos For,3887,1:04:47,,52000,yes,RxNxxkQLUpc,https://www.youtube.com/watch?v=RxNxxkQLUpc,
Flying Saucers | Postman Pat | 1 Hour Compilation | Kids Cartoon | Videos For Kids,3887,1:04:47,,28000,yes,aLEWXMuSvsI,https://www.youtube.com/watch?v=aLEWXMuSvsI,
Ice'Capade | Postman Pat | 1 Hour Compilation | Kids Cartoon | Videos For Kids,3887,1:04:47,,123000,yes,f3U2jPwkX5c,https://www.youtube.com/watch?v=f3U2jPwkX5c,
Lost Property | Postman Pat | 1 Hour Compilation | Kids Cartoon | Videos For,3888,1:04:48,,111000,yes,t4iYLOIMU_4,https://www.youtube.com/watch?v=t4iYLOIMU_4,
Flying Saucers | Postman Pat | 1 Hour Compilation | Kids Cartoon | Videos For Kids,3888,1:04:48,,81000,yes,a8seWH7s59E,https://www.youtube.com/watch?v=a8seWH7s59E,
Grumpy Pony | Postman Pat | 1 Hour Compilation | Kids Cartoon | Videos For,3889,1:04:49,,85000,yes,IKLZWIwETbg,https://www.youtube.com/watch?v=IKLZWIwETbg,
Grumpy Pony | Postman Pat | 1 Hour Compilation | Kids Cartoon | Videos For,3889,1:04:49,,87000,yes,C2Yqc6u4fMc,https://www.youtube.com/watch?v=C2Yqc6u4fMc,
The Bollywood Dance | Postman Pat | 1 Hour Compilation | Kids Cartoon | Videos For Kids,3889,1:04:49,,265000,yes,IkVULFjyUbM,https://www.youtube.com/watch?v=IkVULFjyUbM,
Double Disguise | Postman Pat | 1 Hour Compilation | Kids Cartoon | Videos For Kids,3890,1:04:50,,142000,yes,dOZIKxdulFE,https://www.youtube.com/watch?v=dOZIKxdulFE,
Rocket Rescue | Postman Pat | 1 Hour Compilation | Kids Cartoon | Videos For Kids,3890,1:04:50,,73000,yes,AIW_opLYTEI,https://www.youtube.com/watch?v=AIW_opLYTEI,
Double Disguise | Postman Pat | 1 Hour Compilation | Kids Cartoon | Videos For Kids,3890,1:04:50,,121000,yes,WM7TSyv5aMM,https://www.youtube.com/watch?v=WM7TSyv5aMM,
Spy Mission | Postman Pat | 1 Hour Compilation | Kids Cartoon | Videos For,3890,1:04:50,,123000,yes,WEQLYKDW43Y,https://www.youtube.com/watch?v=WEQLYKDW43Y,
Spy Mission | Postman Pat | 1 Hour Compilation | Kids Cartoon | Videos For,3890,1:04:50,,86000,yes,7xLQ6CoxdO8,https://www.youtube.com/watch?v=7xLQ6CoxdO8,
The Great Greendale Movie | Postman Pat | 1 Hour Compilation | Kids Cartoon | Videos For Kids,3890,1:04:50,,55000,yes,q4Rzradcpx4,https://www.youtube.com/watch?v=q4Rzradcpx4,
The Great Greendale Movie | Postman Pat | 1 Hour Compilation | Kids Cartoon | Videos For Kids,3890,1:04:50,,81000,yes,eA83fH1HtI4,https://www.youtube.com/watch?v=eA83fH1HtI4,
Grumpy Pony | Postman Pat | 1 Hour Compilation | Kids Cartoon | Videos For,3890,1:04:50,,112000,yes,xlqtkKwtqg8,https://www.youtube.com/watch?v=xlqtkKwtqg8,
Ted’s New Invention! | 1 Hour of Postman Pat Full Episodes,3891,1:04:51,,101000,yes,ih-MxPzciTA,https://www.youtube.com/watch?v=ih-MxPzciTA,
Is That An Alien?!  👽 🛸 | 1 Hour of Postman Pat Full Episodes,3891,1:04:51,,46000,yes,DK4oOFlsEbA,https://www.youtube.com/watch?v=DK4oOFlsEbA,
Rocket Rescue | Postman Pat | 1 Hour Compilation | Kids Cartoon | Videos For Kids,3891,1:04:51,,82000,yes,k88yAKkZ2Yg,https://www.youtube.com/watch?v=k88yAKkZ2Yg,
Spy Mission | Postman Pat | 1 Hour Compilation | Kids Cartoon | Videos For,3891,1:04:51,,110000,yes,t8AsYNy9BJA,https://www.youtube.com/watch?v=t8AsYNy9BJA,
Double Disguise | Postman Pat | 1 Hour Compilation | Kids Cartoon | Videos For Kids,3891,1:04:51,,131000,yes,vZ2nJEVBjmk,https://www.youtube.com/watch?v=vZ2nJEVBjmk,
The Great Greendale Movie | Postman Pat | 1 Hour Compilation | Kids Cartoon | Videos For Kids,3891,1:04:51,,105000,yes,Wbi-iLhMG7s,https://www.youtube.com/watch?v=Wbi-iLhMG7s,
Pony Post | Postman Pat | 1 Hour Compilation | Kids Cartoon | Videos For,3892,1:04:52,,176000,yes,Z8yJ_ZaMceg,https://www.youtube.com/watch?v=Z8yJ_ZaMceg,
Rocket Rescue | Postman Pat | 1 Hour Compilation | Kids Cartoon | Videos For Kids,3892,1:04:52,,153000,yes,grKVvhSGcJk,https://www.youtube.com/watch?v=grKVvhSGcJk,
Pony Post | Postman Pat | 1 Hour Compilation | Kids Cartoon | Videos For,3893,1:04:53,,204000,yes,gH3X3P1Bjtc,https://www.youtube.com/watch?v=gH3X3P1Bjtc,
Postman Pat | 1 Hour Compilation | Postman Pat Full Episodes | Kids Cartoon | Videos For Kids,3916,1:05:16,,120000,yes,Rbsx_LzPUVQ,https://www.youtube.com/watch?v=Rbsx_LzPUVQ,
Postman Pat | 1 Hour Compilation | Postman Pat Full Episodes | Kids Cartoon | Videos For Kids,3917,1:05:17,,70000,yes,sZc2cEdM0yo,https://www.youtube.com/watch?v=sZc2cEdM0yo,
Julien Needs Pats Help! 😮📦✨ | Postman Pat | Full Episode,3918,1:05:18,,26000,yes,n3k00NXLu0w,https://www.youtube.com/watch?v=n3k00NXLu0w,
Pat Helps Julian At School! 📚 ⭐️ | Postman Pat | 1 Hour Comp | Full Episode,3918,1:05:18,,31000,yes,CnWs13tHfVM,https://www.youtube.com/watch?v=CnWs13tHfVM,
Pat Takes Julian to Work! 📮 | 1 Hour of Postman Pat Full Episodes,3918,1:05:18,,64000,yes,10Q__li0mj8,https://www.youtube.com/watch?v=10Q__li0mj8,
Pat and the Jobs of Greendale! 👮‍♂️👨‍🏫 | Postman Pat | 1 Hour of Full Episodes,3918,1:05:18,,56000,yes,e95y-9P-rv4,https://www.youtube.com/watch?v=e95y-9P-rv4,
What Kind Of Job Do You Want? 💼 | 1 Hour of Postman Pat Full Episodes,3918,1:05:18,,51000,yes,zuao30jV-Us,https://www.youtube.com/watch?v=zuao30jV-Us,
Postman Pat | 1 Hour Compilation | Postman Pat Full Episodes | Kids Cartoon | Videos For Kids,3918,1:05:18,,29000,yes,26Anoqy6e3g,https://www.youtube.com/watch?v=26Anoqy6e3g,
Postman Pat | 1 Hour Compilation | Postman Pat Full Episodes | Cartoons for kids,3919,1:05:19,,241000,yes,cT4Cf9UKHiY,https://www.youtube.com/watch?v=cT4Cf9UKHiY,
Postman Pat | 1 Hour Compilation | Postman Pat Full Episodes | Cartoons for kids,3920,1:05:20,,29000,yes,gQRX5fVIq4Q,https://www.youtube.com/watch?v=gQRX5fVIq4Q,
Postman Pat | 1 HOUR COMP | Postman Pat Full Episodes,3921,1:05:21,,130000,yes,Le2awy5hzxU,https://www.youtube.com/watch?v=Le2awy5hzxU,
Pat's Cat Fly's Away?! 🐱😳📦 | Postman Pat | 1 Hour Comp | Full Episode,3938,1:05:38,,62000,yes,pnjAWKAzI5s,https://www.youtube.com/watch?v=pnjAWKAzI5s,
Pat's Kite Catastrophe! 🪁 | 1 Hour of Postman Pat Full Episodes,3938,1:05:38,,33000,yes,ZOotzUfeyp8,https://www.youtube.com/watch?v=ZOotzUfeyp8,
Jess the Flying Cat! 🐱🪁 | Postman Pat | 1 Hour of Full Episodes,3938,1:05:38,,40000,yes,HAzjBsfXkxE,https://www.youtube.com/watch?v=HAzjBsfXkxE,
Save Jess from the Runaway Kite! 🪁🐱 | 1 Hour of Postman Pat Full Episodes,3938,1:05:38,,57000,yes,R9Z8MfDq7HA,https://www.youtube.com/watch?v=R9Z8MfDq7HA,
Postman Pat - Alf Thompson's Quad Bike,66,1:06,,487000,,aKRZI-Ax1ww,https://www.youtube.com/watch?v=aKRZI-Ax1ww,
Pat's Popstar Concert 🎤 | Postman Pat | 1 Hour of Full Episodes,3970,1:06:10,,46000,yes,NCv01a9IQmg,https://www.youtube.com/watch?v=NCv01a9IQmg,
Search for a Singer 🔍👩‍🎤 | Postman Pat | 1 Hour of Full Episodes,3970,1:06:10,,51000,yes,2X7oh-gpwsc,https://www.youtube.com/watch?v=2X7oh-gpwsc,
Let's Start A Band! 🎸 | 1 Hour of Postman Pat Full Episodes,3970,1:06:10,,67000,yes,M1ukYxmIlGQ,https://www.youtube.com/watch?v=M1ukYxmIlGQ,
Pat Puts On A Show 🎤 | Postman Pat | 1 Hour of Full Episodes,3970,1:06:10,,100000,yes,EkY23lm43nU,https://www.youtube.com/watch?v=EkY23lm43nU,
Postman Pat Classic Series 1 Compilation Ep1-5,3997,1:06:37,,1100000,yes,OykVgdQNL0c,https://www.youtube.com/watch?v=OykVgdQNL0c,
Postman Pat Classic Series 2 Compilation Ep1-5,4006,1:06:46,,811000,yes,p-qMYThlwGM,https://www.youtube.com/watch?v=p-qMYThlwGM,
Pat's Lucky Escape!😯📦⭐️ | Postman Pat | Full Episode,4008,1:06:48,,41000,yes,qP9E3Awz4pY,https://www.youtube.com/watch?v=qP9E3Awz4pY,
Pat and the Lost Key! 🔑 | Postman Pat | 1 Hour of Full Episodes,4008,1:06:48,,94000,yes,OLqxbJRE7xs,https://www.youtube.com/watch?v=OLqxbJRE7xs,
Pats Great Church Escape! ⛪️ | Postman Pat | 1 Hour of Full Episodes,4008,1:06:48,,53000,yes,#NAME?,https://www.youtube.com/watch?v=-R0DIcQbByE,
We're Tapped in the Church! ⛪️😣 | 1 Hour of Postman Pat Full Episodes,4008,1:06:48,,70000,yes,cZOtZZVa8Qg,https://www.youtube.com/watch?v=cZOtZZVa8Qg,
Postman Pat | Classic Series | 1 Hour Compilation Ep6-10 | Postman Pat Full Episodes,4008,1:06:48,,1700000,yes,FMx3fqeJ67Q,https://www.youtube.com/watch?v=FMx3fqeJ67Q,
Postman Pat | SDS 1 Hour Compilation | Postman Pat Full Episodes,4009,1:06:49,,5600000,yes,gV6kTxnRuoc,https://www.youtube.com/watch?v=gV6kTxnRuoc,
PostmanPat SDS 1 Compilation 03,4010,1:06:50,,1400000,yes,nQlSTMgzB9Y,https://www.youtube.com/watch?v=nQlSTMgzB9Y,
Pat Has Lost Jess?! 😲🐱📦 | Postman Pat Special Delivery Service | Full Episode | 1 Hour Comp,4031,1:07:11,,7100,yes,AStFzB3fuuk,https://www.youtube.com/watch?v=AStFzB3fuuk,
Pat Plays The Didgeridoo?! 😲🎶📦 | Postman Pat Special Delivery Service | 1 Hour Comp | Full Episodes,4031,1:07:11,,29000,yes,ZYX1PUpnx2Y,https://www.youtube.com/watch?v=ZYX1PUpnx2Y,
Pat Delivers Twinkly Lights!! 😲💡❄️ | Postman Pat Special Delivery Service | Full Episode,4031,1:07:11,,36000,yes,1FgCI_vPrKg,https://www.youtube.com/watch?v=1FgCI_vPrKg,
Pat's Tracking Device! 👣📦⭐️ | Postman Pat Special Delivery Service | 1 Hour Comp | Full Episode,4031,1:07:11,,38000,yes,2S11ok7_bnU,https://www.youtube.com/watch?v=2S11ok7_bnU,
Pat Lost Jess?!! 😲🐱📦 | Postman Pat Special Delivery Service | Full Episode | 1 Hour Comp,4031,1:07:11,,63000,yes,OQJeuY4exJE,https://www.youtube.com/watch?v=OQJeuY4exJE,
Pat Delivers Twinlky Lights!! 😲💡❄️ | Postman Pat Special Delivery Service | Full Episode,4031,1:07:11,,39000,yes,jKxt3aF6sQw,https://www.youtube.com/watch?v=jKxt3aF6sQw,
Pat Tracks?! 👣📦⭐️ | Postman Pat Special Delivery Service | 1 Hour Comp | Full Episode,4031,1:07:11,,60000,yes,_0xnnlewWOM,https://www.youtube.com/watch?v=_0xnnlewWOM,
Pat Learns Something New?! 😲🎶📦 | Postman Pat Special Delivery Service | 1 Hour Comp | Full Episodes,4031,1:07:11,,60000,yes,RpvoDMrdnUA,https://www.youtube.com/watch?v=RpvoDMrdnUA,
Pat Gets His Cat Mixed Up?! 😲🐱📦 | Postman Pat Special Delivery Service | Full Episode | 1 Hour Comp,4031,1:07:11,,111000,yes,JPPwcFOuUeI,https://www.youtube.com/watch?v=JPPwcFOuUeI,
Pat Mixes Up Jess?! 🐈‍⬛😲🌟 | Postman Pat Special Delivery Service | Full Episode | 1 Hour Comp,4031,1:07:11,,44000,yes,TekRUHqP5Uo,https://www.youtube.com/watch?v=TekRUHqP5Uo,
Pat Plays The Didgeridoo?! 😲🎶📦 | Postman Pat Special Delivery Service | 1 Hour Comp | Full Episodes,4031,1:07:11,,52000,yes,77K83BsT0w0,https://www.youtube.com/watch?v=77K83BsT0w0,
Pat Delivers Twinlky Lights In the Snow!! 😲💡❄️ | Postman Pat Special Delivery Service | Full Episode,4031,1:07:11,,56000,yes,7USLgOFKitw,https://www.youtube.com/watch?v=7USLgOFKitw,
Pat's Loses a Cat?!  🐈‍⬛😲🌟 | Postman Pat Special Delivery Service | Full Episode | 1 Hour Comp,4031,1:07:11,,50000,yes,nhfTiU4ishI,https://www.youtube.com/watch?v=nhfTiU4ishI,
Pat's Tracking Device! 👣📦⭐️ | Postman Pat Special Delivery Service | 1 Hour Comp | Full Episode,4031,1:07:11,,60000,yes,N6_EEK6CYi8,https://www.youtube.com/watch?v=N6_EEK6CYi8,
Pat's Cat Rescue! 🛟 | Postman Pat | 1 Hour of Full Episodes,4031,1:07:11,,44000,yes,E5WUYuu6jnk,https://www.youtube.com/watch?v=E5WUYuu6jnk,
Pat Saves the Diwali Lights! 💡🪔 | Postman Pat | 1 Hour of Full Episodes,4031,1:07:11,,76000,yes,qCNzR4lh2lk,https://www.youtube.com/watch?v=qCNzR4lh2lk,
Pat and the Wild Bird Chase!  | Postman Pat | 1 Hour of Full Episodes,4031,1:07:11,,46000,yes,DFpiaJVQumg,https://www.youtube.com/watch?v=DFpiaJVQumg,
Pat and the Missing Hamster! 🐹‼️ | Postman Pat | 1 Hour of Full Episodes,4031,1:07:11,,34000,yes,SCf3XS3eBbI,https://www.youtube.com/watch?v=SCf3XS3eBbI,
The Risky Cat Rescue! 🛟🐈 | Postman Pat | 1 Hour of Full Episodes,4031,1:07:11,,64000,yes,Y-arM9bKA-Y,https://www.youtube.com/watch?v=Y-arM9bKA-Y,
Pat Builds a Snowmobile! ❄️🛷 | 1 Hour of Postman Pat Full Episodes,4031,1:07:11,,50000,yes,onW4Ize1P4Q,https://www.youtube.com/watch?v=onW4Ize1P4Q,
Postman Pat and the Flying mail 🕊️✉️  | 1 Hour of Postman Pat Full Episodes,4031,1:07:11,,67000,yes,22vBkw2Xxtc,https://www.youtube.com/watch?v=22vBkw2Xxtc,
Postman Pat and the Didgeridoo | Postman Pat | 1 Hour of Full Episode,4031,1:07:11,,58000,yes,dtl8uvYsEWM,https://www.youtube.com/watch?v=dtl8uvYsEWM,
Follow that Magpie! 🐦 | 1 Hour of Postman Pat Full Episodes,4031,1:07:11,,86000,yes,9Sa_xZzMqKM,https://www.youtube.com/watch?v=9Sa_xZzMqKM,
The Didgeridoo Saves the Day! 🦘 | 1 Hour of Postman Pat Full Episodes,4031,1:07:11,,62000,yes,oiqc_DWuLh4,https://www.youtube.com/watch?v=oiqc_DWuLh4,
Jess Has A Twin! 🐱🐱 | 1 Hour of Postman Pat Special Delivery Service Full Episodes,4031,1:07:11,,85000,yes,ETIl6Mpklh0,https://www.youtube.com/watch?v=ETIl6Mpklh0,
The Power Went Out! 💡 | 1 Hour of Postman Pat Special Delivery Service  Full Episodes,4031,1:07:11,,134000,yes,c_nr5EeS0XM,https://www.youtube.com/watch?v=c_nr5EeS0XM,
Postman Pat | Classic Series | 1 Hour Compilation | Postman Pat Full Episodes,4049,1:07:29,,1700000,yes,BuAUOvKcINo,https://www.youtube.com/watch?v=BuAUOvKcINo,
Pat's Double Disguise! 😮⭐️👬🏼 | Postman Pat | Full Episode,4060,1:07:40,,26000,yes,wPqpPscfE5A,https://www.youtube.com/watch?v=wPqpPscfE5A,
Pat Gets Confused by Double Disguise! 😲🥸📦 | Postman Pat | Full Episode | 1 Hour Comp,4060,1:07:40,,46000,yes,cbynK-ViFi8,https://www.youtube.com/watch?v=cbynK-ViFi8,
The New Greendale Grown-ups! 🧔‍♂️👩 | Postman Pat | 1 Hour of Full Episodes,4060,1:07:40,,65000,yes,iRpn0gnWOMo,https://www.youtube.com/watch?v=iRpn0gnWOMo,
Tom and Katy's Disguise! | Postman Pat | 1 Hour Full Episode,4060,1:07:40,,41000,yes,bfOqkFHFRcg,https://www.youtube.com/watch?v=bfOqkFHFRcg,
Little Kids in a BIG Disguise! 🥸 | 1 Hour of Postman Pat Full Episodes,4060,1:07:40,,67000,yes,7YUa-6fWsag,https://www.youtube.com/watch?v=7YUa-6fWsag,
Postman Pat  ❄️⛄ Postman Pats Christmas Eve  ❄️⛄ CHRISTMAS SPECIAL ❄️⛄  Christmas,4540,1:15:40,,72000,yes,Bb10qlo0-rE,https://www.youtube.com/watch?v=Bb10qlo0-rE,
Postman Pat  ❄️⛄ Postman Pats Christmas Eve  ❄️⛄ CHRISTMAS SPECIAL ❄️⛄  Christmas,4540,1:15:40,,75000,yes,rvw0FAuKldI,https://www.youtube.com/watch?v=rvw0FAuKldI,
Postman Pat  ❄️⛄ Postman Pats Christmas Eve  ❄️⛄ CHRISTMAS SPECIAL ❄️⛄  Christmas,4541,1:15:41,,54000,yes,j8ion0cnSq0,https://www.youtube.com/watch?v=j8ion0cnSq0,
Postman Pat ❄️⛄  Postman Pats CHRISTMAS SPECIAL ❄️⛄ Christmas Cartoon For Kids,4542,1:15:42,,1900000,yes,X7tKDl3J5Ow,https://www.youtube.com/watch?v=X7tKDl3J5Ow,
Postman Pat  ❄️⛄ Postman Pats Christmas Eve  ❄️⛄ CHRISTMAS SPECIAL ❄️⛄  Christmas,4542,1:15:42,,70000,yes,LN9TjaJy4us,https://www.youtube.com/watch?v=LN9TjaJy4us,
Postman Pat | Postman Pats Christmas Eve | Postman Pat Full Episodes,4543,1:15:43,,197000,yes,92LK19w3wks,https://www.youtube.com/watch?v=92LK19w3wks,
Postman Pat  ❄️⛄ Postman Pats Christmas Eve  ❄️⛄ CHRISTMAS SPECIAL ❄️⛄  Postman Pat Full Episodes,4543,1:15:43,,41000,yes,pCYtF74UNgs,https://www.youtube.com/watch?v=pCYtF74UNgs,
Postman Pat ❄️⛄  Postman Pats CHRISTMAS SPECIAL ❄️⛄ Postman Pat Full Episodes,4543,1:15:43,,479000,yes,tc0IdPY2eck,https://www.youtube.com/watch?v=tc0IdPY2eck,
1 HOUR COMPILATION | Postman Pat | Videos For Kids | Funny Cartoons,4633,1:17:13,,143000,yes,R4ADH67JALQ,https://www.youtube.com/watch?v=R4ADH67JALQ,
1 HOUR COMPILATION | Postman Pat | Videos For Kids | Funny Cartoons,4634,1:17:14,,77000,yes,VXWXL3foq70,https://www.youtube.com/watch?v=VXWXL3foq70,
1 HOUR COMPILATION | Postman Pat | Videos For Kids | Funny Cartoons,4675,1:17:55,,71000,yes,uRzkPxKuLJc,https://www.youtube.com/watch?v=uRzkPxKuLJc,
1 HOUR COMPILATION | Postman Pat | Videos For Kids | Funny Cartoons,4676,1:17:56,,41000,yes,cegf73OwQAU,https://www.youtube.com/watch?v=cegf73OwQAU,
Postman Pat | 1 HOUR COMPILATION | Postman Pat Full Episodes,4688,1:18:08,,33000,yes,l5wN9C9YI9c,https://www.youtube.com/watch?v=l5wN9C9YI9c,
Postman Pat | 1 HOUR COMPILATION | Postman Pat Full Episodes,4688,1:18:08,,289000,yes,vC8imbQUXi8,https://www.youtube.com/watch?v=vC8imbQUXi8,
Postman Pat | 1 HOUR COMPILATION | Postman Pat Full Episodes | Kids Cartoon | Videos For Kids,4693,1:18:13,,321000,yes,gt6iqfd01y0,https://www.youtube.com/watch?v=gt6iqfd01y0,
Postman Pat | 1 HOUR COMPILATION | Postman Pat Full Episodes | Kids Cartoon | Videos For Kids,4694,1:18:14,,83000,yes,ZHCnX8BGbbg,https://www.youtube.com/watch?v=ZHCnX8BGbbg,
Postman Pat | 1 HOUR COMPILATION | Postman Pat Full Episodes | Kids Cartoon | Videos For Kids,4695,1:18:15,,77000,yes,#NAME?,https://www.youtube.com/watch?v=-vXePclnldc,
Postman Pat | 1 HOUR COMPILATION | Postman Pat Full Episodes | Kids Cartoon | Video For Kids,4696,1:18:16,,86000,yes,SlsTQdGY95g,https://www.youtube.com/watch?v=SlsTQdGY95g,
Postman Pat | 1 HOUR COMPILATION | Postman Pat Full Episodes,4696,1:18:16,,98000,yes,zOmIAioEjFQ,https://www.youtube.com/watch?v=zOmIAioEjFQ,
Postman Pat | 1 HOUR COMPILATION | Postman Pat Full Episodes,4696,1:18:16,,436000,yes,WwEC1AkeMyY,https://www.youtube.com/watch?v=WwEC1AkeMyY,
Postman Pat | 1 HOUR COMPILATION | Postman Pat Full Episodes | Kids Cartoon | Video For Kids,4697,1:18:17,,26000,yes,fPOHLZBxgtI,https://www.youtube.com/watch?v=fPOHLZBxgtI,
Postman Pat Official | 1 HOUR COMPILATION |  Full Episodes | Cartoons For Kids | Videos For Kids,4698,1:18:18,,92000,yes,iTE0sRnNrHQ,https://www.youtube.com/watch?v=iTE0sRnNrHQ,
Postman Pat |  1 HOUR COMPILATION | Postman Pat's Full Episodes | Kids Cartoon | Videos For Kids,4698,1:18:18,,22000,yes,ty9v_OMDYV8,https://www.youtube.com/watch?v=ty9v_OMDYV8,
Postman Pat | 1 HOUR COMPILATION | Postman Pat Full Episodes | Videos For Kids,4698,1:18:18,,15000,yes,y9aRQQIMWNk,https://www.youtube.com/watch?v=y9aRQQIMWNk,
Postman Pat Official | 1 HOUR COMPILATION |  Full Episodes | Cartoons For Kids,4699,1:18:19,,22000,yes,g20AUovXOcw,https://www.youtube.com/watch?v=g20AUovXOcw,
Postman Pat Postman Pat | 1 HOUR COMPILATION | Postman Pat Full Episodes,4699,1:18:19,,741000,yes,MGRFx03Natw,https://www.youtube.com/watch?v=MGRFx03Natw,
Postman Pat Postman Pat | 1 HOUR COMPILATION | Postman Pat Full Episodes,4699,1:18:19,,76000,yes,n6_V0eIuqtY,https://www.youtube.com/watch?v=n6_V0eIuqtY,
Postman Pat Postman Pat | 1 HOUR COMPILATION | Postman Pat Full Episodes,4699,1:18:19,,132000,yes,wJVsXVS6RrI,https://www.youtube.com/watch?v=wJVsXVS6RrI,
Postman Pat Postman Pat | 1 HOUR COMPILATION | Postman Pat Full Episodes,4699,1:18:19,,437000,yes,BIgA_LIir7Y,https://www.youtube.com/watch?v=BIgA_LIir7Y,
Postman Pat Postman Pat | 1 HOUR COMPILATION | Postman Pat Full Episodes,4699,1:18:19,,211000,yes,6W0X6RCZVHM,https://www.youtube.com/watch?v=6W0X6RCZVHM,
Postman Pat |  1 Hour Compilation | Postman Pat Full Episodes | Cartoons for Kids | Kids Movies,4700,1:18:20,,73000,yes,6_crxsI0uY4,https://www.youtube.com/watch?v=6_crxsI0uY4,
Postman Pat | Egg Hunt 🌻EASTER COMPILATION 🌻 Full Episodes | Cartoons for kids | Funny Cartoons,4700,1:18:20,,169000,yes,zggA9sbL6yU,https://www.youtube.com/watch?v=zggA9sbL6yU,
Postman Pat | Postman Pats 1 Hour Compilation | Postman Pat Full Episodes | Videos For Kids,4700,1:18:20,,57000,yes,UJJ4PJVqioU,https://www.youtube.com/watch?v=UJJ4PJVqioU,
Postman Pat | 1 HOUR COMPILATION | Postman Pat Full Episodes | Videos For Kids,4700,1:18:20,,33000,yes,sndHKZoVQq0,https://www.youtube.com/watch?v=sndHKZoVQq0,
Postman Pat Postman Pat | 1 HOUR COMPILATION | Postman Pat Full Episodes 1,4700,1:18:20,,490000,yes,CHZIsY3aKVI,https://www.youtube.com/watch?v=CHZIsY3aKVI,
Postman Pat | Postman Pat 1 HOUR COMPILATION | Postman Pat Full Episodes | Videos For Kids,4700,1:18:20,,195000,yes,z-n5gAjm0MQ,https://www.youtube.com/watch?v=z-n5gAjm0MQ,
Postman Pat | 1 HOUR COMPILATION! | Postman Pat Full Episodes | Videos For Kids,4700,1:18:20,,75000,yes,7mzXwHch6rA,https://www.youtube.com/watch?v=7mzXwHch6rA,
Postman Pat Postman Pat | 1 HOUR COMPILATION | Postman Pat Full Episodes,4700,1:18:20,,246000,yes,iuXcZgdFNdo,https://www.youtube.com/watch?v=iuXcZgdFNdo,
Postman Pat | Postman Pat's 1 Hour Compilation | Postman Pat Full Episodes | Videos For Kids,4700,1:18:20,,539000,yes,NhPxtiQ7PTE,https://www.youtube.com/watch?v=NhPxtiQ7PTE,
Postman Pat | 1 HOUR COMPILATION | Postman Pat Full Episodes | Cartoons for kids,4700,1:18:20,,80000,yes,2RWpa75W1JM,https://www.youtube.com/watch?v=2RWpa75W1JM,
Postman Pat | 1 HOUR COMPILATION | Postman Pat Full Episodes | Cartoons for kids,4711,1:18:31,,193000,yes,EE7AvPED3gE,https://www.youtube.com/watch?v=EE7AvPED3gE,
Postman Pat | 1 HOUR COMP | Postman Pat Full Episodes | Videos For Kids,4711,1:18:31,,141000,yes,8v18gmq5XjU,https://www.youtube.com/watch?v=8v18gmq5XjU,
Postman Pat | 1 HOUR COMP | Postman Pat Full Episodes | Videos For Kids | Kids Movies,4715,1:18:35,,792000,yes,8jBT16CFqhU,https://www.youtube.com/watch?v=8jBT16CFqhU,
Postman Pat | 1 HOUR COMPILATION | Postman Pat Full Episodes | Videos For Kids,4715,1:18:35,,425000,yes,BOYHIR2c03Y,https://www.youtube.com/watch?v=BOYHIR2c03Y,
Postman Pat | 1 HOUR COMP | Postman Pat Full Episodes | Cartoons for kids,4715,1:18:35,,81000,yes,qTacMtNpmQk,https://www.youtube.com/watch?v=qTacMtNpmQk,
1 HOUR COMPILATION | Postman Pat | Postman Pat Full Episodes | Kids Cartoon | Videos For Kids,4780,1:19:40,,273000,yes,Fgp95oDDk-8,https://www.youtube.com/watch?v=Fgp95oDDk-8,
1 HOUR COMPILATION | Postman Pat | Postman Pat Full Episodes | Kids Cartoon | Videos For Kids,4780,1:19:40,,227000,yes,nmwY8SasP40,https://www.youtube.com/watch?v=nmwY8SasP40,
1 HOUR COMPILATION | Postman Pat | Postman Pat Full Episodes | Kids Cartoon | Videos For Kids,4781,1:19:41,,27000,yes,vjIDVZyhDTg,https://www.youtube.com/watch?v=vjIDVZyhDTg,
1 HOUR COMPILATION | Postman Pat | Postman Pat Full Episodes | Kids Cartoon | Videos For Kids,4781,1:19:41,,24000,yes,SYZsw80Nk8s,https://www.youtube.com/watch?v=SYZsw80Nk8s,
1 HOUR COMPILATION | Postman Pat | Postman Pat Full Episodes | Kids Cartoon | Videos For Kids,4782,1:19:42,,165000,yes,TL4d9_mt9T8,https://www.youtube.com/watch?v=TL4d9_mt9T8,
Postman Pat | 1 HOUR COMPILATION | Postman Pat Full Episodes | Kids Cartoon | Videos For Kids,4783,1:19:43,,590000,yes,B9pVlGGT8Ak,https://www.youtube.com/watch?v=B9pVlGGT8Ak,
Postman Pat | 1 HOUR COMPILATION | Postman Pat Full Episodes | Kids Cartoon | Videos For Kids,4784,1:19:44,,124000,yes,NNP-fBO8wHA,https://www.youtube.com/watch?v=NNP-fBO8wHA,
Postman Pat | 1 HOUR COMPILATION | Postman Pat Full Episodes | Cartoons for Kids | Videos For Kids,4787,1:19:47,,56000,yes,Hq_V3gSV67g,https://www.youtube.com/watch?v=Hq_V3gSV67g,
Postman Pat | 1 HOUR COMPILATION | Postman Pat Full Episodes | Videos For Kids,4788,1:19:48,,128000,yes,fDh_uFarhz0,https://www.youtube.com/watch?v=fDh_uFarhz0,
Postman Pat | 1 HOUR COMPILATION | Postman Pat Full Episodes | Videos For Kids | Videos For Kids,4788,1:19:48,,3700000,yes,P-Bjjj-yERE,https://www.youtube.com/watch?v=P-Bjjj-yERE,
Postman Pat | 1 HOUR COMPILATION | Full Episodes | Videos For Kids | Kids Movies,4790,1:19:50,,575000,yes,FeSzJf2MNPM,https://www.youtube.com/watch?v=FeSzJf2MNPM,
Postman Pat | 1 HOUR COMPILATION | Postman Pat Full Episodes | Videos For Kids,4790,1:19:50,,142000,yes,bLSH9V1gg68,https://www.youtube.com/watch?v=bLSH9V1gg68,
Postman Pat | 1 HOUR COMPILATION | Postman Pat Full Episodes | Cartoons for kids,4790,1:19:50,,661000,yes,uaItYLrjweE,https://www.youtube.com/watch?v=uaItYLrjweE,
Postman Pat | 1 HOUR COMPILATION | Postman Pat Full Episodes | Videos For Kids,4790,1:19:50,,241000,yes,trOlwGyd2-k,https://www.youtube.com/watch?v=trOlwGyd2-k,
Postman Pat | 1 HOUR COMPILATION | Postman Pat Full Episodes | Cartoons for kids,4790,1:19:50,,86000,yes,SnsKCLC6wkY,https://www.youtube.com/watch?v=SnsKCLC6wkY,
Postman Pat | 1 HOUR COMPILATION | Postman Pat Full Episodes,4790,1:19:50,,365000,yes,aUXT9SIqy6Y,https://www.youtube.com/watch?v=aUXT9SIqy6Y,
Postman PAT SDS Flying Christmas Stocking,83,1:23,,205000,,mu1YbGsm7jk,https://www.youtube.com/watch?v=mu1YbGsm7jk,
The Spring Dance 💜 VALENTINES DAY SPECIAL 💜 Postman Pat | Postman Pat Full Episodes,5477,1:31:17,,155000,yes,ei-qKtW2Iu0,https://www.youtube.com/watch?v=ei-qKtW2Iu0,
Postman Pat | Girl Power! | WOMENS DAY COMPILATION | Postman Pat Full Episodes | Videos For Kids,5478,1:31:18,,3000000,yes,q2oS5w83ZzQ,https://www.youtube.com/watch?v=q2oS5w83ZzQ,
Postman Pat | The Spring Dance💜VALENTINES DAY SPECIAL💜Postman Pat Full Episodes |Videos For Kids,5478,1:31:18,,156000,yes,QklHWabccC0,https://www.youtube.com/watch?v=QklHWabccC0,
Postman Pat Opening Titles,92,1:32,,395000,,5w7aGviFmMk,https://www.youtube.com/watch?v=5w7aGviFmMk,
Postman Pat; The Movie trailer,103,1:43,,589000,,9I4TFBibAJQ,https://www.youtube.com/watch?v=9I4TFBibAJQ,
Postman Pat | 1 HOUR COMPILATION | Full Episodes | Videos For Kids | Funny Cartoons,7034,1:57:14,,2800000,yes,CJVY5Kv_Pc4,https://www.youtube.com/watch?v=CJVY5Kv_Pc4,
Postman Pat | The Painting | 1 HOUR COMPILATION | Full Episodes | Cartoons for kids | Funny Cartoons,7035,1:57:15,,1900000,yes,C6WX42DMkJc,https://www.youtube.com/watch?v=C6WX42DMkJc,
Postman Pat | 1 HOUR COMPILATION | Full Episodes | Videos For Kids | Funny Cartoons,7035,1:57:15,,667000,yes,uiLpqif3QxI,https://www.youtube.com/watch?v=uiLpqif3QxI,
Postman Pat | Perfect Painting | MOTHERS DAY SPECIAL | Postman Pat Full Episodes | Videos For Kids,7035,1:57:15,,1000000,yes,HVVhggT3FPU,https://www.youtube.com/watch?v=HVVhggT3FPU,
Postman Pat Special Delivery Service | OFFICIAL TRAILER,120,2:00,,1500000,,2OzjxIMli_s,https://www.youtube.com/watch?v=2OzjxIMli_s,
Postman Pat Special Delivery Service - Magic Jewels,123,2:03,,416000,,SYGVgDzxPhM,https://www.youtube.com/watch?v=SYGVgDzxPhM,
Postman Pat SDS Stunt.wmv,176,2:56,,108000,,BYgpY_smX78,https://www.youtube.com/watch?v=BYgpY_smX78,
Postman Pat |  🎉  It's PARTY time! 🎉  | Cartoons for Kids,502,8:22,,24000,,WzRVpUcctrI,https://www.youtube.com/watch?v=WzRVpUcctrI,
Postman Pat | 🎉  It's PARTY time! 🎉  | Cartoons for Kids,502,8:22,,30000,,IH5SkWhC_SA,https://www.youtube.com/watch?v=IH5SkWhC_SA,
Postman Pat Solving Mysteries | Full Episodes | Cartoons for Kids,573,9:33,,28000,yes,mQyueMRwD5o,https://www.youtube.com/watch?v=mQyueMRwD5o,
Postman Pat | Postman Pat Solving Mysteries | Full Episodes | Cartoons for Kids,573,9:33,,113000,yes,lHN2kJBuOWs,https://www.youtube.com/watch?v=lHN2kJBuOWs,
Postman Pat  | 🐱  Postman Pat Loves Cats 🐱  | Cartoons for Kids,581,9:41,,28000,,yOpE-t2NU3I,https://www.youtube.com/watch?v=yOpE-t2NU3I,
Postman Pat | 🐱  Postman Pat Loves Cats 🐱  | Cartoons for Kids,581,9:41,,34000,,po-_0a0o3xI,https://www.youtube.com/watch?v=po-_0a0o3xI,
Postman Pat | Special Mission! | Full Episode | Cartoons For Kids,583,9:43,,25000,yes,VgO2ZtHKdbE,https://www.youtube.com/watch?v=VgO2ZtHKdbE,
Postman Pat | Special Mission! |  Full Episode | Cartoons For Kids,583,9:43,,26000,yes,DlkrMg-X8Q0,https://www.youtube.com/watch?v=DlkrMg-X8Q0,
Postman Pat | Special Mission! | Full Episode | Cartoons For Kids,583,9:43,,76000,yes,emOzuJRyURk,https://www.youtube.com/watch?v=emOzuJRyURk,
Postman Pat | Postman Pat Loves Pets! 🐶🐱   | Full Episodes | Cartoons for Kids,587,9:47,,33000,yes,0ynBjQALleY,https://www.youtube.com/watch?v=0ynBjQALleY,
Postman Pat | Postman Pat Loves Pets! 🐶🐱 | Full Episodes | Cartoons for Kids,587,9:47,,102000,yes,yhYXOIbw0Ls,https://www.youtube.com/watch?v=yhYXOIbw0Ls,
Postman Pat   🌱  Postman Pat And The Elements ☔️    Full Episodes   Cartoons for Kids,589,9:49,,51000,yes,LMQyAjgEcoA,https://www.youtube.com/watch?v=LMQyAjgEcoA,
Postman Pat | 🌱  Postman Pat And The Elements ☔️  | Full Episodes | Cartoons for Kids,589,9:49,,36000,yes,lwxuUlafoDo,https://www.youtube.com/watch?v=lwxuUlafoDo,
Postman Pat | Postman Pat on The Road | Full Episodes | Cartoons for Kids,590,9:50,,30000,yes,ZcBVfxGfmUE,https://www.youtube.com/watch?v=ZcBVfxGfmUE,
Postman Pat |  Postman Pat on The Road |  Full Episodes |  Cartoons for Kids,590,9:50,,36000,yes,KCGCNZuyFps,https://www.youtube.com/watch?v=KCGCNZuyFps,
Postman Pat | Postman Pat on The Road | Full Episodes | Cartoons for Kids,590,9:50,,89000,yes,VK9abeveLQs,https://www.youtube.com/watch?v=VK9abeveLQs,
Postman Pat | Postman Pat and the Grumpy Animals | Full Episodes | Cartoon for Kids,591,9:51,,23000,yes,z-ZCNNIeLTE,https://www.youtube.com/watch?v=z-ZCNNIeLTE,
Postman Pat and the Grumpy Poney | Postman Pat Official | Full Episodes   Cartoon for Kids,591,9:51,,42000,yes,OgaSsuPdvL4,https://www.youtube.com/watch?v=OgaSsuPdvL4,
Postman Pat | Postman Pat and the Grumpy Animals | Full Episodes | Cartoon for Kids,591,9:51,,50000,yes,0Hyeh5hUbMc,https://www.youtube.com/watch?v=0Hyeh5hUbMc,
Postman Pat   ☃️  Postman Pat Frozen Fun ☃️   Cartoons for Kids,593,9:53,,41000,,tmJOdhTeQoM,https://www.youtube.com/watch?v=tmJOdhTeQoM,
Postman Pat | ☃️  Postman Pat Frozen Fun ☃️ | Cartoons for Kids,593,9:53,,28000,,7Gep-eug60o,https://www.youtube.com/watch?v=7Gep-eug60o,
Postman Pat | Postman Pat and his Animal Friends | Full Episodes | Cartoons for Kids,600,10:00,,44000,yes,Rb_J8o7iNpY,https://www.youtube.com/watch?v=Rb_J8o7iNpY,
Postman Pat | Postman Pat and his Animal Friends | Full Episodes | Cartoons for Kids,600,10:00,,39000,yes,W4TUNrC8Tng,https://www.youtube.com/watch?v=W4TUNrC8Tng,
Postman Pat and his Animal Friends | Postman Pat | Full Episodes   Cartoons for Kids,600,10:00,,37000,yes,mgru6moXJmw,https://www.youtube.com/watch?v=mgru6moXJmw,
Postman Pat | Postman Pat and his Animal Friends | Full Episodes | Cartoons for Kids,600,10:00,,78000,yes,zvBL76ru4zM,https://www.youtube.com/watch?v=zvBL76ru4zM,
Postman Pat and a Job Well Done | Postman Pat Official | Postman Pat Full Episodes,778,12:58,,52000,yes,f-WdWdGkM_M,https://www.youtube.com/watch?v=f-WdWdGkM_M,y
Postman Pat and a Job Well Done | Postman Pat Official | Postman Pat Full Episodes,778,12:58,,40000,yes,YMuJtd73HcI,https://www.youtube.com/watch?v=YMuJtd73HcI,y
Postman Pat and the Big Butterflies | Postman Pat Official | Postman Pat Full Episodes,779,12:59,,27000,yes,S0YnNhQwM38,https://www.youtube.com/watch?v=S0YnNhQwM38,y
Postman Pat and the Greendale Movie | Postman Pat Official | Postman Pat Full Episodes,779,12:59,,44000,yes,5clEbjWHlDs,https://www.youtube.com/watch?v=5clEbjWHlDs,y
Pat's Scariest Sleepover!! 😳💤🎃 | Postman Pat | Full Episode,781,13:01,,66000,yes,T98G8sSOEDI,https://www.youtube.com/watch?v=T98G8sSOEDI,y
Pat's Spooky Delivery 👻🚚 | Postman Pat | Full Episode,781,13:01,,29000,yes,eC1DfXBn8b8,https://www.youtube.com/watch?v=eC1DfXBn8b8,y
Greendale’s Spotty Situation! 🤧 | Postman Pat | Full Episodes,791,13:11,,38000,yes,A5EcHqHTG8A,https://www.youtube.com/watch?v=A5EcHqHTG8A,y
Everyone Has Chickenpox! 🤒 | Postman Pat | Full Episode,791,13:11,,49000,yes,tzJ4zamLBiU,https://www.youtube.com/watch?v=tzJ4zamLBiU,y
The Ice Cream Machine | Postman Pat | Postman Pat Full Episodes,795,13:15,,32000,yes,BFLu1HBAXWY,https://www.youtube.com/watch?v=BFLu1HBAXWY,y
Noisy Day | Postman Pat Full Episodes | Kids Cartoon | Kids Videos,796,13:16,,17000,yes,NpQY9BdFShU,https://www.youtube.com/watch?v=NpQY9BdFShU,y
Never Give Up | Postman Pat Full Episodes | Kids Cartoon | Kids Videos,796,13:16,,220000,yes,uwCoYxg2IIU,https://www.youtube.com/watch?v=uwCoYxg2IIU,y
Cranky Cows | Postman Pat Full Episodes | Kids Cartoon | Kids Videos,796,13:16,,62000,yes,2jdtpKd7oyI,https://www.youtube.com/watch?v=2jdtpKd7oyI,y
Postman Pat | Postman Pat and the Ice Cream Machine | Postman Pat Full Episodes,796,13:16,,127000,yes,vaAhdhiHFcI,https://www.youtube.com/watch?v=vaAhdhiHFcI,y
Postman Pat's Clifftop Adventure | Postman Pat Official | Full Episode | Kids Cartoon,797,13:17,,54000,yes,LnA1XbhgTwk,https://www.youtube.com/watch?v=LnA1XbhgTwk,y
The Flying Saucers | Postman Pat | Postman Pat Full Episodes,797,13:17,,21000,yes,hBgTkjDRnGw,https://www.youtube.com/watch?v=hBgTkjDRnGw,y
Fantastic Feast | Postman Pat Full Episodes | Kids Cartoon | Kids Videos,797,13:17,,95000,yes,71PMp-95jy8,https://www.youtube.com/watch?v=71PMp-95jy8,y
Postman Pat | Postman Pat and the Flying Saucers | Postman Pat Full Episodes,797,13:17,,25000,yes,71wlO6dcl0A,https://www.youtube.com/watch?v=71wlO6dcl0A,y
Noisy Day | Postman Pat Full Episodes | Kids Cartoon | Kids Videos,797,13:17,,19000,yes,Y9UR98TmiMA,https://www.youtube.com/watch?v=Y9UR98TmiMA,y
Postman Pat & the Disappearing Bear | Postman Pat | Full Episodes | Kids Cartoon,798,13:18,,47000,yes,IwsRQwvfDL4,https://www.youtube.com/watch?v=IwsRQwvfDL4,y
Postman Pat and the Fantastic Feast | Postman Pat Official | Full Episodes | Kids Cartoon,798,13:18,,46000,yes,1IQvC4tClOQ,https://www.youtube.com/watch?v=1IQvC4tClOQ,y
Postman Pat & the Disappearing Bear | Postman Pat | Full Episodes | Kids Cartoon,798,13:18,,38000,yes,JX33xHz7NGg,https://www.youtube.com/watch?v=JX33xHz7NGg,y
The Disappearing Bear | Postman Pat Full Episodes | Kids Cartoon,798,13:18,,42000,yes,kNV0glaRmF0,https://www.youtube.com/watch?v=kNV0glaRmF0,y
Disappearing Bear | Postman Pat Full Episodes | Kids Cartoon | Kids Videos,798,13:18,,31000,yes,YVrAWqCo_7w,https://www.youtube.com/watch?v=YVrAWqCo_7w,y
Disappearing Bear | Postman Pat Full Episodes | Kids Cartoon | Kids Videos,798,13:18,,50000,yes,z8IuIhAMaxQ,https://www.youtube.com/watch?v=z8IuIhAMaxQ,y
Postman Pat | Clifftop Adventure | Postman Pat Full Episodes | Kids Cartoon | Kids Videos,798,13:18,,129000,yes,YNkrM1B663w,https://www.youtube.com/watch?v=YNkrM1B663w,y
Postman Pat | Postman Pat and the Flying Saucers | Postman Pat Full Episodes,798,13:18,,17000,yes,44MRp-xQpiQ,https://www.youtube.com/watch?v=44MRp-xQpiQ,y
Postman Pat  | Postman Pat and the Flying Saucers |  Postman Pat Full Episodes 1,798,13:18,,35000,yes,7NsYWSctTcw,https://www.youtube.com/watch?v=7NsYWSctTcw,y
Go Kart Race | Postman Pat Full Episodes | Kids Cartoon | Kids Videos,799,13:19,,39000,yes,jyTu2-dJ7zQ,https://www.youtube.com/watch?v=jyTu2-dJ7zQ,y
Postman Pat and the Green Rabbit | Postman Pat | Full Episodes | Kids Cartoon,799,13:19,,119000,yes,4uYZcxvtnMo,https://www.youtube.com/watch?v=4uYZcxvtnMo,y
Go Kart Race | Postman Pat Full Episodes | Kids Cartoon | Kids Videos,799,13:19,,46000,yes,dDJ0tzc8bJQ,https://www.youtube.com/watch?v=dDJ0tzc8bJQ,y
Pet Rescue | Postman Pat Full Episodes | Kids Cartoon | Kids Videos,799,13:19,,140000,yes,h5-XsrQIE9w,https://www.youtube.com/watch?v=h5-XsrQIE9w,y
Postman Pat Goes Football Crazy | Postman Pat | Postman Pat Full Episodes,799,13:19,,51000,yes,FY2ZnHOGgSo,https://www.youtube.com/watch?v=FY2ZnHOGgSo,y
Ice Capade | Postman Pat Full Episodes | Kids Cartoon | Kids Videos,799,13:19,,28000,yes,1yjd976WuzU,https://www.youtube.com/watch?v=1yjd976WuzU,y
Grumpy Pony | Postman Pat Full Episodes | Kids Cartoon | Kids Videos,799,13:19,,139000,yes,EO-HfCdE4Gg,https://www.youtube.com/watch?v=EO-HfCdE4Gg,y
Double Disguise | Postman Pat Full Episodes | Kids Cartoon | Kids Videos,799,13:19,,96000,yes,ticdXOxmJuY,https://www.youtube.com/watch?v=ticdXOxmJuY,y
Disappearing Bear | Postman Pat Full Episodes | Kids Cartoon | Kids Videos,799,13:19,,127000,yes,zXs-XweBPIc,https://www.youtube.com/watch?v=zXs-XweBPIc,y
Postman Pat | Postman Pat Goes Football Crazy | Postman Pat Full Episodes,799,13:19,,42000,yes,ugRIB5Nw4Vw,https://www.youtube.com/watch?v=ugRIB5Nw4Vw,y
Postman Pat | Postman Pat and the Jumble Sale | Postman Pat Full Episodes,799,13:19,,123000,yes,xwwzgO6SXJU,https://www.youtube.com/watch?v=xwwzgO6SXJU,y
Postman Pat | Postman Pat Goes Football Crazy | Postman Pat Full Episodes,799,13:19,,202000,yes,eEVBubOQuDY,https://www.youtube.com/watch?v=eEVBubOQuDY,y
The Spotty Situation | Postman Pat | Postman Pat Full Episodes,800,13:20,,47000,yes,4BhsQjatF9I,https://www.youtube.com/watch?v=4BhsQjatF9I,y
Postman Pat & the Spy Mission | Postman Pat | Full Episodes | Kids Cartoon,800,13:20,,34000,yes,Ea6jXQC57Lo,https://www.youtube.com/watch?v=Ea6jXQC57Lo,y
Postman Pat & the Pot of Gold | Postman Pat | Full Episodes | Kids Cartoon,800,13:20,,58000,yes,cXjg9lVeNuk,https://www.youtube.com/watch?v=cXjg9lVeNuk,y
Postman Pat & the Talking Cat | Postman Pat | Full Episodes | Kids Cartoon,800,13:20,,27000,yes,RBFZuXAGq_4,https://www.youtube.com/watch?v=RBFZuXAGq_4,y
Talking Cat | Postman Pat Full Episodes | Kids Cartoon,800,13:20,,55000,yes,#NAME?,https://www.youtube.com/watch?v=-zoDDb9aHFw,y
Pot of Gold | Postman Pat | Full Episodes | Kids Cartoon,800,13:20,,37000,yes,JRwpjwAvvyM,https://www.youtube.com/watch?v=JRwpjwAvvyM,y
Spotty Situation | Postman Pat | Postman Pat Full Episodes,800,13:20,,54000,yes,GR53f986VnQ,https://www.youtube.com/watch?v=GR53f986VnQ,y
Postman Pat and a Job Well Done | Postman Pat | Postman Pat Full Episodes,800,13:20,,54000,yes,z6xiKA5_BRo,https://www.youtube.com/watch?v=z6xiKA5_BRo,y
Spy Mission | Postman Pat Full Episodes | Kids Cartoon | Kids Videos,800,13:20,,46000,yes,IaElb6aHZD4,https://www.youtube.com/watch?v=IaElb6aHZD4,y
Pot of Gold | Postman Pat Full Episodes | Kids Cartoon | Kids Videos,800,13:20,,69000,yes,zCC-JULVusE,https://www.youtube.com/watch?v=zCC-JULVusE,y
Talking Cat | Postman Pat Full Episodes | Kids Cartoon | Kids Videos,800,13:20,,40000,yes,EF6uv-IbHhQ,https://www.youtube.com/watch?v=EF6uv-IbHhQ,y
Go Kart Race | Postman Pat Full Episodes | Kids Cartoon | Kids Videos,800,13:20,,56000,yes,AD6-PQ8Xby4,https://www.youtube.com/watch?v=AD6-PQ8Xby4,y
The Rocket Rescue | Postman Pat | Postman Pat Full Episodes,800,13:20,,32000,yes,gWRyBjBdwd0,https://www.youtube.com/watch?v=gWRyBjBdwd0,y
Postman Pat and the Big Butterflies | Postman Pat | Postman Pat Full Episodes,800,13:20,,33000,yes,2wqjx6_3u5s,https://www.youtube.com/watch?v=2wqjx6_3u5s,y
Bollywood Dance | Postman Pat | Postman Pat Full Episodes | Kids Cartoon | Kids Videos,800,13:20,,34000,yes,avzyppTnFiM,https://www.youtube.com/watch?v=avzyppTnFiM,y
Cat Calamity | Postman Pat | Postman Pat Full Episodes | Kids Cartoon | Kids Videos,800,13:20,,83000,yes,ccsX3cT04RI,https://www.youtube.com/watch?v=ccsX3cT04RI,y
Postman Pat | A Job Well Done | Postman Pat Full Episodes,800,13:20,,27000,yes,O9CU9rhctNw,https://www.youtube.com/watch?v=O9CU9rhctNw,y
The Greendale Movie | Postman Pat | Postman Pat Full Episodes,800,13:20,,38000,yes,OV6EkkXcv5c,https://www.youtube.com/watch?v=OV6EkkXcv5c,y
The Runaway Kite | Postman Pat | Postman Pat Full Episodes,800,13:20,,30000,yes,wM4lsASp08s,https://www.youtube.com/watch?v=wM4lsASp08s,y
Spy Mission | Postman Pat Full Episodes | Kids Cartoon | Kids Videos,800,13:20,,59000,yes,4eA33TM6LGQ,https://www.youtube.com/watch?v=4eA33TM6LGQ,y
Pony Post | Postman Pat Full Episodes | Kids Cartoon | Kids Videos,800,13:20,,68000,yes,ClpI4aziADE,https://www.youtube.com/watch?v=ClpI4aziADE,y
Pet Rescue | Postman Pat Full Episodes | Kids Cartoon | Kids Videos,800,13:20,,572000,yes,r1i7Oumeoko,https://www.youtube.com/watch?v=r1i7Oumeoko,y
Postman Pat | Postman Pat and the Runaway Kite | Postman Pat Full Episodes,800,13:20,,79000,yes,bsPrK_XZddA,https://www.youtube.com/watch?v=bsPrK_XZddA,y
Postman Pat | Postman Pat and the Rocket Rescue | Postman Pat Full Episodes,801,13:21,,58000,yes,9_QnAm-24l4,https://www.youtube.com/watch?v=9_QnAm-24l4,y
Postman Pat  adn the Cat Calamity | Postman Pat Official | Full Episode | Kids Cartoon,801,13:21,,36000,yes,dTaA_b4Sj4E,https://www.youtube.com/watch?v=dTaA_b4Sj4E,y
Postman Pat and the Bollywood Dance | Postman Pat Official | Full Episode   Kids Cartoon,801,13:21,,33000,yes,RufKq0tBGGE,https://www.youtube.com/watch?v=RufKq0tBGGE,y
Postman Pat | Postman Pat and the Rocket Rescue | Postman Pat Full Episodes,801,13:21,,78000,yes,WEsEm1a6pw0,https://www.youtube.com/watch?v=WEsEm1a6pw0,y
Lost Property | Postman Pat Full Episodes | Kids Cartoon | Kids Videos,801,13:21,,37000,yes,bzI8bC3Ld8o,https://www.youtube.com/watch?v=bzI8bC3Ld8o,y
Talking Cat | Postman Pat Full Episodes | Kids Cartoon | Kids Videos,801,13:21,,145000,yes,LjiD0BumfZk,https://www.youtube.com/watch?v=LjiD0BumfZk,y
Pot of Gold | Postman Pat Full Episodes | Kids Cartoon | Kids Videos,801,13:21,,130000,yes,YJHUg9yFM5w,https://www.youtube.com/watch?v=YJHUg9yFM5w,y
Lost Property | Postman Pat Full Episodes | Kids Cartoon | Kids Videos,801,13:21,,100000,yes,wn31PONaq8o,https://www.youtube.com/watch?v=wn31PONaq8o,y
Go Kart Race | Postman Pat Full Episodes | Kids Cartoon | Kids Videos,801,13:21,,1300000,yes,WCcB6vuqhYs,https://www.youtube.com/watch?v=WCcB6vuqhYs,y
Postman Pat | Bollywood Dance | Postman Pat Full Episodes | Kids Cartoon | Kids Videos,801,13:21,,130000,yes,Qcz3n4krevA,https://www.youtube.com/watch?v=Qcz3n4krevA,y
Postman Pat | Postman Pat and the Spotty Situation | Postman Pat  Full Episodes,801,13:21,,55000,yes,6p5VV0vIF9k,https://www.youtube.com/watch?v=6p5VV0vIF9k,y
Postman Pat | Postman Pat and a Job Well Done | Postman Pat Full Episodes,801,13:21,,114000,yes,i8dbpcIltvA,https://www.youtube.com/watch?v=i8dbpcIltvA,y
Postman Pat | Postman Pat and the Greendale Movie | Postman Pat | Full Episodes,801,13:21,,26000,yes,4rBq7I0tJds,https://www.youtube.com/watch?v=4rBq7I0tJds,y
Postman Pat | Postman Pat and a Job Well Done | Postman Pat Full Episodes,801,13:21,,47000,yes,ThCxhq7zgb8,https://www.youtube.com/watch?v=ThCxhq7zgb8,y
Postman Pat | Postman Pat and the Spotty Situation | Postman Pat Full Episodes,801,13:21,,156000,yes,wV8-BV90GzQ,https://www.youtube.com/watch?v=wV8-BV90GzQ,y
Postman Pat | Postman Pat and the Greendale Movie | Postman Pat Full Episodes,801,13:21,,31000,yes,v3b_xmbUaYg,https://www.youtube.com/watch?v=v3b_xmbUaYg,y
Postman Pat | Postman Pat and the Big Butterflies | Postman Pat Full Episodes,801,13:21,,101000,yes,3FCqOdGyuUM,https://www.youtube.com/watch?v=3FCqOdGyuUM,y
Pat Saves A Gecko! 🦎 | Postman Pat Special Delivery Service | Full Episode,802,13:22,,50000,yes,zmISTB0iSQU,https://www.youtube.com/watch?v=zmISTB0iSQU,y
Where Is George the Gecko? 🦎 | Postman Pat Special Delivery Service | Full Episode,802,13:22,,29000,yes,rO8_z9P3BmY,https://www.youtube.com/watch?v=rO8_z9P3BmY,y
Ted's Wonderful Ice Cream Machine! 🍦⚙️ | Postman Pat | Full Episode,806,13:26,,35000,yes,pYY-iNvSJw4,https://www.youtube.com/watch?v=pYY-iNvSJw4,y
What Is The Best Ice Cream Flavour? 🍦 | Postman Pat | Full Episode,806,13:26,,30000,yes,OFTd-UpAysU,https://www.youtube.com/watch?v=OFTd-UpAysU,y
Ice Cream Explosion 🍦 | Postman Pat | Full Episode,806,13:26,,63000,yes,9VrBBnDAGEk,https://www.youtube.com/watch?v=9VrBBnDAGEk,y
Pat's Snowboard Save ⛄️ | Postman Pat | Full Episode,806,13:26,,123000,yes,lEy2PEwjSuI,https://www.youtube.com/watch?v=lEy2PEwjSuI,y
Postman Pat and the Ice Cream Machine🍦| Postman Pat | Full Episode,806,13:26,,239000,yes,xFsu9AGvk1U,https://www.youtube.com/watch?v=xFsu9AGvk1U,y
Pat's Balloon Ride! 🎈😲⭐️ | Postman Pat | Full Episode,807,13:27,,50000,yes,LCLGXdfAjaE,https://www.youtube.com/watch?v=LCLGXdfAjaE,y
Pat's Snowy Rescue ❄️☃️ | Postman Pat | Full Episode,807,13:27,,166000,yes,I8212Ax2qrY,https://www.youtube.com/watch?v=I8212Ax2qrY,y
A Snowy Balloon Ride ❄️ | Postman Pat | Full Episode,807,13:27,,60000,yes,r4vsIbGoI_M,https://www.youtube.com/watch?v=r4vsIbGoI_M,y
Pat Forms a Band 🎸 | Postman Pat | Full Episode,807,13:27,,72000,yes,zHGojYK9ejU,https://www.youtube.com/watch?v=zHGojYK9ejU,y
Pat's In Trouble?! 🚗📦😲 | Postman Pat | Full Episode,808,13:28,,68000,yes,4xNPmIL1eEU,https://www.youtube.com/watch?v=4xNPmIL1eEU,y
The Greendale Bag Race 🏁 | Postman Pat | Full Episode,808,13:28,,45000,yes,dUAfESNx8yY,https://www.youtube.com/watch?v=dUAfESNx8yY,y
The Greendale Sports Day! 🏃💨 | Postman Pat | Full Episode,808,13:28,,25000,yes,N366W1vXCV0,https://www.youtube.com/watch?v=N366W1vXCV0,y
The Most Exciting Painting! 🎨 | Postman Pat | Full Episode,808,13:28,,91000,yes,VDKtud7fdzc,https://www.youtube.com/watch?v=VDKtud7fdzc,y
Don't Leave Policeman Shelby! 🚓 | Postman Pat | Full Episode,808,13:28,,59000,yes,_XUzvKNgIpU,https://www.youtube.com/watch?v=_XUzvKNgIpU,y
Searching for Dinosaurs! 🦖 | Postman Pat | Full Episode,808,13:28,,127000,yes,hgwoLR3CZ-g,https://www.youtube.com/watch?v=hgwoLR3CZ-g,y
PC Selby's Leaving Party 🥳 | Postman Pat | Full Episode,808,13:28,,50000,yes,Z21im9WP6lI,https://www.youtube.com/watch?v=Z21im9WP6lI,y
Pat Never Gives Up! 😁 | Postman Pat | Full Episode,808,13:28,,64000,yes,V9ZycqxESNQ,https://www.youtube.com/watch?v=V9ZycqxESNQ,y
Winning the Race 🏃‍♂️🏁 | Postman Pat | Full Episode,808,13:28,,39000,yes,HVgQI8H4XWI,https://www.youtube.com/watch?v=HVgQI8H4XWI,y
The Perfect Painting 🎨 | Postman Pat | Full Episode,808,13:28,,48000,yes,TPeu6x9kBss,https://www.youtube.com/watch?v=TPeu6x9kBss,y
The Train Is 100 Years Old! 🚂 | Postman Pat | Full Episode,809,13:29,,45000,yes,ba6ZTO9r1SE,https://www.youtube.com/watch?v=ba6ZTO9r1SE,y
The Grand Jumble Sale 🏷️ | Postman Pat | Full Episode,809,13:29,,85000,yes,6KB7It1H78Q,https://www.youtube.com/watch?v=6KB7It1H78Q,y
The Big Party 🥳 | Postman Pat | Full Episode,809,13:29,,39000,yes,FiUy3AL3xEw,https://www.youtube.com/watch?v=FiUy3AL3xEw,y
Postman Pat and the Greendale Race 🏁⎟Postman Pat ⎟Full Episode,809,13:29,,135000,yes,0ZOd9bMa3eo,https://www.youtube.com/watch?v=0ZOd9bMa3eo,y
Postman Pat and the Fun of Recycling! ♻️⎟Postman Pat⎟Full Episode,809,13:29,,87000,yes,ln0Nc4h2YZY,https://www.youtube.com/watch?v=ln0Nc4h2YZY,y
Greendale Midsummer Market! ☀️🛍️📦 | Postman Pat | Full Episode,810,13:30,,34000,yes,2BeaDzJ2xEg,https://www.youtube.com/watch?v=2BeaDzJ2xEg,y
Pat the Babysitter?! 🧁😲📦 | Postman Pat | Full Episode,810,13:30,,115000,yes,8fNrHIKm_cU,https://www.youtube.com/watch?v=8fNrHIKm_cU,y
Pat Looks After The Children!! 👧🏼😲🌟 | Postman Pat | Full Episode,810,13:30,,43000,yes,aqct05Cu188,https://www.youtube.com/watch?v=aqct05Cu188,y
Pat's Pigeons! 🕊️⭐️ | Postman Pat | Full Episode,810,13:30,,43000,yes,3e_7U1hxYeU,https://www.youtube.com/watch?v=3e_7U1hxYeU,y
Pat Goes for the Record! 🥇 | Postman Pat | Full Episode,810,13:30,,39000,yes,Bnv6gDnLOs4,https://www.youtube.com/watch?v=Bnv6gDnLOs4,y
Pat and the Noisy Concert! 🎶 | Postman Pat | Full Episode,810,13:30,,32000,yes,1tieCFUTp_M,https://www.youtube.com/watch?v=1tieCFUTp_M,y
The Bizarre Boat Adventure! 🛥️✨ | Postman Pat | Full Episode,810,13:30,,65000,yes,D_Pwl0LreTI,https://www.youtube.com/watch?v=D_Pwl0LreTI,y
Cedric The Rescue Pigeon! 🐦🆘 | Postman Pat | Full Episode,810,13:30,,33000,yes,QBj2XMuWZqM,https://www.youtube.com/watch?v=QBj2XMuWZqM,y
What's That Sound? 💥 | Postman Pat | Full Episode,810,13:30,,42000,yes,XM3mCO7yVs0,https://www.youtube.com/watch?v=XM3mCO7yVs0,y
Pat and Ted Need to be Rescued! 🛟⚓️ | Postman Pat | Full Episode,810,13:30,,37000,yes,fXedxxCul5g,https://www.youtube.com/watch?v=fXedxxCul5g,y
Pat Is Lost In The Hills! 😱 | Postman Pat | Full Episode,810,13:30,,104000,yes,RomIwNrdZ1A,https://www.youtube.com/watch?v=RomIwNrdZ1A,y
Greendale's Football Champions! ⚽️ | Postman Pat | Full Episode,810,13:30,,56000,yes,ICFvrmkoT_8,https://www.youtube.com/watch?v=ICFvrmkoT_8,y
A Surprise Hedgehog 🦔 | Postman Pat | Full Episode,810,13:30,,41000,yes,nlQ9HKSe-dw,https://www.youtube.com/watch?v=nlQ9HKSe-dw,y
Pat the Super Postman ⚡️ | Postman Pat | Full Episode,810,13:30,,51000,yes,2Ql8sn8Xlsg,https://www.youtube.com/watch?v=2Ql8sn8Xlsg,y
A Search Party 🔎  | Postman Pat | Full Episode,810,13:30,,36000,yes,2w_59ZsBN3Q,https://www.youtube.com/watch?v=2w_59ZsBN3Q,y
The Tricky Train🚂 | Postman Pat | Full Episode,810,13:30,,39000,yes,xFAYejEYSxE,https://www.youtube.com/watch?v=xFAYejEYSxE,y
Pat the Footballer ⚽️ | Postman Pat | Full Episode,810,13:30,,62000,yes,w-zFmZm76bk,https://www.youtube.com/watch?v=w-zFmZm76bk,y
Pat's Superhero Mission! 🦸 | Postman Pat | Full Episode,810,13:30,,46000,yes,qIyFP9LvSU8,https://www.youtube.com/watch?v=qIyFP9LvSU8,y
Super Pat 🦸🏼‍♂️ | Postman Pat | Full Episode,810,13:30,,65000,yes,CADo-1KNdvQ,https://www.youtube.com/watch?v=CADo-1KNdvQ,y
Postman Pat Plays Football ⚽️⎜Postman Pat ⎟Full Episode,810,13:30,,52000,yes,vlJy9jcYZHI,https://www.youtube.com/watch?v=vlJy9jcYZHI,y
Postman Pat and the Kite Flying Festival 🪁 | Postman Pat | Full Episode,810,13:30,,65000,yes,vwdchxhTLzA,https://www.youtube.com/watch?v=vwdchxhTLzA,y
Super Pat 🦸🏻‍♂️ | Postman Pat | Full Episode,810,13:30,,32000,yes,3Rd9_t9xz80,https://www.youtube.com/watch?v=3Rd9_t9xz80,y
The Big Boat Adventure ⛵️ | Postman Pat | Full Episode,810,13:30,,77000,yes,Y5ceFVJFkUI,https://www.youtube.com/watch?v=Y5ceFVJFkUI,y
The Secret Superhero 🦸🏻‍♂️ | Postman Pat | Full Episode,810,13:30,,58000,yes,tpryqviW62o,https://www.youtube.com/watch?v=tpryqviW62o,y
Postman Pat and the Cat Calamity 🙀 | Postman Pat | Full Episode,810,13:30,,68000,yes,0zXB4f3BhCM,https://www.youtube.com/watch?v=0zXB4f3BhCM,y
Postman Pat and the Big Boat Adventure ⛵️ | Postman Pat | Full Episode,810,13:30,,49000,yes,c45lrpp9u-E,https://www.youtube.com/watch?v=c45lrpp9u-E,y
Pat Learns To Dance! 🕺😲 | Postman Pat | Full Episode,811,13:31,,54000,yes,isoLfPpDV3E,https://www.youtube.com/watch?v=isoLfPpDV3E,y
Pat Learns How to Dance! 🕺 | Postman Pat | Full Episode,811,13:31,,39000,yes,UGo7uLSp3Dk,https://www.youtube.com/watch?v=UGo7uLSp3Dk,y
The Cheeky Go-Kart Race! 🏎️🏁 | Postman Pat | Full Episodes,811,13:31,,67000,yes,uVVGTP-QVt0,https://www.youtube.com/watch?v=uVVGTP-QVt0,y
The Rocket’s 100th Birthday! 🎂🚂 | Postman Pat | Full Episodes,811,13:31,,52000,yes,fT5sMUCBEps,https://www.youtube.com/watch?v=fT5sMUCBEps,y
Julian the Superhero 🦸 | Postman Pat | Full Episodes,811,13:31,,32000,yes,HwRQEaasTL8,https://www.youtube.com/watch?v=HwRQEaasTL8,y
The Search for Pixie Gold! 🌈🌟 | Postman Pat | Full Episodes,811,13:31,,55000,yes,9y76ItgCec0,https://www.youtube.com/watch?v=9y76ItgCec0,y
Pat and the Spooky Story! 👻📖 | Halloween Special | Postman Pat | Full Episode,811,13:31,,51000,yes,30NNqaBwIS8,https://www.youtube.com/watch?v=30NNqaBwIS8,y
Pat’s Dancing Surprise! 💃 | Postman Pat | Full Episode,811,13:31,,28000,yes,MfPatbc_j8A,https://www.youtube.com/watch?v=MfPatbc_j8A,y
Be A Team Player on Sports Day! 🏆 | Postman Pat | Full Episode,811,13:31,,55000,yes,Nh3bCBEzTzQ,https://www.youtube.com/watch?v=Nh3bCBEzTzQ,y
The Super Go-Cart Race 🏁 | Postman Pat | Full Episode,811,13:31,,53000,yes,INw90-_2oYM,https://www.youtube.com/watch?v=INw90-_2oYM,y
What's At The End Of The Rainbow? 🌈 | Postman Pat | Full Episode,811,13:31,,36000,yes,6L6l0O-fv0E,https://www.youtube.com/watch?v=6L6l0O-fv0E,y
Brave the Storm! ⛈️ | Postman Pat | Full Episode,811,13:31,,117000,yes,HlxwzwoU760,https://www.youtube.com/watch?v=HlxwzwoU760,y
Postman Pat's Day Off 🌴 | Postman Pat | Full Episode,811,13:31,,73000,yes,sRUBU4d3AtE,https://www.youtube.com/watch?v=sRUBU4d3AtE,y
Pat's Lovely Dance Surprise! ❤️ | Postman Pat | Full Episode,811,13:31,,38000,yes,82EUJc9_Ick,https://www.youtube.com/watch?v=82EUJc9_Ick,y
Ted's Incredible Inventions 🔧 | Postman Pat | Full Episode,811,13:31,,160000,yes,i5EjCoEaD7A,https://www.youtube.com/watch?v=i5EjCoEaD7A,y
Pat's Bowling Bonanza! 🎳 | Postman Pat | Full Episode,811,13:31,,49000,yes,GrdeINnxxiQ,https://www.youtube.com/watch?v=GrdeINnxxiQ,y
Island Shipwreck Mystery 🏝️ | Postman Pat | Full Episode,811,13:31,,50000,yes,0trZwh2t4V4,https://www.youtube.com/watch?v=0trZwh2t4V4,y
Postman Pat Grants Wishes! ✨ | Postman Pat | Full Episode,811,13:31,,56000,yes,7_vcu97_Ueo,https://www.youtube.com/watch?v=7_vcu97_Ueo,y
Save Radio Greendale! 🎙️ | Postman Pat | Full Episode,811,13:31,,83000,yes,az7pSzie_YA,https://www.youtube.com/watch?v=az7pSzie_YA,y
Pat Can Talk to Mice? 🐭 | Postman Pat | Full Episode,811,13:31,,37000,yes,T9eChS8Yncs,https://www.youtube.com/watch?v=T9eChS8Yncs,y
The Mystery of the Missing Things 🔎 | Postman Pat | Full Episode,811,13:31,,42000,yes,0cVleUQ4-RE,https://www.youtube.com/watch?v=0cVleUQ4-RE,y
A Snowy Delivery ☃️ | Postman Pat | Full Episode,811,13:31,,82000,yes,eIILLFxvZ_c,https://www.youtube.com/watch?v=eIILLFxvZ_c,y
The Best Present Ever! 🎁 | Postman Pat | Full Episode,811,13:31,,60000,yes,UkheCt6vnBQ,https://www.youtube.com/watch?v=UkheCt6vnBQ,y
Pat the Pied Piper 🪈 | Postman Pat | Full Episode,811,13:31,,73000,yes,vVIjEeTTQkY,https://www.youtube.com/watch?v=vVIjEeTTQkY,y
Pat's Pink Fluffy Slippers 🩷 | Postman Pat | Full Episode,811,13:31,,85000,yes,xUdtaBP5x7w,https://www.youtube.com/watch?v=xUdtaBP5x7w,y
Postman Pat's Halloween 👻 | Postman Pat | Full Episode,811,13:31,,55000,yes,r_FrSI0g3zc,https://www.youtube.com/watch?v=r_FrSI0g3zc,y
Pat's Wild West Adventure 🤠 | Postman Pat | Full Episode,811,13:31,,51000,yes,RXytSWZolao,https://www.youtube.com/watch?v=RXytSWZolao,y
The Big Feast 🍔🌮🍗 | Postman Pat | Full Episode,811,13:31,,206000,yes,nHsF-i3UZ5U,https://www.youtube.com/watch?v=nHsF-i3UZ5U,y
Greendale Pixies 🧚‍♀️ | Postman Pat | Full Episode,811,13:31,,167000,yes,zeBb2B-d3U8,https://www.youtube.com/watch?v=zeBb2B-d3U8,y
Knights in Greendale 🏰 | Postman Pat | Full Episode,811,13:31,,71000,yes,sqXUUduTAhA,https://www.youtube.com/watch?v=sqXUUduTAhA,y
Pat Gets Stuck! 😲 | Postman Pat | Full Episode,811,13:31,,78000,yes,1zLlZM7Cpns,https://www.youtube.com/watch?v=1zLlZM7Cpns,y
A Picnic Celebration 🎉 | Postman Pat | Full Episode,811,13:31,,58000,yes,Rcq8tPaCX-c,https://www.youtube.com/watch?v=Rcq8tPaCX-c,y
The Case Of The Missing Things 🧐 | Postman Pat | Full Episode,811,13:31,,98000,yes,FRpOaWrdV1E,https://www.youtube.com/watch?v=FRpOaWrdV1E,y
Greendale Sports Day  🏁| Postman Pat | Full Episode,811,13:31,,101000,yes,rH3gZkmg3i0,https://www.youtube.com/watch?v=rH3gZkmg3i0,y
The Flying Post 🎈✉️ | Postman Pat | Full Episode,811,13:31,,73000,yes,HA4FZX1jd4A,https://www.youtube.com/watch?v=HA4FZX1jd4A,y
Postman Pat and the Magic Lamp 🧞‍♂️| Postman Pat | Full Episode,811,13:31,,71000,yes,QT4U7pXVExs,https://www.youtube.com/watch?v=QT4U7pXVExs,y
Arriving in Style! 🎉 | Postman Pat | Full Episode,811,13:31,,67000,yes,DDAprzwL9Bw,https://www.youtube.com/watch?v=DDAprzwL9Bw,y
Bowling Buddies 🎳 | Postman Pat | Full Episode,811,13:31,,57000,yes,fHHSLKo67Hs,https://www.youtube.com/watch?v=fHHSLKo67Hs,y
Postman Pat Saves the Camping Trip 🏕️ | Postman Pat | Full Episode,811,13:31,,533000,yes,Q-OnIWvNAGc,https://www.youtube.com/watch?v=Q-OnIWvNAGc,y
Pat finds a Hobby ⚽️ | Postman Pat | Full Episode,811,13:31,,79000,yes,R9E1gmvHe3M,https://www.youtube.com/watch?v=R9E1gmvHe3M,y
Shipwrecked! 🚢| Postman Pat | Full Episode,811,13:31,,59000,yes,aPKo-BUDxvE,https://www.youtube.com/watch?v=aPKo-BUDxvE,y
Postman Pat And The Stolen Balloon 🎈| Postman Pat | Full Episode,811,13:31,,46000,yes,X28wgrIHiw8,https://www.youtube.com/watch?v=X28wgrIHiw8,y
Postman Pat and The Scary Sleepover 👻 | Postman Pat | Full Episode,811,13:31,,72000,yes,GP4G1ZoUOjU,https://www.youtube.com/watch?v=GP4G1ZoUOjU,y
Postman Pat Faces His Fear! 🐴 | Postman Pat |  Full Episode,811,13:31,,59000,yes,45zBrWk-iWI,https://www.youtube.com/watch?v=45zBrWk-iWI,y
Postman Pat Climbs a Cliff 🧗🏼‍♂️| Postman Pat | Full Episode,811,13:31,,53000,yes,mnNB653ymgg,https://www.youtube.com/watch?v=mnNB653ymgg,y
Postman Pat And The Talking Cat 😺 | Postman Pat | Full Episode,811,13:31,,61000,yes,Pxgor-kTWjc,https://www.youtube.com/watch?v=Pxgor-kTWjc,y
Postman Pat And The Lucky Escape | Postman Pat | Full Episode,811,13:31,,196000,yes,3wS_inrHh9Q,https://www.youtube.com/watch?v=3wS_inrHh9Q,y
Postman Pat's Picnic 🥪 | Postman Pat | Full Episode,811,13:31,,60000,yes,_caXSUbns5A,https://www.youtube.com/watch?v=_caXSUbns5A,y
Mabel the sheep goes missing! 🐑 | Postman Pat | Full Episode,811,13:31,,66000,yes,ddPyHUHHHI8,https://www.youtube.com/watch?v=ddPyHUHHHI8,y
Postman Pat and the Flying Post ✉️ | Postman Pat | Full Episode,811,13:31,,43000,yes,pj2lBbicgzI,https://www.youtube.com/watch?v=pj2lBbicgzI,y
Tom and Katy find a magic lamp 🔮 | Postman Pat | Full Episode,811,13:31,,38000,yes,FBv4IKbwhss,https://www.youtube.com/watch?v=FBv4IKbwhss,y
The Fancy Dress Party 👗 | Postman Pat | Full Episode,811,13:31,,72000,yes,L6wSB9nQL24,https://www.youtube.com/watch?v=L6wSB9nQL24,y
Bowling Night 🎳 | Postman Pat | Full Episode,811,13:31,,48000,yes,eha0YKr2v10,https://www.youtube.com/watch?v=eha0YKr2v10,y
Camping with Postman Pat 🏕 | Postman Pat | Full Episode,811,13:31,,108000,yes,dbWojWqnO04,https://www.youtube.com/watch?v=dbWojWqnO04,y
Sports Day 🏃🏻‍♂️ | Postman Pat,811,13:31,,67000,yes,bTHwN83Tinw,https://www.youtube.com/watch?v=bTHwN83Tinw,y
Postman Pat's Day Off 😎 | Postman Pat,811,13:31,,65000,yes,p_5qwlqFAu8,https://www.youtube.com/watch?v=p_5qwlqFAu8,y
Postman Pat's Spy Mission 🕵🏻‍♂️ | Postman Pat,811,13:31,,45000,yes,mmsfAX8-geM,https://www.youtube.com/watch?v=mmsfAX8-geM,y
Postman Pat's Pied Piper 🐭 | Postman Pat,811,13:31,,58000,yes,P6Rosxf6xfc,https://www.youtube.com/watch?v=P6Rosxf6xfc,y
Postman Pat And The Runaway Train 🚂 | Postman Pat,811,13:31,,1000000,yes,RTo-jY8auN8,https://www.youtube.com/watch?v=RTo-jY8auN8,y
Postman Pat And The Pink Slippers 🧦 | Postman Pat,811,13:31,,202000,yes,m3mYUBUIHHQ,https://www.youtube.com/watch?v=m3mYUBUIHHQ,y
The Pet Show 🐠🐶🐑 | Postman Pat,811,13:31,,58000,yes,CKzQMcnBHno,https://www.youtube.com/watch?v=CKzQMcnBHno,y
Postman Pat And The Playful Pets 🐶 | Postman Pat,811,13:31,,92000,yes,kEiMGBtiwdM,https://www.youtube.com/watch?v=kEiMGBtiwdM,y
Postman Pat's Wild West Rescue 🐑 | Postman Pat,811,13:31,,65000,yes,kgf4-oCPKRs,https://www.youtube.com/watch?v=kgf4-oCPKRs,y
Postman Pat Makes Pizza 🍕 | Postman Pat | Full Episode,811,13:31,,319000,yes,IbDsYWc9MeY,https://www.youtube.com/watch?v=IbDsYWc9MeY,y
Pat and Ted restore an old car 🚘 | Postman Pat | Full Episode,811,13:31,,265000,yes,eTjAIiuh648,https://www.youtube.com/watch?v=eTjAIiuh648,y
Pat Learns to Dance 🕺🏻 | Postman Pat | Full Episode,811,13:31,,57000,yes,DxBAyIr0Nig,https://www.youtube.com/watch?v=DxBAyIr0Nig,y
Julian helps his friend during a thunderstorm⚡️ | Postman Pat | Full Episode,811,13:31,,214000,yes,fZflZnMR568,https://www.youtube.com/watch?v=fZflZnMR568,y
Snowy Day ❄️ | Postman Pat | Full Episode,811,13:31,,134000,yes,lQjYpsK8NLg,https://www.youtube.com/watch?v=lQjYpsK8NLg,y
Postman Pat's Radio Greendale 📻 | Postman Pat | Full Episode,811,13:31,,51000,yes,bQGFTah_yb0,https://www.youtube.com/watch?v=bQGFTah_yb0,y
Postman Pat and the Spooky Sleepover 🌙 | Postman Pat | Full Episode,811,13:31,,74000,yes,3lsmKCIUGJg,https://www.youtube.com/watch?v=3lsmKCIUGJg,y
The Big Balloon Ride 🎈 | Postman Pat | Full Episode,811,13:31,,69000,yes,ZVliVoBFkmE,https://www.youtube.com/watch?v=ZVliVoBFkmE,y
The Talking Cat 🐈 | Postman Pat | Full Episode,811,13:31,,86000,yes,vhl3ghOx1Zg,https://www.youtube.com/watch?v=vhl3ghOx1Zg,y
Postman Pat's Clifftop Adventure 🧗🏻‍♂️ | Postman Pat | Full Episode,811,13:31,,59000,yes,5WtF3a_zpjA,https://www.youtube.com/watch?v=5WtF3a_zpjA,y
Pat overcomes his fear of horses 🐴 | Postman Pat | Full Episode,811,13:31,,52000,yes,2bRYotRWjrg,https://www.youtube.com/watch?v=2bRYotRWjrg,y
Bonnie Rescues Jess 🐶😸 | Postman Pat | Full Episode,811,13:31,,235000,yes,CvGoCK-swVk,https://www.youtube.com/watch?v=CvGoCK-swVk,y
Pat and Amy investigate a mystery  🔎 | Postman Pat | Full Episode,811,13:31,,118000,yes,0zqkA-AUM9s,https://www.youtube.com/watch?v=0zqkA-AUM9s,y
Postman Pat And The Lost Property ☂️ | Postman Pat | Full Episode,811,13:31,,58000,yes,5K1pis4KQq4,https://www.youtube.com/watch?v=5K1pis4KQq4,y
Ted's Incredible Inventions ⚙️ | Postman Pat | Full Episode,811,13:31,,133000,yes,qVK9ejYMWyw,https://www.youtube.com/watch?v=qVK9ejYMWyw,y
The Go-Kart Race 🏁 | Postman Pat | Full Episode,811,13:31,,168000,yes,WovVA2U9EQY,https://www.youtube.com/watch?v=WovVA2U9EQY,y
Cooking with Postman Pat 🥬 | Postman Pat | Full Episode,811,13:31,,172000,yes,JGoH9oESub4,https://www.youtube.com/watch?v=JGoH9oESub4,y
Following the Rainbow 🌈 | Postman Pat | Full Episode,811,13:31,,87000,yes,DPIq4dv69OE,https://www.youtube.com/watch?v=DPIq4dv69OE,y
The Greendale Knights  ⚔️ | Postman Pat | Full Episode,811,13:31,,83000,yes,VllrUqkZLkM,https://www.youtube.com/watch?v=VllrUqkZLkM,y
Postman Pat Gets Stuck 🌳 | Postman Pat | Full Episode,811,13:31,,206000,yes,HX0FflplJf8,https://www.youtube.com/watch?v=HX0FflplJf8,y
Postman Pat And The Lucky Escape | Postman Pat | Full Episode,811,13:31,,67000,yes,wah0xOeJCEw,https://www.youtube.com/watch?v=wah0xOeJCEw,y
Postman Pat's Picnic 🥪 | Postman Pat | Full Episode,811,13:31,,70000,yes,YiW_yNS3E7s,https://www.youtube.com/watch?v=YiW_yNS3E7s,y
Postman Pat And The Missing Things | Postman Pat | Full Episode,811,13:31,,135000,yes,Y6wvy5odlso,https://www.youtube.com/watch?v=Y6wvy5odlso,y
The Flying Post ✉️ | Postman Pat | Full Episode,811,13:31,,188000,yes,M-4pcqXvx40,https://www.youtube.com/watch?v=M-4pcqXvx40,y
The Magic Lamp 🔮 | Postman Pat | Full Episode,811,13:31,,42000,yes,TruAr3r2Y1w,https://www.youtube.com/watch?v=TruAr3r2Y1w,y
Postman Pat And The Fancy Dress Party 👗 | Postman Pat | Full Episode,811,13:31,,65000,yes,QKaG9ajw0IQ,https://www.youtube.com/watch?v=QKaG9ajw0IQ,y
The Bowling Buddies | Postman Pat | Full Episode,811,13:31,,75000,yes,nINjTxsZWAk,https://www.youtube.com/watch?v=nINjTxsZWAk,y
Postman Pat's Island Shipwreck 🏝 | Postman Pat | Full Episode,811,13:31,,142000,yes,9mr9qfKTz5E,https://www.youtube.com/watch?v=9mr9qfKTz5E,y
Postman Pat Goes Camping 🏕 | Postman Pat | Full Episode,811,13:31,,128000,yes,TQ6xfEc1xTo,https://www.youtube.com/watch?v=TQ6xfEc1xTo,y
The Grand Custard Race 🥧 | Postman Pat,811,13:31,,69000,yes,242dhdJQsx4,https://www.youtube.com/watch?v=242dhdJQsx4,y
Postman Pat Learns to Bake 🧁 | Postman Pat | Full Episode,811,13:31,,79000,yes,cEvqH58DZF4,https://www.youtube.com/watch?v=cEvqH58DZF4,y
The Spy Mission 🔎 | Postman Pat | Full Episode,811,13:31,,85000,yes,ZwQnDFWsqJ0,https://www.youtube.com/watch?v=ZwQnDFWsqJ0,y
Mystery of the Sneaky Sheep 🐑 | Postman Pat | Full Episode,812,13:32,,80000,yes,YSIyAeYgLYg,https://www.youtube.com/watch?v=YSIyAeYgLYg,y
Pat Breaks a Greendale Record! 🏆 | Postman Pat | Full Episode,812,13:32,,54000,yes,gZSh4Y14PTg,https://www.youtube.com/watch?v=gZSh4Y14PTg,y
The Sneaky Sheep 🐑 | Postman Pat | Full Episode,812,13:32,,43000,yes,FF3jLYA4xEg,https://www.youtube.com/watch?v=FF3jLYA4xEg,y
Pat breaks a record! 🏅 | Postman Pat | Full Episode,812,13:32,,40000,yes,rV4FCN27uE0,https://www.youtube.com/watch?v=rV4FCN27uE0,y
The Sneaky Sheep 🐑 | Postman Pat | Full Episode,812,13:32,,57000,yes,zQG0VJcYNgM,https://www.youtube.com/watch?v=zQG0VJcYNgM,y
The Record Breaking Day 🏅| Postman Pat | Full Episode,812,13:32,,48000,yes,Su65gsgumuA,https://www.youtube.com/watch?v=Su65gsgumuA,y
Pat Goes Ice Skating ⛸️❄️ | Postman Pat | Full Episode,813,13:33,,60000,yes,r7TUzRq-buA,https://www.youtube.com/watch?v=r7TUzRq-buA,y
Postman Pat plays the Bagpipes 🎶 | Postman Pat | Full Episode,813,13:33,,81000,yes,ELntD7jNBaE,https://www.youtube.com/watch?v=ELntD7jNBaE,y
Postman Pat and the Snowy Day ❄️ | Postman Pat | Full Episode,813,13:33,,80000,yes,z639H3Ygkzs,https://www.youtube.com/watch?v=z639H3Ygkzs,y
PC Selby's Surprise Party 🎉 | Postman Pat | Full Episode,813,13:33,,125000,yes,uapOCSr05D0,https://www.youtube.com/watch?v=uapOCSr05D0,y
Postman Pat And The Cranky Cows 🐮 | Postman Pat | Full Episode,813,13:33,,323000,yes,HNEv_-4zIVg,https://www.youtube.com/watch?v=HNEv_-4zIVg,y
Ice Skating with Pat ⛸ | Postman Pat | Full Episode,813,13:33,,79000,yes,hR92R8rk4cE,https://www.youtube.com/watch?v=hR92R8rk4cE,y
Postman Pat And The Popular Policeman 👮🏼‍♀️ | Postman Pat | Full Episode,813,13:33,,53000,yes,R4wZE8aD36E,https://www.youtube.com/watch?v=R4wZE8aD36E,y
Learning to Bollywood Dance 💃 | Postman Pat | Full Episode,814,13:34,,50000,yes,De6Ge3BsOO4,https://www.youtube.com/watch?v=De6Ge3BsOO4,y
The Bollywood Dance 🌟 | Postman Pat | Full Episode,814,13:34,,82000,yes,IA_JD6CpwiI,https://www.youtube.com/watch?v=IA_JD6CpwiI,y
Pat Plays The Pipes?! 😲🪈🎶 | Postman Pat | Full Episode,815,13:35,,102000,yes,i8nscBHNn6k,https://www.youtube.com/watch?v=i8nscBHNn6k,y
Pats Penny Whistle Practice! 🪈🎶 | Postman Pat | Full Episode,815,13:35,,39000,yes,jFl5Z5cX6tc,https://www.youtube.com/watch?v=jFl5Z5cX6tc,y
The Story of the Pied Piper 🪈 | Postman Pat | Full Episode,815,13:35,,25000,yes,U4_plUWlGH8,https://www.youtube.com/watch?v=U4_plUWlGH8,y
Marching Band Madness! 🥁 | Postman Pat | Full Episode,815,13:35,,21000,yes,0Lucy2T6jVQ,https://www.youtube.com/watch?v=0Lucy2T6jVQ,y
Pumpkin the Stubborn Pony 🐴 | Postman Pat | Full Episode,817,13:37,,85000,yes,2wm9Z4Bfw40,https://www.youtube.com/watch?v=2wm9Z4Bfw40,y
Pat Saves Christmas 🎄🎁 | Postman Pat | Full Episode,817,13:37,,77000,yes,1nkkwnwJbGQ,https://www.youtube.com/watch?v=1nkkwnwJbGQ,y
Why is Pumpkin so grumpy? 🐴 | Postman Pat | Full Episode,817,13:37,,53000,yes,vFLbkj2cdtU,https://www.youtube.com/watch?v=vFLbkj2cdtU,y
Bill learns an important lesson about winning 🏃🏻‍♂️ | Postman Pat | Full Episode,817,13:37,,36000,yes,FRTfOCVuWR8,https://www.youtube.com/watch?v=FRTfOCVuWR8,y
The Sounds of Greendale 🎵 | Postman Pat | Full Episode,817,13:37,,45000,yes,CyCVm1QHMqo,https://www.youtube.com/watch?v=CyCVm1QHMqo,y
Pumpkin doesn't want to go anywhere! | Postman Pat | Full Episode,817,13:37,,47000,yes,LAhhhNz5g6w,https://www.youtube.com/watch?v=LAhhhNz5g6w,y
Bill learns an important lesson about winning 🏆 | Postman Pat | Full Episode,817,13:37,,68000,yes,fB8CNvpm7kc,https://www.youtube.com/watch?v=fB8CNvpm7kc,y
Pat saves the day! 🌲 | Postman Pat | Full Episode,817,13:37,,42000,yes,ySUNv6B_nYo,https://www.youtube.com/watch?v=ySUNv6B_nYo,y
Postman Pat's Noisy Day 📣 | Postman Pat | Full Episode,817,13:37,,101000,yes,TMigJKgIt6c,https://www.youtube.com/watch?v=TMigJKgIt6c,y
The Grumpy Pony | Postman Pat | Full Episode,817,13:37,,124000,yes,4bJcwJPPNvs,https://www.youtube.com/watch?v=4bJcwJPPNvs,y
Postman Pat's Fun Run 🏃🏻‍♂️ | Postman Pat | Full Episode,817,13:37,,179000,yes,Kfc_jfU_Kjs,https://www.youtube.com/watch?v=Kfc_jfU_Kjs,y
The Little Helpers! 🤝 | Postman Pat | Full Episode,820,13:40,,28000,yes,FCS1hZJgCys,https://www.youtube.com/watch?v=FCS1hZJgCys,y
Bear's Big Adventure 🧸 | Postman Pat | Full Episode,820,13:40,,71000,yes,CYRUj_8JxQE,https://www.youtube.com/watch?v=CYRUj_8JxQE,y
The Lost Teddy Bear 🧸⎟Postman Pat ⎟Full Episode,820,13:40,,162000,yes,IjOKZS7SAMM,https://www.youtube.com/watch?v=IjOKZS7SAMM,y
Postman Pat and the Troublesome Twins 👧🏼👦🏼 | Postman Pat | Full Episode,820,13:40,,67000,yes,O6NU6ynKVBM,https://www.youtube.com/watch?v=O6NU6ynKVBM,y
Postman Pat and the Tricky Delivery 📦⎜Postman Pat⎜Full Episode,820,13:40,,110000,yes,TOmELXTVXxM,https://www.youtube.com/watch?v=TOmELXTVXxM,y
Pat finds his old teddy bear 🐻 | Postman Pat | Full Episode,820,13:40,,52000,yes,BRLTMUacOgI,https://www.youtube.com/watch?v=BRLTMUacOgI,y
Postman Pat And The Double Disguise 🕵🏻‍♀️ | Postman Pat | Full Episode,820,13:40,,44000,yes,SRfqa6v2LU8,https://www.youtube.com/watch?v=SRfqa6v2LU8,y
Pat Never Gives Up | Postman Pat | Full Episode,820,13:40,,519000,yes,YWJj9PSuEcw,https://www.youtube.com/watch?v=YWJj9PSuEcw,y
The Disappearing Bear 🐻 | Postman Pat | Full Episode,820,13:40,,165000,yes,sbtIrBwEaq0,https://www.youtube.com/watch?v=sbtIrBwEaq0,y
Pat Must Save The Ducks!! 😲🐥📦 | Postman Pat Special Delivery Service | Full Episode,821,13:41,,75000,yes,ZvDzMxVs1aw,https://www.youtube.com/watch?v=ZvDzMxVs1aw,y
Pat On Skates?! 🛹📦😲 | Postman Pat Special Delivery Service | Full Episode,821,13:41,,52000,yes,fcn4FYAI6XY,https://www.youtube.com/watch?v=fcn4FYAI6XY,y
Pat and the Skateboard Competition! 🛹🏆 | Postman Pat | Full Episode,821,13:41,,50000,yes,ToAEUg-jjzE,https://www.youtube.com/watch?v=ToAEUg-jjzE,y
Ted and Alfs Duck Rivalry! 😡🐥 | Postman Pat | Full Episode,821,13:41,,44000,yes,oTdh9H3CCDU,https://www.youtube.com/watch?v=oTdh9H3CCDU,y
Pat and the Karaoke Machine! 🎰🎶 | Postman Pat | Full Episode,821,13:41,,50000,yes,qFEglxqQ44w,https://www.youtube.com/watch?v=qFEglxqQ44w,y
Pat the Super Postman! 🦸‍♂️📬 | Postman Pat | Full Episode,821,13:41,,35000,yes,H2MfA69AChk,https://www.youtube.com/watch?v=H2MfA69AChk,y
The Great Greendale Show! ✨ | Postman Pat | Full Episodes,821,13:41,,37000,yes,hW_zxf_xK0c,https://www.youtube.com/watch?v=hW_zxf_xK0c,y
Pat Learns How to Skate! | Postman Pat | Full Episode,821,13:41,,38000,yes,pTbrlFl7BnM,https://www.youtube.com/watch?v=pTbrlFl7BnM,y
Ajay's New Duck Hobby! | Postman Pat | Full Episode,821,13:41,,33000,yes,zcnWKLAXEAo,https://www.youtube.com/watch?v=zcnWKLAXEAo,y
Greendale's Karaoke Night! 🎤🎶 | Postman Pat | Full Episode,821,13:41,,33000,yes,5L5AKot_oj4,https://www.youtube.com/watch?v=5L5AKot_oj4,y
Pat is a Superhero! 🦸‍♂️| Postman Pat | Full Episode,821,13:41,,40000,yes,FA65b3cqDB8,https://www.youtube.com/watch?v=FA65b3cqDB8,y
Pat’s fastest delivery! 🏃💨 | Postman Pat | Full Episode,821,13:41,,31000,yes,LUAtz51TlIQ,https://www.youtube.com/watch?v=LUAtz51TlIQ,y
The Great Rubber Duck Race! 🏁 | Postman Pat | Full Episode,821,13:41,,66000,yes,ikwmZQQfkw8,https://www.youtube.com/watch?v=ikwmZQQfkw8,y
Pat Learns to Skateboard! 🛹 | Postman Pat Special Delivery Service | Full Episode,821,13:41,,33000,yes,6P507Qnd6SY,https://www.youtube.com/watch?v=6P507Qnd6SY,y
Pat Does Karaoke! 🎤 | Postman Pat Special Delivery Service | Full Episode,821,13:41,,49000,yes,Cq1_gx98Rjw,https://www.youtube.com/watch?v=Cq1_gx98Rjw,y
Ted Can Control The Weather! 🌦️ | Postman Pat | Full Episode,821,13:41,,50000,yes,uEzyoKphFsI,https://www.youtube.com/watch?v=uEzyoKphFsI,y
The Record-Breaking Challenge! 🏅 | Postman Pat | Full Episode,821,13:41,,37000,yes,fEisguJndfw,https://www.youtube.com/watch?v=fEisguJndfw,y
Is Pat A Secret Superhero? ⭐️ | Postman Pat | Full Episode,821,13:41,,51000,yes,HlwG6lT4bdU,https://www.youtube.com/watch?v=HlwG6lT4bdU,y
Pat's Windy Camping Trip ⛺️ | Postman Pat | Full Episode,821,13:41,,98000,yes,6ogPzFPYavY,https://www.youtube.com/watch?v=6ogPzFPYavY,y
Pat and the Bollywood Dance! 👯‍♀️ | Postman Pat | Full Episode,826,13:46,,33000,yes,VZjdQAvxN_A,https://www.youtube.com/watch?v=VZjdQAvxN_A,y
Bollywood Comes to Greendale 🕺 | Postman Pat | Full Episode,826,13:46,,55000,yes,YIyruMURZ14,https://www.youtube.com/watch?v=YIyruMURZ14,y
Postman Pat | FIRST EVER EPISODE -  Finding Day | Postman Pat Full Episodes,873,14:33,,838000,yes,NSwOlOJfrvg,https://www.youtube.com/watch?v=NSwOlOJfrvg,y
Postman Pat and the Fancy Dress Party | Postman Pat Official | Full Episode,881,14:41,,106000,yes,nhNkPbiFITU,https://www.youtube.com/watch?v=nhNkPbiFITU,y
Incredible Inventions | Postman Pat Full Episodes | Kids Cartoon | Kids Videos,884,14:44,,34000,yes,yaW3jo_Ptmg,https://www.youtube.com/watch?v=yaW3jo_Ptmg,y
Incredible Inventions | Postman Pat Full Episodes | Kids Cartoon | Kids Videos,885,14:45,,143000,yes,jUZsbqVfOqY,https://www.youtube.com/watch?v=jUZsbqVfOqY,y
Postman Pat and the Grand Custard Race | Postman Pat Official | Full Episode,886,14:46,,69000,yes,jSg7UUohyx4,https://www.youtube.com/watch?v=jSg7UUohyx4,y
Postman Pat's Big Boat Adventure | Postman Pat Official | Postman Pat Full Episode,886,14:46,,38000,yes,OIinIhnPoK8,https://www.youtube.com/watch?v=OIinIhnPoK8,y
Postman Pat and the Magic Lamp | Postman Pat Official | Full Episode,888,14:48,,76000,yes,Wyy6Poex_tM,https://www.youtube.com/watch?v=Wyy6Poex_tM,y
Postman Pat Goes Undercover | Postman Pat Official | Full Episode,889,14:49,,106000,yes,scIZFruOVYA,https://www.youtube.com/watch?v=scIZFruOVYA,y
Postman Pat The Magician | Postman Pat Official | Full Episode,889,14:49,,113000,yes,7NiZRioQ0P0,https://www.youtube.com/watch?v=7NiZRioQ0P0,y
Greendale Knights | Postman Pat Full Episodes | Kids Cartoon | Kids Videos,889,14:49,,54000,yes,83X6YvYa13o,https://www.youtube.com/watch?v=83X6YvYa13o,y
Postman Pat's Noisy Day | Postman Pat Official | Postman Pat Full Episodes,890,14:50,,57000,yes,xa2KeTLdEUw,https://www.youtube.com/watch?v=xa2KeTLdEUw,y
Postman Pat's Noisy Day | Postman Pat Official | Postman Pat Full Episodes,890,14:50,,52000,yes,uzP5wAMNW3I,https://www.youtube.com/watch?v=uzP5wAMNW3I,y
Postman Pat and the Greendale Knights | Postman Pat Official | Full Episodes | Kids Cartoon,890,14:50,,49000,yes,mFngBEVGZ04,https://www.youtube.com/watch?v=mFngBEVGZ04,y
Postman Pat and the Missing Things | Postman Pat Official | Full Episode,890,14:50,,91000,yes,xKVJTuS-lNw,https://www.youtube.com/watch?v=xKVJTuS-lNw,y
Postman Pat's Noisy Day | Postman Pat Official | Postman Pat Full Episodes,890,14:50,,80000,yes,nZjViMtdxss,https://www.youtube.com/watch?v=nZjViMtdxss,y
Postman Pat and the Big Balloon Ride | Postman Pat Official | Full Episode,891,14:51,,42000,yes,eLXm4MCp76E,https://www.youtube.com/watch?v=eLXm4MCp76E,y
Postman Pat and the Pet Show | Postman Pat Official | Postman Pat Full Episode,891,14:51,,64000,yes,7qSYT5m7ZJM,https://www.youtube.com/watch?v=7qSYT5m7ZJM,y
Postman Pat and the Twinkly Lights | Full Episode | Cartoons for Kids,891,14:51,,94000,yes,SneKjwFclAs,https://www.youtube.com/watch?v=SneKjwFclAs,y
Postman Pat and the Rubber Duck Race | Postman Pat Special Delivery Service,891,14:51,,62000,yes,xQcnjTcCr9Y,https://www.youtube.com/watch?v=xQcnjTcCr9Y,y
Postman Pat and the Greendale Ukulele Big Band | Postman Pat Official | Full Episode,891,14:51,,69000,yes,1ffJqpACOeE,https://www.youtube.com/watch?v=1ffJqpACOeE,y
Postman Pat and the Tremendous Tree | Postman Pat Special Delivery | Full Episode | Kids Cartoons,891,14:51,,75000,yes,TG2wWM3K6zo,https://www.youtube.com/watch?v=TG2wWM3K6zo,y
Postman Pat | Postman Pat and the Tricky Tracker | Full Episode | Cartoons for Kids,891,14:51,,118000,yes,aK2JlaqmgVM,https://www.youtube.com/watch?v=aK2JlaqmgVM,y
Postman Pat and the Super Skateboard Sizzle l Postman Pat | Full Episode,891,14:51,,65000,yes,pi4vlWD7H3M,https://www.youtube.com/watch?v=pi4vlWD7H3M,y
Postman Pat and the Twinkly Lights | Full Episode | Cartoons for Kids,891,14:51,,58000,yes,BLIv8Dtwf2s,https://www.youtube.com/watch?v=BLIv8Dtwf2s,y
Postman Pat and the Thunderstorm | Postman Pat Official | Full Episode,891,14:51,,112000,yes,qNYbNE2Og1A,https://www.youtube.com/watch?v=qNYbNE2Og1A,y
Postman Pat and the Surprise | Postman Pat Official | Full Episode,891,14:51,,101000,yes,i7tHcSqTpMI,https://www.youtube.com/watch?v=i7tHcSqTpMI,y
Postman Pat and the Troublesome Train | Postman Pat Official | Full Episode,891,14:51,,298000,yes,dCIHd-hyjTo,https://www.youtube.com/watch?v=dCIHd-hyjTo,y
Postman Pat | Postman Pat and the Tricky Tracker | Full Episode | Cartoons for Kids,891,14:51,,98000,yes,fDckwXBECkM,https://www.youtube.com/watch?v=fDckwXBECkM,y
Postman Pat and the Tremendous Tree | Postman Pat Special Delivery | Full Episode | Kids Cartoons,891,14:51,,45000,yes,txITd77ibeo,https://www.youtube.com/watch?v=txITd77ibeo,y
Postman Pat and the Rubber Duck Race | Postman Pat Special Delivery Service,891,14:51,,41000,yes,3aDAFnOjQ8w,https://www.youtube.com/watch?v=3aDAFnOjQ8w,y
Postman Pat and the Tremendous Tree | Postman Pat Official | Postman Pat Full Episode,891,14:51,,42000,yes,BGwpDhWHXEA,https://www.youtube.com/watch?v=BGwpDhWHXEA,y
Postman Pat and the Greendale Ukulele Big Band | Postman Pat Official | Full Episode,891,14:51,,49000,yes,qJskTiJTIMY,https://www.youtube.com/watch?v=qJskTiJTIMY,y
Postman Pat and the Greendale Ukulele Big Band | Postman Pat Official | Full Episode,891,14:51,,165000,yes,V1AnC0Tursg,https://www.youtube.com/watch?v=V1AnC0Tursg,y
Postman Pat and the Didgeridoo | Postman Pat Special Deliveries | Full Episode,891,14:51,,117000,yes,o93YcstypAw,https://www.youtube.com/watch?v=o93YcstypAw,y
Postman Pat and the Great Greendale Website | Postman Pat Special Delivery Service,891,14:51,,163000,yes,7XEdAOI1Dks,https://www.youtube.com/watch?v=7XEdAOI1Dks,y
Postman Pat and the Rubber Duck Race | Postman Pat Special Delivery Service,891,14:51,,393000,yes,w139pLbBKyw,https://www.youtube.com/watch?v=w139pLbBKyw,y
Postman Pat and the Super Skateboard Sizzle l Postman Pat | Full Episode,891,14:51,,193000,yes,zvssWrkXqnA,https://www.youtube.com/watch?v=zvssWrkXqnA,y
Postman Pat Special Delivery | Postman Pat and the Tremendous Tree | Full Episode | Kids Cartoons,891,14:51,,1100000,yes,4tNM1ZZRaH8,https://www.youtube.com/watch?v=4tNM1ZZRaH8,y
Postman Pat | Postman Pat and the Twinkly Lights | Full Episode | Cartoons for Kids,891,14:51,,418000,yes,G-1KO8tSUDY,https://www.youtube.com/watch?v=G-1KO8tSUDY,y
Postman Pat | Postman Pat and the Tricky Tracker | Full Episode | Cartoons for Kids,891,14:51,,266000,yes,q1Tkt1BWJqE,https://www.youtube.com/watch?v=q1Tkt1BWJqE,y
Postman Pat & the Pink Slippers | Postman Pat Official | Full Episode | Cartoons for Kids,892,14:52,,94000,yes,bsYKOPKw0G4,https://www.youtube.com/watch?v=bsYKOPKw0G4,y
Postman Pat and the Super Skateboard Sizzle l Postman Pat | Full Episode,892,14:52,,50000,yes,uMn-t9hZ9hk,https://www.youtube.com/watch?v=uMn-t9hZ9hk,y
Postman Pat and the Station Window | Postman Pat Official | Full Episode,892,14:52,,80000,yes,1QsitEwz1tY,https://www.youtube.com/watch?v=1QsitEwz1tY,y
Postman Pat and the Wobbly Piano | Postman Pat Special Delivery Service | Full Episode,892,14:52,,101000,yes,E2zuhkvby-Y,https://www.youtube.com/watch?v=E2zuhkvby-Y,y
Postman Pat and the Seaside Special | Postman Pat Special Deliveries | Postman Pat Full Episode,892,14:52,,37000,yes,2ACFZYQu-lQ,https://www.youtube.com/watch?v=2ACFZYQu-lQ,y
Postman Pat and the Pink Slippers | Postman Pat Official | Full Episode,892,14:52,,21000,yes,tV3EPHaBlAU,https://www.youtube.com/watch?v=tV3EPHaBlAU,y
Postman Pat and the Seaside Special | Postman Pat | Full Episode | Kids Cartoons,892,14:52,,50000,yes,jOA82A5AufY,https://www.youtube.com/watch?v=jOA82A5AufY,y
Postman Pat and the Seaside Special | Postman Pat Special Deliveries | Postman Pat Full Episode,892,14:52,,30000,yes,ZDzHrwSWZlI,https://www.youtube.com/watch?v=ZDzHrwSWZlI,y
Postman Pat and the Wobbly Piano | Postman Pat Special Delivery Service | Full Episode,892,14:52,,367000,yes,4nVwWBavSRo,https://www.youtube.com/watch?v=4nVwWBavSRo,y
Postman Pat and the Station Window | Postman Pat Official | Full Episode,892,14:52,,393000,yes,cF03KjvqMt4,https://www.youtube.com/watch?v=cF03KjvqMt4,y
Postman Pat and the Chinese Dragon. | Postman Pat Special Deliveries | Full Episode,892,14:52,,294000,yes,eHPAQS0iakc,https://www.youtube.com/watch?v=eHPAQS0iakc,y
Postman Pat and the Sculpture Trail | Postman Pat Special Deliveries | Full Episode,892,14:52,,233000,yes,vkZkdVcK21g,https://www.youtube.com/watch?v=vkZkdVcK21g,y
Postman Pat and the Amazing Weather Machine | Postman Pat Official | Full Episode,892,14:52,,201000,yes,ovJ1Nf22DV0,https://www.youtube.com/watch?v=ovJ1Nf22DV0,y
Postman Pat and the Booming Bagpipes | Postman Pat Official | Full Episode,892,14:52,,196000,yes,G7wSZ9XBcnA,https://www.youtube.com/watch?v=G7wSZ9XBcnA,y
Postman Pat and Meera's Gecko | Postman Pat Special Deliveries | Full Episode,892,14:52,,133000,yes,GC3JjWy2hYA,https://www.youtube.com/watch?v=GC3JjWy2hYA,y
Postman Pat and the Karaoke Night | Postman Pat Special Delivery Service,892,14:52,,254000,yes,SdyCuaQBycI,https://www.youtube.com/watch?v=SdyCuaQBycI,y
Postman Pat and the Identical Cats | Postman Pat Special Delivery Service,892,14:52,,468000,yes,yg6qPuzgLuo,https://www.youtube.com/watch?v=yg6qPuzgLuo,y
Postman Pat | Postman Pat and the Seaside Special | Full Episode | Kids Cartoons,892,14:52,,185000,yes,Et0_0d5mxjU,https://www.youtube.com/watch?v=Et0_0d5mxjU,y
Postman Pat | The Crazy Crockery | Postman Pat Full Episodes,892,14:52,,4200000,yes,m0YO_E0c4Is,https://www.youtube.com/watch?v=m0YO_E0c4Is,y
Postman Pat | The Metal Detector | Postman Pat Full Episodes,892,14:52,,1100000,yes,1G-sT7J0PyA,https://www.youtube.com/watch?v=1G-sT7J0PyA,y
Postman Pat | The Cheeky Sheep | Postman Pat Full Episodes,892,14:52,,7000000,yes,EyeiAhhhj7w,https://www.youtube.com/watch?v=EyeiAhhhj7w,y
Postman Pat | Big Bob Bell | Postman Pat Full Episodes,892,14:52,,5900000,yes,c93juqkRhUI,https://www.youtube.com/watch?v=c93juqkRhUI,y
Postman Pat and Cowboy Colin,892,14:52,,1300000,yes,XkDTqluXiVg,https://www.youtube.com/watch?v=XkDTqluXiVg,y
Postman Pat and the Runaway Train | Postman Pat Official | Postman Pat Full Episode,893,14:53,,112000,yes,Qr3C25asA04,https://www.youtube.com/watch?v=Qr3C25asA04,y
Postman Pat's Fun Run | Postman Pat Official | Full Episode | Cartoon for kids,893,14:53,,60000,yes,AIMDwH3zoOw,https://www.youtube.com/watch?v=AIMDwH3zoOw,y
Postman Pat's Noisy Day | Postman Pat | Full Episode | Cartoons for Kids,893,14:53,,60000,yes,gIKRpKiCrkM,https://www.youtube.com/watch?v=gIKRpKiCrkM,y
Postman Pat and the Runaway Bees | Postman Pat | Full Episodes | Kids Cartoon,893,14:53,,76000,yes,#NAME?,https://www.youtube.com/watch?v=-nGBid2jZRs,y
Postman Pat's Island Shipwreck | Postman Pat Official | Full Episode,893,14:53,,57000,yes,ELbvkDFIWFI,https://www.youtube.com/watch?v=ELbvkDFIWFI,y
Postman Pat and the Runaway Bees | Postman Pat | Full Episodes | Kids Cartoon,893,14:53,,85000,yes,fsSnW0qFaq4,https://www.youtube.com/watch?v=fsSnW0qFaq4,y
Postman Pat and the Runaway Bees | Postman Pat Special Delivery | Full Episode,893,14:53,,212000,yes,#NAME?,https://www.youtube.com/watch?v=-OI-_kIOwNA,y
Postman Pat and the Scarecrow | Postman Pat Special Delivery Service,893,14:53,,286000,yes,Lzno8goezwc,https://www.youtube.com/watch?v=Lzno8goezwc,y
Postman Pat & The Surprise Present | Postman Pat Official | Full Episode | Cartoons for Kids,894,14:54,,76000,yes,oqgpX-ZFpTU,https://www.youtube.com/watch?v=oqgpX-ZFpTU,y
Postman Pat's Pied Piper | Postman Pat Official | Postman Pat Full Episode,894,14:54,,42000,yes,ugi9v_-MYTg,https://www.youtube.com/watch?v=ugi9v_-MYTg,y
Postman Pat's Holiday Hobbies | Postman Pat Official | Postman Pat Full Episode,894,14:54,,91000,yes,PnlOQAjX8bs,https://www.youtube.com/watch?v=PnlOQAjX8bs,y
Postman Pat & the Spooky Sleepover | Postman Pat Official | Full Episode,895,14:55,,58000,yes,pLmEPFX8IIQ,https://www.youtube.com/watch?v=pLmEPFX8IIQ,y
Postman Pat and the Incredible Inventions | Postman Pat Official | Postman Pat Full Episode,895,14:55,,51000,yes,4SRYfFS3-vM,https://www.youtube.com/watch?v=4SRYfFS3-vM,y
Postman Pat and the Popular Policeman | Postman Pat Official | Postman Pat Full Episodes,895,14:55,,48000,yes,7VDgfS0NUtM,https://www.youtube.com/watch?v=7VDgfS0NUtM,y
Postman Pat and the Incredible Inventions | Postman Pat Official | Postman Pat Full Episode,895,14:55,,46000,yes,EP944H-CNuw,https://www.youtube.com/watch?v=EP944H-CNuw,y
The Magician 🧙‍♂️ | Postman Pat Official | Full Episode | Cartoons for Kids,896,14:56,,50000,yes,K3Rj6lMpSE0,https://www.youtube.com/watch?v=K3Rj6lMpSE0,y
The Great Dinosaur Hunt 🦖 | Postman Pat Official | Full Episode | Cartoons for Kids,896,14:56,,110000,yes,lLsHPsIdGTs,https://www.youtube.com/watch?v=lLsHPsIdGTs,y
Postman Pat and the Slippy Ice Cube | Postman Pat Special Delivery | Full Episode,896,14:56,,100000,yes,ssDG-M-mH40,https://www.youtube.com/watch?v=ssDG-M-mH40,y
Postman Pat and the Slippy Ice Cube | Postman Pat Special Delivery | Full Episode,896,14:56,,98000,yes,4JiE4EmEZok,https://www.youtube.com/watch?v=4JiE4EmEZok,y
Postman Pat's Pot Luck Picnic | Postman Pat Official | Full Episode,896,14:56,,115000,yes,ew4pQ-o9h8A,https://www.youtube.com/watch?v=ew4pQ-o9h8A,y
Postman Pat and the Double Disguise | Postman Pat Official | Postman Pat Full Episodes,896,14:56,,53000,yes,1gmAkexB0TA,https://www.youtube.com/watch?v=1gmAkexB0TA,y
Postman Pat and the Disappearing Bear | Postman Pat Official | Postman Pat Full Episodes,896,14:56,,56000,yes,3tEKO74wgwQ,https://www.youtube.com/watch?v=3tEKO74wgwQ,y
Postman Pat and the Slippy Ice Cube | Postman Pat Special Delivery | Full Episode,896,14:56,,470000,yes,KDx6G1Q9SoY,https://www.youtube.com/watch?v=KDx6G1Q9SoY,y
Postman Pat - Naughty Pumpkin,896,14:56,,1100000,yes,Mdlh4bAxAZk,https://www.youtube.com/watch?v=Mdlh4bAxAZk,y
Postman Pat - A Movie Feast,896,14:56,,494000,yes,mZfEUbp8BK4,https://www.youtube.com/watch?v=mZfEUbp8BK4,y
Postman Pat - A Magical Jewel,896,14:56,,535000,yes,gGUNs9ZAHTw,https://www.youtube.com/watch?v=gGUNs9ZAHTw,y
Postman Pat - A Disco Machine,896,14:56,,1200000,yes,8wqNWL0qb4c,https://www.youtube.com/watch?v=8wqNWL0qb4c,y
Postman Pat 🎄🎁 The Flying Christmas Stocking 🎄🎁 CHRISTMAS SPECIAL 🎄🎁 Postman Pat Full Episodes🎄🎁,896,14:56,,2000000,yes,ZUOLu4Gf8zs,https://www.youtube.com/watch?v=ZUOLu4Gf8zs,y
Postman Pat - Precious Eggs,896,14:56,,1200000,yes,sXpbPugp0q8,https://www.youtube.com/watch?v=sXpbPugp0q8,y
Postman Pat | A Speedy Car | Postman Pat Full Episodes,896,14:56,,4300000,yes,bTXd68BcrDk,https://www.youtube.com/watch?v=bTXd68BcrDk,y
Radio Greendale 📻  | Postman Pat Official | Full Episode | Cartoons for Kids,897,14:57,,55000,yes,e_rohUqQomY,https://www.youtube.com/watch?v=e_rohUqQomY,y
Postman Pat and the Troublesome Train | Postman Pat Official | Full Episode,897,14:57,,113000,yes,UTiasihz_T4,https://www.youtube.com/watch?v=UTiasihz_T4,y
Postman Pat & the Wild West Rescue | Postman Pat Official | Full Episode | Cartoons for Kids,897,14:57,,99000,yes,Pkrgxksts7k,https://www.youtube.com/watch?v=Pkrgxksts7k,y
Postman Pat and the Grumpy Poney  | Postman Pat Official | Full Episode | Cartoon for kids,897,14:57,,44000,yes,gXzYbocM8eg,https://www.youtube.com/watch?v=gXzYbocM8eg,y
Postman Pat's Big Boat Adventure | Postman Pat | Full Episode | Cartoons for Kids,897,14:57,,88000,yes,drzGNow7Yug,https://www.youtube.com/watch?v=drzGNow7Yug,y
Postman Pat and the Lucky Escape | Postman Pat Special Deliveries | Full Episode,897,14:57,,50000,yes,Qy6YZ1GWYQM,https://www.youtube.com/watch?v=Qy6YZ1GWYQM,y
Postman Pat and the Lucky Escape | Postman Pat Special Deliveries | Full Episode,897,14:57,,62000,yes,bzc1z1bofsQ,https://www.youtube.com/watch?v=bzc1z1bofsQ,y
Postman Pat and the Lucky Escape | Postman Pat Special Deliveries | Full Episode,897,14:57,,97000,yes,EMmdobXhtsI,https://www.youtube.com/watch?v=EMmdobXhtsI,y
Postman Pat's Cat Calamity | Postman Pat | Full Episode | Cartoons for Kids,898,14:58,,66000,yes,aZ6BCnVUkFc,https://www.youtube.com/watch?v=aZ6BCnVUkFc,y
Postman Pat and the Train Inspector | Postman Pat Official | Full Episode,898,14:58,,69000,yes,laJ0joCEIi4,https://www.youtube.com/watch?v=laJ0joCEIi4,y
Postman Pat and the Train Inspector | Postman Pat Official | Full Episode,898,14:58,,118000,yes,zetpetsmuHI,https://www.youtube.com/watch?v=zetpetsmuHI,y
Postman Pat at the Seaside 🐚 | Postman Pat Official | Full Episode | Cartoons for Kids,899,14:59,,48000,yes,xYQTi47WQ84,https://www.youtube.com/watch?v=xYQTi47WQ84,y
Postman Pat's Pot Luck Picnic | Postman Pat Official | Full Episode,899,14:59,,42000,yes,C40aBrPTw-M,https://www.youtube.com/watch?v=C40aBrPTw-M,y
Postman Pat and the Greendale Knight | Postman Pat Official | Full Episode | Cartoons for Kids,899,14:59,,43000,yes,z7NWFvJtWEk,https://www.youtube.com/watch?v=z7NWFvJtWEk,y
Postman Pat and the Go-Kart Race | Postman Pat Official | Full Episode | Cartoons for Kids,899,14:59,,184000,yes,w9YqiHzyEJc,https://www.youtube.com/watch?v=w9YqiHzyEJc,y
Postman Pat and the Fantastic Feast | Postman Pat Official | Full Episode | Cartoons for Kids,899,14:59,,87000,yes,egQIvc3lgZk,https://www.youtube.com/watch?v=egQIvc3lgZk,y
Postman Pat and the Surprise Present | Postman Pat Official | Postman Pat Full Episode,899,14:59,,120000,yes,xR5eepgeKPw,https://www.youtube.com/watch?v=xR5eepgeKPw,y
The Midsummer Market ☀️ | Postman Pat Official | Full Episode | Cartoons for Kids,900,15:00,,70000,yes,3ZbvpdXrG6A,https://www.youtube.com/watch?v=3ZbvpdXrG6A,y
Disappearing Dotty 🕵️‍♀️ | Postman Pat Official | Full Episode | Cartoons for Kids,900,15:00,,59000,yes,XH681zqMrCc,https://www.youtube.com/watch?v=XH681zqMrCc,y
The Troublesome Train 🚂 | Postman Pat Official | Full Episode | Cartoons for Kids,900,15:00,,60000,yes,KWTzV3Wg7sY,https://www.youtube.com/watch?v=KWTzV3Wg7sY,y
Postman Pat and the Hedgehog Hideaway | Postman Pat Official | Full Episode | Cartoons for Kids,900,15:00,,53000,yes,fVo0y70AuJc,https://www.youtube.com/watch?v=fVo0y70AuJc,y
Postman Pat and the Grand Custard Race | Postman Pat Official | Full Episode | Cartoons for Kids,900,15:00,,54000,yes,A_ZeDz9IXxI,https://www.youtube.com/watch?v=A_ZeDz9IXxI,y
Postman Pat and the Secret Superhero | Postman Pat Official | Full Episode | Cartoons for Kids,900,15:00,,43000,yes,DEtzPMC6ypU,https://www.youtube.com/watch?v=DEtzPMC6ypU,y
Postman Pat and the bowling buddies | Postman Pat | Full Episode,900,15:00,,43000,yes,2KzDVBg0AhM,https://www.youtube.com/watch?v=2KzDVBg0AhM,y
Postman Pat and the Missing Things | Postman Pat Official | Full Episode,900,15:00,,59000,yes,lk1YskBxMRo,https://www.youtube.com/watch?v=lk1YskBxMRo,y
Postman Pat and the Lucky Escape | Postman Pat Special Deliveries | Full Episode,900,15:00,,52000,yes,zJ63jSUPGV0,https://www.youtube.com/watch?v=zJ63jSUPGV0,y
Postman Pat and the Runaway Train | Postman Pat Official | Postman Pat Full Episode,900,15:00,,79000,yes,F1-HaGJXVwo,https://www.youtube.com/watch?v=F1-HaGJXVwo,y
Postman Pat and the Hedgehog Hideaway | Postman Pat Official | Full Episode | Cartoons for Kids,900,15:00,,58000,yes,lV20ScyeIqg,https://www.youtube.com/watch?v=lV20ScyeIqg,y
Postman Pat and the Crazy Robots | Postman Pat Special Delivery | Full Episode,900,15:00,,688000,yes,AC1JDlJlNVY,https://www.youtube.com/watch?v=AC1JDlJlNVY,y
Postman Pat and the Crazy Robots | Postman Pat Special Delivery | Full Episode,901,15:01,,116000,yes,hB_QTQT3NDk,https://www.youtube.com/watch?v=hB_QTQT3NDk,y
Postman Pat and the Flying Post | Postman Pat Official | Full Episode | Cartoons for Kids,901,15:01,,58000,yes,aXwlTorOcM8,https://www.youtube.com/watch?v=aXwlTorOcM8,y
Postman Pat and the magic lamp | Postman Pat Official | Full Episode,901,15:01,,50000,yes,_LlNVRmWl7k,https://www.youtube.com/watch?v=_LlNVRmWl7k,y
Postman Pat and the Bollywood Dance | Postman Pat | Full Episodes | Kids Cartoon,901,15:01,,32000,yes,TZ2euuceYuI,https://www.youtube.com/watch?v=TZ2euuceYuI,y
Postman Pat and the Pot of Gold | Postman Pat | Full Episodes | Kids Cartoon,901,15:01,,54000,yes,S5BqnmedRok,https://www.youtube.com/watch?v=S5BqnmedRok,y
Postman Pat Gets Stuck | Postman Pat Official | Full Episode | Cartoons for Kids,901,15:01,,80000,yes,SAkXu3wTpyw,https://www.youtube.com/watch?v=SAkXu3wTpyw,y
Postman Pat and the Hedgehog Hideaway | Postman Pat Official | Full Episode | Cartoons for Kids,901,15:01,,40000,yes,wMly4kxFA1E,https://www.youtube.com/watch?v=wMly4kxFA1E,y
Postman Pat and the Talking Cat | Postman Pat Official | Full Episode | Cartoons for Kids,901,15:01,,51000,yes,mnn9KzV6gVs,https://www.youtube.com/watch?v=mnn9KzV6gVs,y
Postman Pat's Pony Post | Postman Pat Official | Full Episode | Cartoons for Kids,901,15:01,,105000,yes,jLtO3z49iVQ,https://www.youtube.com/watch?v=jLtO3z49iVQ,y
Postman Pat's Pet Rescue | Postman Pat Official | Full Episode | Cartoons for Kids,901,15:01,,157000,yes,In71X1XIyA8,https://www.youtube.com/watch?v=In71X1XIyA8,y
Postman Pat and the Lost Property | Postman Pat Official | Full Episode | Cartoons for Kids,901,15:01,,69000,yes,8X1fO2rbl00,https://www.youtube.com/watch?v=8X1fO2rbl00,y
Postman Pat's Pied Piper | Postman Pat Official | Postman Pat Full Episode,901,15:01,,52000,yes,P8gxv47Mi7s,https://www.youtube.com/watch?v=P8gxv47Mi7s,y
Postman Pat and the Bowling Buddies | Postman Pat | Full Episode,901,15:01,,106000,yes,kuCEK0AqVZI,https://www.youtube.com/watch?v=kuCEK0AqVZI,y
Postman Pat goes undercover | Postman Pat Official | Full Episode,902,15:02,,41000,yes,I5vhtaD0XdI,https://www.youtube.com/watch?v=I5vhtaD0XdI,y
Postman Pat and the Record Breaking Day | Postman Pat | Full Episodes | Kids Cartoon,902,15:02,,35000,yes,FyGUruzrlfE,https://www.youtube.com/watch?v=FyGUruzrlfE,y
Postman Pat and the Fantastic Feast | Postman Pat Official | Full Episode | Cartoons for Kids,902,15:02,,58000,yes,C5ieUWPepLQ,https://www.youtube.com/watch?v=C5ieUWPepLQ,y
Postman Pat and the Incredible Inventions 🤖 | Postman Pat Official | Full Ep | Cartoons for Kids,903,15:03,,65000,yes,XgWHBw5TdCE,https://www.youtube.com/watch?v=XgWHBw5TdCE,y
Postman Pat's Clifftop Adventure | Postman Pat Official | Full Episode | Cartoons for Kids,905,15:05,,63000,yes,M4k1oZtsVNo,https://www.youtube.com/watch?v=M4k1oZtsVNo,y
Postman Pat S3 Ep04 Great Greendale Race,907,15:07,,1500000,yes,NvDuWCoj8Pc,https://www.youtube.com/watch?v=NvDuWCoj8Pc,y
Postman Pat and the Secret Superhero | Postman Pat | Full Episode,908,15:08,,39000,yes,#NAME?,https://www.youtube.com/watch?v=-RebKJxAFBc,y
Postman Pat and the Secret Superhero | Postman Pat | Full Episode,908,15:08,,73000,yes,A39IJmRs6-A,https://www.youtube.com/watch?v=A39IJmRs6-A,y
Postman Pat and the Greendale Movie,909,15:09,,844000,yes,dvUjQK3oJ0w,https://www.youtube.com/watch?v=dvUjQK3oJ0w,y
Postman Pat and the Big Balloon Ride | Postman Pat Official | Full Episode,910,15:10,,68000,yes,_jjU_WA863E,https://www.youtube.com/watch?v=_jjU_WA863E,y
Postman Pat's Pidgeon Post | Postman Pat Official | Full Episode,910,15:10,,69000,yes,#NAME?,https://www.youtube.com/watch?v=-lsh-Yl5tBk,y
Postman Pat and the Runaway Train,910,15:10,,1000000,yes,#NAME?,https://www.youtube.com/watch?v=-cOQbM5TXVk,y
Postman Pat | Pat's Clifftop Adventure | Postman Pat Full Episodes,910,15:10,,1500000,yes,q1hXYMfNwAw,https://www.youtube.com/watch?v=q1hXYMfNwAw,y
Postman Pat's Radio Greendale,910,15:10,,685000,yes,GTvvHnvr6xM,https://www.youtube.com/watch?v=GTvvHnvr6xM,y
Postman Pat and the Incredible Inventions,910,15:10,,1000000,yes,#NAME?,https://www.youtube.com/watch?v=-kK6USuIk8c,y
Postman Pat's Pony Post,910,15:10,,1100000,yes,5ogK1yPPuv0,https://www.youtube.com/watch?v=5ogK1yPPuv0,y
Postman Pat and the Sneaky Sheep,910,15:10,,294000,yes,0b1TjEErzoo,https://www.youtube.com/watch?v=0b1TjEErzoo,y
Postman Pat and the Record Breaking Day,910,15:10,,445000,yes,W3qd8QHm_Ng,https://www.youtube.com/watch?v=W3qd8QHm_Ng,y
Postman Pat and the Popular Policeman,910,15:10,,824000,yes,BsMgx9bN7rY,https://www.youtube.com/watch?v=BsMgx9bN7rY,y
Postman Pat and the Spring Dance,910,15:10,,711000,yes,dJ6-AhoAmVA,https://www.youtube.com/watch?v=dJ6-AhoAmVA,y
Postman Pat's Pied Piper,910,15:10,,431000,yes,vvF1jTaDjlQ,https://www.youtube.com/watch?v=vvF1jTaDjlQ,y
Postman Pat Gets Stuck,910,15:10,,1300000,yes,jLwhqvG7cTM,https://www.youtube.com/watch?v=jLwhqvG7cTM,y
Postman Pat | Tricky Transport Day | Postman Pat Full Episodes,910,15:10,,13000000,yes,aKBfoF8OdFo,https://www.youtube.com/watch?v=aKBfoF8OdFo,y
Postman Pat's Ice'Capade,910,15:10,,1100000,yes,cnYV1AVxvFE,https://www.youtube.com/watch?v=cnYV1AVxvFE,y
Postman Pat and the Big Balloon Ride,910,15:10,,640000,yes,EQRbF8YNfp8,https://www.youtube.com/watch?v=EQRbF8YNfp8,y
Postman Pat | Green Rabbit | Postman Pat Full Episodes 🐰,910,15:10,,1300000,yes,6WnNrJFluy4,https://www.youtube.com/watch?v=6WnNrJFluy4,y
Postman Pat's Pidgeon Post,910,15:10,,530000,yes,vEXMIMr5KOo,https://www.youtube.com/watch?v=vEXMIMr5KOo,y
Postman Pat's Christmas Eve,910,15:10,,854000,yes,AEVIXmPjLQI,https://www.youtube.com/watch?v=AEVIXmPjLQI,y
Postman Pat and the Cranky Cows,910,15:10,,494000,yes,MOVJV2CqE_E,https://www.youtube.com/watch?v=MOVJV2CqE_E,y
Postman Pat's Big Boat Adventure,910,15:10,,364000,yes,exbtyZEa76M,https://www.youtube.com/watch?v=exbtyZEa76M,y
Postman Pat's Pied Piper | Postman Pat Official | Full Episode,911,15:11,,56000,yes,WavGsbm3dWs,https://www.youtube.com/watch?v=WavGsbm3dWs,y
Postman Pat Gets Stuck | Postman Pat Official | Full Episode | Cartoons for Kids,911,15:11,,363000,yes,nzbptHS3DdA,https://www.youtube.com/watch?v=nzbptHS3DdA,y
Postman Pat and the Record Breaking Day | Postman Pat Official | Full Episode,911,15:11,,63000,yes,EHPSwGscnsA,https://www.youtube.com/watch?v=EHPSwGscnsA,y
Postman Pat and the Sneaky Sheep | Postman Pat Official | Full Episode,911,15:11,,60000,yes,nljIheHHuEQ,https://www.youtube.com/watch?v=nljIheHHuEQ,y
Postman Pat and the Runaway Train | Postman Pat Official | Full Episode,911,15:11,,112000,yes,sGwnKxLfSXA,https://www.youtube.com/watch?v=sGwnKxLfSXA,y
Postman Pat and the Spring Dance | Postman Pat Official | Full Episode,911,15:11,,57000,yes,DrF90dL0w0M,https://www.youtube.com/watch?v=DrF90dL0w0M,y
Postman Pat and Tricky Transport Day | Postman Pat Official | Full Episodes,911,15:11,,49000,yes,nIAqTmuSfCU,https://www.youtube.com/watch?v=nIAqTmuSfCU,y
What Can We Do With Mimi's Rubbish? | Guess With Jess | Videos For Kids | Kids Movies  🐾,1097,18:17,,11000,yes,DiFYLLC9ypc,https://www.youtube.com/watch?v=DiFYLLC9ypc,
Guess With Jess | What Can We Do With Mimi's Rubbish? | Videos For Kids | Kids Movies  🐾,1098,18:18,,18000,yes,ybKE-6msxQw,https://www.youtube.com/watch?v=ybKE-6msxQw,
Guess With Jess | What Can We Do With Mimi's Rubbish? | Videos For Kids | Kids Movies  🐾,1099,18:19,,21000,yes,HLkJGieW4Ko,https://www.youtube.com/watch?v=HLkJGieW4Ko,
Postman Pat Goes Undercover,1107,18:27,,156000,yes,bjicUTyQMII,https://www.youtube.com/watch?v=bjicUTyQMII,
Postman Pat Goes Undercover,1107,18:27,,926000,yes,NWN_uQUOQ7Y,https://www.youtube.com/watch?v=NWN_uQUOQ7Y,
Postman Pat | Flying Post | Postman Pat Full Episodes,1108,18:28,,1200000,yes,OkEPYzZdDPM,https://www.youtube.com/watch?v=OkEPYzZdDPM,
Postman Pat SDS - A Wobbly Piano,1124,18:44,,315000,yes,0NFNvLcmuQY,https://www.youtube.com/watch?v=0NFNvLcmuQY,
Postman Pat | The  Surprise! | Postman Pat Full Episodes,1124,18:44,,1200000,yes,w2w-GJZ1AHI,https://www.youtube.com/watch?v=w2w-GJZ1AHI,
Postman Pat - Crazy Robots,1126,18:46,,632000,yes,9-ms8gyo-uA,https://www.youtube.com/watch?v=9-ms8gyo-uA,
Postman Pat | Fruit Bats | Postman Pat Full Episodes,1127,18:47,,1000000,yes,9CelQeDx-CQ,https://www.youtube.com/watch?v=9CelQeDx-CQ,
Postman Pat - A Bouncy Castle,1128,18:48,,872000,yes,fh6W5YYyZOI,https://www.youtube.com/watch?v=fh6W5YYyZOI,
Postman Pat | Bouncy Castle | Postman Pat Full Episodes,1128,18:48,,862000,yes,KnEdMK6XtNk,https://www.youtube.com/watch?v=KnEdMK6XtNk,
Postman Pat and the Rocket Rescue,1130,18:50,,919000,yes,CYb-rzfZ1C4,https://www.youtube.com/watch?v=CYb-rzfZ1C4,
Postman Pat and the Train Inspector,1131,18:51,,1500000,yes,j-1R21jfzvs,https://www.youtube.com/watch?v=j-1R21jfzvs,
Postman Pat - Pink Slippers,1131,18:51,,624000,yes,Tt1NZyPgQPI,https://www.youtube.com/watch?v=Tt1NZyPgQPI,
Postman Pat - Popstars,1133,18:53,,753000,yes,_wWsHHzRXBs,https://www.youtube.com/watch?v=_wWsHHzRXBs,
Postman Pat - Ice Ladder,1137,18:57,,714000,yes,YjY1x-KzOk0,https://www.youtube.com/watch?v=YjY1x-KzOk0,
Postman Pat's Flying Post,1138,18:58,,180000,yes,AihYECBSbks,https://www.youtube.com/watch?v=AihYECBSbks,
Postman Pat - Surprise Present,1140,19:00,,684000,yes,oY4EfWYQq_Y,https://www.youtube.com/watch?v=oY4EfWYQq_Y,
Postman Pat - The Magician,1140,19:00,,554000,yes,8f8IxblAuZs,https://www.youtube.com/watch?v=8f8IxblAuZs,
Postman Pat - Thunderstorm,1140,19:00,,1000000,yes,KexhOHNXsZo,https://www.youtube.com/watch?v=KexhOHNXsZo,
Postman Pat - Spooky Sleepover,1140,19:00,,1200000,yes,ly66qo3HVd4,https://www.youtube.com/watch?v=ly66qo3HVd4,
Postman Pat and the Troublesome Train,1151,19:11,,2000000,yes,1-ysUNutaIE,https://www.youtube.com/watch?v=1-ysUNutaIE,
Postman Pat - Ice Skates,1160,19:20,,806000,yes,mt7PV9JHdIA,https://www.youtube.com/watch?v=mt7PV9JHdIA,
Postman Pat | Hedgehog Hideaway | Postman Pat Full Episodes,1170,19:30,,783000,yes,VWbkViZrroY,https://www.youtube.com/watch?v=VWbkViZrroY,
Postman Pat | Red Rocket | Postman Pat Full Episodes,1181,19:41,,1200000,yes,uMnZfzdw-qI,https://www.youtube.com/watch?v=uMnZfzdw-qI,
Postman Pat SDS - Fruit Bats,1187,19:47,,34000,yes,f7WhvZLnxZY,https://www.youtube.com/watch?v=f7WhvZLnxZY,
Postman Pat - A Bouncy Castle,1188,19:48,,798000,yes,cG9hOFGqc4I,https://www.youtube.com/watch?v=cG9hOFGqc4I,
Postman Pat and the Train Inspector,1220,20:20,,54000,yes,aWZoRbVDhZY,https://www.youtube.com/watch?v=aWZoRbVDhZY,
Postman Pat and the Troublesome Train,1240,20:40,,82000,yes,8WqtFb9NowY,https://www.youtube.com/watch?v=8WqtFb9NowY,
Postman Pat Fun Run | Postman Pat | Full Episodes | Kids Movies | Videos For Kids,1260,21:00,,45000,yes,ptMBDYuW2wQ,https://www.youtube.com/watch?v=ptMBDYuW2wQ,
Cat Calamity | Postman Pat | Postman Pat Full Episodes | Kids Movies | Videos For Kids,1260,21:00,,34000,yes,LlO-h3P8Xl8,https://www.youtube.com/watch?v=LlO-h3P8Xl8,
Never Gives Up  | Postman Pat | Postman Pat Full Episodes | Kids Movies | Videos For Kids,1260,21:00,,33000,yes,ElJBOYKrZDQ,https://www.youtube.com/watch?v=ElJBOYKrZDQ,
Fun Run  | Postman Pat | Postman Pat Full Episodes | Kids Movies | Videos For Kids,1260,21:00,,24000,yes,eMuO87I08UM,https://www.youtube.com/watch?v=eMuO87I08UM,
Postman Pat Never Gives Up | Postman Pat | Full Episodes | Kids Movies   Videos For Kids,1261,21:01,,40000,yes,yV3FcTSttXc,https://www.youtube.com/watch?v=yV3FcTSttXc,
Postman Pat | Cat Calamity | Full Episodes | Kids Movies   Videos For Kids,1261,21:01,,30000,yes,91P5cyH9VKU,https://www.youtube.com/watch?v=91P5cyH9VKU,
Postman Pat | The Toy Soldiers | Postman Pat Full Episodes | Kids Cartoon | Videos For Kids,1363,22:43,,46000,yes,mVzoPos4534,https://www.youtube.com/watch?v=mVzoPos4534,
Postman Pat | The Toy Soldiers | Postman Pat Full Episodes | Kids Cartoon | Videos For Kids,1364,22:44,,30000,yes,TyS3hxoB3eU,https://www.youtube.com/watch?v=TyS3hxoB3eU,
Postman Pat | The Toy Soldiers | Postman Pat Full Episodes | Cartoons For Kids | Kids Movies,1365,22:45,,50000,yes,Q03GuSOgcRk,https://www.youtube.com/watch?v=Q03GuSOgcRk,
Postman Pat | The Toy Soldiers | Postman Pat Full Episodes | Kids Cartoon | Videos For Kids,1365,22:45,,44000,yes,xIBolEVQxNY,https://www.youtube.com/watch?v=xIBolEVQxNY,
Postman Pat | The Toy Soldiers | Postman Pat Full Episodes | Cartoons For Kids | Kids Movies,1366,22:46,,66000,yes,ZUJQu49hcwI,https://www.youtube.com/watch?v=ZUJQu49hcwI,
Postman Pat | Postman Pat And The Toy Soldiers | SERIES 1| Full Episodes | Cartoons for kids,1366,22:46,,76000,yes,e-ad1wOlfJ0,https://www.youtube.com/watch?v=e-ad1wOlfJ0,
Postman Pat | Postman Pat And The Toy Soldiers | Postman Pat Full Episodes,1366,22:46,,841000,yes,dePSoQRAReM,https://www.youtube.com/watch?v=dePSoQRAReM,
Postman Pat | Postman Pat and the Tuba | Postman Pat Full Episodes | Kids Cartoon | Kids Videos,1408,23:28,,32000,yes,CPDCbNr64HM,https://www.youtube.com/watch?v=CPDCbNr64HM,
Postman Pat | Postman Pat and the Tuba | Postman Pat Full Episodes | Kids Cartoon | Kids Videos,1409,23:29,,46000,yes,BYU7WEICd2Q,https://www.youtube.com/watch?v=BYU7WEICd2Q,
Postman Pat | Postman Pat and the Tuba | Postman Pat Full Episodes | Kids Cartoon | Kids Videos,1410,23:30,,11000,yes,JHbFLfF63qI,https://www.youtube.com/watch?v=JHbFLfF63qI,
Postman Pat | Postman Pat and the Tuba | Postman Pat Full Episodes | Kids Cartoon | Kids Videos,1411,23:31,,46000,yes,Zfwgp0otv-4,https://www.youtube.com/watch?v=Zfwgp0otv-4,
Postman Pat | Postman Pat and the Tuba | Postman Pat Full Episodes | Cartoons For Kids | Kids Movies,1412,23:32,,16000,yes,qhyGohzQmEk,https://www.youtube.com/watch?v=qhyGohzQmEk,
Postman Pat | Pat and the Tuba | ORIGINAL POSTMAN PAT |Postman Pat Full Episodes | Cartoons for kids,1412,23:32,,169000,yes,uzPxvYp2okc,https://www.youtube.com/watch?v=uzPxvYp2okc,
Postman Pat | Postman Pat and the Tuba | Postman Pat Full Episodes,1412,23:32,,358000,yes,QR0f-3_qIGo,https://www.youtube.com/watch?v=QR0f-3_qIGo,
Postman Pat | Postman Pat and the Tuba | Postman Pat Full Episodes |  Kids Cartoon | Kids Videos,1413,23:33,,33000,yes,JsrA0Nvfqac,https://www.youtube.com/watch?v=JsrA0Nvfqac,
Postman Pat🎄⛄The Magic Christmas🎄⛄Christmas Special 🎄⛄ Full Episode 🎄Christmas Cartoon For Kids,1423,23:43,,99000,yes,FTxwSITLR7w,https://www.youtube.com/watch?v=FTxwSITLR7w,
Postman Pat🎄⛄The Magic Christmas🎄⛄Christmas Special 🎄⛄ Full Episode 🎄Christmas Cartoon For Kids,1423,23:43,,51000,yes,iGGl_Kw3czM,https://www.youtube.com/watch?v=iGGl_Kw3czM,
Postman Pat🎄⛄The Magic Christmas🎄⛄Christmas Special 🎄⛄ Full Episode 🎄Christmas Cartoon For Kids,1424,23:44,,40000,yes,uAfWvm5ZkHE,https://www.youtube.com/watch?v=uAfWvm5ZkHE,
Postman Pat🎄⛄The Magic Christmas🎄⛄Christmas Special 🎄⛄ Full Episode 🎄Christmas Cartoon For Kids,1425,23:45,,79000,yes,JLhyl0IBiuo,https://www.youtube.com/watch?v=JLhyl0IBiuo,
Postman Pat | The Magic Christmas | Christmas Special | Postman Pat Full Episode | Cartoons for kids,1426,23:46,,65000,yes,qUttFYVb-Ww,https://www.youtube.com/watch?v=qUttFYVb-Ww,
Postman Pat❄️⛄Postman Pats Magic Christmas FULL MOVIE❄️⛄Christmas Special | Postman Pat Full Episode,1426,23:46,,92000,yes,nvATwOjtCB4,https://www.youtube.com/watch?v=nvATwOjtCB4,
Postman Pat⛄❄️Postman Pats Magic Christmas FULL MOVIE ❄️Christmas Special | Postman Pat Full Episode,1426,23:46,,610000,yes,kQoto0A5vEY,https://www.youtube.com/watch?v=kQoto0A5vEY,
Postman Pat and  Barometer | Postman Pat Full Episodes | Cartoons For Kids   Kids Movies,1428,23:48,,31000,yes,6aT9Ze0_oqo,https://www.youtube.com/watch?v=6aT9Ze0_oqo,
Postman Pat and The Barometer | Postman Pat Full Episodes | Cartoons For Kids,1428,23:48,,52000,yes,sv6hPKvLEUs,https://www.youtube.com/watch?v=sv6hPKvLEUs,
Postman Pat and  Barometer | Postman Pat Full Episodes | Cartoons For Kids   Kids Movies,1428,23:48,,29000,yes,Stco7ze8a6M,https://www.youtube.com/watch?v=Stco7ze8a6M,
Postman Pat and The Barometer | Postman Pat Full Episodes | Cartoons For Kids,1428,23:48,,130000,yes,dCD52geu590,https://www.youtube.com/watch?v=dCD52geu590,
Postman Pat | Barometer | Postman Pat Full Episodes | Cartoons For Kids | Kids Movies,1428,23:48,,32000,yes,x11M2ZyJ6Ac,https://www.youtube.com/watch?v=x11M2ZyJ6Ac,
Postman Pat | Barometer | Postman Pat Full Episodes | Cartoons For Kids | Kids Movies,1429,23:49,,24000,yes,Lnq7FJKQzNQ,https://www.youtube.com/watch?v=Lnq7FJKQzNQ,
Postman Pat | Barometer | Postman Pat Full Episodes | Cartoons For Kids | Kids Movies,1430,23:50,,36000,yes,O3mjpqC4tq8,https://www.youtube.com/watch?v=O3mjpqC4tq8,
Postman Pat | Barometer | Postman Pat Full Episodes,1430,23:50,,158000,yes,I8l2grpuzk4,https://www.youtube.com/watch?v=I8l2grpuzk4,
Postman Pat | Barometer | Postman Pat Full Episodes | Cartoons For Kids   Kids Movies 1,1431,23:51,,27000,yes,kEJ75raRhwY,https://www.youtube.com/watch?v=kEJ75raRhwY,
Postman Pat 🎄 Flying Stocking 🎄 Christmas Special 🎄Christmas Cartoon For Kids 🎄Christmas,1576,26:16:00,,173000,yes,Fy_6aoaJElY,https://www.youtube.com/watch?v=Fy_6aoaJElY,
Postman Pat Summer Fun | Compilation | Postman Pat Official,1594,26:34:00,,52000,yes,YeT2bxaaxtc,https://www.youtube.com/watch?v=YeT2bxaaxtc,
Postman Pat Special Deliveries The Greendale Movie Compilation | Postman Pat Official | Compilation,1600,26:40:00,,71000,yes,ZM0oteXrxqA,https://www.youtube.com/watch?v=ZM0oteXrxqA,
How Can I Make Kevin Happy ? | Guess With Jess | Full Episode | Cartoon For Kids | Kids Movies,1629,27:09:00,,18000,yes,sopXg3GEmCg,https://www.youtube.com/watch?v=sopXg3GEmCg,
How Can I Make Kevin Happy ? | Guess With Jess | Full Episode | Cartoon For Kids | Kids Movies,1630,27:10:00,,25000,yes,NcUExdJR79o,https://www.youtube.com/watch?v=NcUExdJR79o,
Guess With Jess | How Can I Make Kevin Happy ? | Full Episode | Cartoon For Kids | Kids Movies,1631,27:11:00,,44000,yes,LnUY_RxL9xA,https://www.youtube.com/watch?v=LnUY_RxL9xA,
How Can I Sound like Brown Bird? | Guess With Jess | Full Episode | Cartoon For Kids | Kids Movies,1632,27:12:00,,14000,yes,chybMxjv_i0,https://www.youtube.com/watch?v=chybMxjv_i0,
How Can I Sound like Brown Bird? | Guess With Jess | Full Episode | Cartoon For Kids | Kids Movies,1632,27:12:00,,17000,yes,XgVT1Bs0dyU,https://www.youtube.com/watch?v=XgVT1Bs0dyU,
How Can I Sound like Brown Bird? | Guess With Jess | Full Episode | Cartoon For Kids | Kids Movies,1633,27:13:00,,21000,yes,mxr1ZmQ3BHs,https://www.youtube.com/watch?v=mxr1ZmQ3BHs,
Guess With Jess | How Can I Sound like Brown Bird? | Full Episode | Cartoon For Kids | Kids Movies,1634,27:14:00,,42000,yes,pfh9LBe43C0,https://www.youtube.com/watch?v=pfh9LBe43C0,
Postman Pat Special Deliveries Animals Compilation | Postman Pat Official,1772,29:32:00,,61000,yes,JqQ4E2loWqg,https://www.youtube.com/watch?v=JqQ4E2loWqg,
Postman Pat and the Barometer,1776,29:36:00,,260000,yes,mjNHb3Nx_Go,https://www.youtube.com/watch?v=mjNHb3Nx_Go,
Postman Pat | Pirate Treasure | Postman Pat Full Episodes | Kids Cartoon | Videos For Kids,1800,30:00:00,,65000,yes,6HbfLnH5v3o,https://www.youtube.com/watch?v=6HbfLnH5v3o,
Postman Pat's Magic Christmas#,1800,30:00:00,,549000,yes,5HOiMujjnAQ,https://www.youtube.com/watch?v=5HOiMujjnAQ,
Postman Pat | Clowns Around | Postman Pat Full Episodes 🎪,1800,30:00:00,,2300000,yes,Jm0QG_K7nL0,https://www.youtube.com/watch?v=Jm0QG_K7nL0,
Postman Pat | The Greendale Rocket | Postman Pat Full Episodes,1801,30:01:00,,7300000,yes,g33pwYV-Ckk,https://www.youtube.com/watch?v=g33pwYV-Ckk,
Postman Pat | Pirate Treasure | Postman Pat Full Episodes,1801,30:01:00,,2400000,yes,NltLmQov3AE,https://www.youtube.com/watch?v=NltLmQov3AE,
Postman Pat and the Pirate Treasure,1860,31:00:00,,863000,yes,q1cQDO30qOQ,https://www.youtube.com/watch?v=q1cQDO30qOQ,
Postman Pat's Magic Christmas,1860,31:00:00,,1300000,yes,iIHQi9gAj_w,https://www.youtube.com/watch?v=iIHQi9gAj_w,
Postman Pat and the Greendale Rocket,1860,31:00:00,,936000,yes,Or1g6RBJc38,https://www.youtube.com/watch?v=Or1g6RBJc38,
Postman Pat 30-Min Compilation | Postman Pat Official | Full Episodes,2162,36:02:00,,44000,yes,RGzJ6SVvDCg,https://www.youtube.com/watch?v=RGzJ6SVvDCg,
The Flying Saucers | Postman Pat | Postman Pat Full Episodes | Kids Cartoon | Videos For Kids,2344,39:04:00,,38000,yes,ekqjrUFcvXk,https://www.youtube.com/watch?v=ekqjrUFcvXk,
The Ice Cream Machine | Postman Pat | Postman Pat Full Episodes | Kids Cartoon | Videos For Kids,2345,39:05:00,,63000,yes,ZsOBHKrkphY,https://www.youtube.com/watch?v=ZsOBHKrkphY,
The Flying Saucers | Postman Pat | Postman Pat Full Episodes | Kids Cartoon | Videos For Kids,2345,39:05:00,,26000,yes,3LKa6HMWR0s,https://www.youtube.com/watch?v=3LKa6HMWR0s,
The Ice Cream Machine | Postman Pat | Postman Pat Full Episodes | Kids Cartoon | Videos For Kids,2346,39:06:00,,45000,yes,#NAME?,https://www.youtube.com/watch?v=-wIth_2YEro,
The Flying Saucers | Postman Pat | Postman Pat Full Episodes | Kids Cartoon | Videos For Kids,2346,39:06:00,,30000,yes,ubAq_ROFbYU,https://www.youtube.com/watch?v=ubAq_ROFbYU,
Postman Pat | The Flying Saucers | Postman Pat Full Episodes | Videos For Kids | Videos For Kids,2346,39:06:00,,34000,yes,mUO-1wStxnc,https://www.youtube.com/watch?v=mUO-1wStxnc,
The Ice Cream Machine | Postman Pat | Postman Pat Full Episodes | Kids Cartoon | Videos For Kids,2347,39:07:00,,71000,yes,imvWloPaahI,https://www.youtube.com/watch?v=imvWloPaahI,
The Flying Saucers | Postman Pat | Postman Pat Full Episodes | Kids Cartoon | Videos For Kids,2347,39:07:00,,46000,yes,sK06SknigM8,https://www.youtube.com/watch?v=sK06SknigM8,
Football Crazy | Postman Pat | Postman Pat Full Episodes | Kids Cartoon | Videos For Kids,2348,39:08:00,,32000,yes,2C42CaDWoiw,https://www.youtube.com/watch?v=2C42CaDWoiw,
Postman Pat | The Flying Saucers | Postman Pat Full Episodes | Kids Cartoon | Videos For Kids,2348,39:08:00,,20000,yes,F_M0FoZ-aMQ,https://www.youtube.com/watch?v=F_M0FoZ-aMQ,
Postman Pat | The Ice Cream Machine | Pat Full Episodes | Kids Cartoon | Videos For Kids,2348,39:08:00,,100000,yes,leU8Mx9XOlk,https://www.youtube.com/watch?v=leU8Mx9XOlk,
Postman Pat | Football Crazy | Postman Pat Full Episodes | Kids Cartoon | Videos For Kids,2348,39:08:00,,25000,yes,dNezjb7JDno,https://www.youtube.com/watch?v=dNezjb7JDno,
Football Crazy | Postman Pat | Postman Pat Full Episodes | Kids Cartoon | Videos For Kids,2349,39:09:00,,45000,yes,ngG8p34BZk4,https://www.youtube.com/watch?v=ngG8p34BZk4,
Postman Pat | Football Crazy | Postman Pat Full Episodes | Kids Cartoon | Videos For Kids,2349,39:09:00,,137000,yes,HMJgpi_G6-c,https://www.youtube.com/watch?v=HMJgpi_G6-c,
Postman Pat | The Flying Saucers | Postman Pat Full Episodes | Kids Cartoon | Videos For Kids,2349,39:09:00,,52000,yes,6XuYoAv4Kq4,https://www.youtube.com/watch?v=6XuYoAv4Kq4,
Postman Pat | The Ice Cream Machine | Pat Full Episodes | Kids Cartoon | Videos For Kids,2349,39:09:00,,88000,yes,mORo2NkE2xU,https://www.youtube.com/watch?v=mORo2NkE2xU,
Postman Pat | The Flying Saucers | Postman Pat Full Episodes | Cartoons For Kids | Videos For Kids,2349,39:09:00,,66000,yes,t4VQ9PExYhQ,https://www.youtube.com/watch?v=t4VQ9PExYhQ,
Postman Pat | Football Crazy | Postman Pat Full Episodes | Kids Cartoon | Videos For Kids,2350,39:10:00,,30000,yes,fmKPVLv_wqs,https://www.youtube.com/watch?v=fmKPVLv_wqs,
Postman Pat | The Flying Saucers | Postman Pat Full Episodes | Kids Cartoon | Videos For Kids,2350,39:10:00,,34000,yes,ADXYCG69FXw,https://www.youtube.com/watch?v=ADXYCG69FXw,
Postman Pat | The Ice Cream Machine | Pat Full Episodes | Videos For Kids | Videos For Kids,2350,39:10:00,,28000,yes,qc8nmpoM45o,https://www.youtube.com/watch?v=qc8nmpoM45o,
Postman Pat | The Flying Saucers | Postman Pat Full Episodes | Videos For Kids | Videos For Kids,2350,39:10:00,,24000,yes,gD6VAqDKqPY,https://www.youtube.com/watch?v=gD6VAqDKqPY,
Postman Pat | The Ice Cream Machine | Postman Pat Full Episodes | Kids Cartoon | Videos For Kids,2351,39:11:00,,105000,yes,eWpLaUu09rw,https://www.youtube.com/watch?v=eWpLaUu09rw,
Postman Pat | Football Crazy | Postman Pat Full Episodes | Kids Cartoon | Videos For Kids,2351,39:11:00,,27000,yes,f8odOb4BRvc,https://www.youtube.com/watch?v=f8odOb4BRvc,
Postman Pat & The Flying Saucers | Postman Pat 40 Minutes Comp | Full Episodes | Cartoons for Kids,2352,39:12:00,,65000,yes,dmjFGsFENHY,https://www.youtube.com/watch?v=dmjFGsFENHY,
Postman Pat and the Flying Saucers | Postman Pat | Postman Pat Full Episodes,2352,39:12:00,,219000,yes,1vplrNS0j-U,https://www.youtube.com/watch?v=1vplrNS0j-U,
Postman Pat | Postman Pat 40 Minutes Compilation | Full Episodes | Cartoons for Kids,2352,39:12:00,,54000,yes,K2ysU6QYW7E,https://www.youtube.com/watch?v=K2ysU6QYW7E,
Postman Pat | Ice Cream Machine | Full Episodes | Cartoons For Kids | Kids Movies,2352,39:12:00,,41000,yes,onsfxIOve2M,https://www.youtube.com/watch?v=onsfxIOve2M,
Postman Pat | Postman Pat Goes Football Crazy | Postman Pat Full Episodes,2352,39:12:00,,49000,yes,JbSm8R71WPA,https://www.youtube.com/watch?v=JbSm8R71WPA,
Postman Pat 🍦⭐Postman Pat and the Ice Cream Machine 🍦⭐Postman Pat Full Episodes,2352,39:12:00,,36000,yes,m4nB593I5aY,https://www.youtube.com/watch?v=m4nB593I5aY,
Postman Pat 🎄🎁 Postman Pat and the Flying Saucers 🎄🎁 Postman Pat Full Episodes,2352,39:12:00,,38000,yes,TydrnGitcoY,https://www.youtube.com/watch?v=TydrnGitcoY,
Postman Pat 🎄🎁 Postman Pat Goes Football Crazy 🎄🎁 Postman Pat Full Episodes,2352,39:12:00,,43000,yes,d8FjD_BawkA,https://www.youtube.com/watch?v=d8FjD_BawkA,
Postman Pat ❄️⛄  Postman Pat and the Ice Cream Machine ❄️⛄  Postman Pat Full Episodes,2352,39:12:00,,48000,yes,kTCdcurVuTg,https://www.youtube.com/watch?v=kTCdcurVuTg,
Postman Pat | Postman Pat and the Flying Saucers | Postman Pat Full Episodes,2352,39:12:00,,26000,yes,ZepV0NRt2ng,https://www.youtube.com/watch?v=ZepV0NRt2ng,
Postman Pat | Postman Pat Goes Football Crazy | Postman Pat Full Episodes,2352,39:12:00,,22000,yes,Xjb_gaQh7vo,https://www.youtube.com/watch?v=Xjb_gaQh7vo,
Postman Pat | Postman Pat and the Ice Cream Machine | Postman Pat Full Episodes,2352,39:12:00,,24000,yes,imZ8bXg71qw,https://www.youtube.com/watch?v=imZ8bXg71qw,
Postman Pat | Postman Pat and the Ice Cream Machine | Postman Pat Full Episodes,2352,39:12:00,,486000,yes,YZfBRrLDd2A,https://www.youtube.com/watch?v=YZfBRrLDd2A,
Postman Pat | Postman Pat Goes Football Crazy | Postman Pat Full Episodes,2352,39:12:00,,52000,yes,KXDjvpGZBFE,https://www.youtube.com/watch?v=KXDjvpGZBFE,
Postman Pat | ostman Pat and the Flying Saucers | Postman Pat Full Episodes,2352,39:12:00,,189000,yes,5A1JjPK8DeI,https://www.youtube.com/watch?v=5A1JjPK8DeI,
The Great Dinosaur Hunt | Postman Pat | Postman Pat Full Episodes | Kids Cartoon | Videos For Kids,2353,39:13:00,,38000,yes,CkM1VGCBUaA,https://www.youtube.com/watch?v=CkM1VGCBUaA,
The Ice Ladder | Postman Pat | Postman Pat Full Episode | Kids Cartoon | Videos For Kids,2353,39:13:00,,58000,yes,v_te-YQV3Xs,https://www.youtube.com/watch?v=v_te-YQV3Xs,
Postman Pat | The Jumble Sale | Postman Pat Full Episodes | Kids Movies | Videos For Kids,2353,39:13:00,,26000,yes,rjeZ1e7NlcU,https://www.youtube.com/watch?v=rjeZ1e7NlcU,
The Big Butterflies | Postman Pat | Postman Pat Full Episodes | Kids Movies | Videos For Kids,2354,39:14:00,,56000,yes,1D5sJddjr3Q,https://www.youtube.com/watch?v=1D5sJddjr3Q,
Postman Pat at the Seaside | Postman Pat | Postman Pat Full Episodes | Kids Movies | Videos For Kids,2354,39:14:00,,43000,yes,wsEbK9Vp0jA,https://www.youtube.com/watch?v=wsEbK9Vp0jA,
The Great Dinosaur Hunt | Postman Pat | Postman Pat Full Episodes | Kids Cartoon | Videos For Kids,2354,39:14:00,,53000,yes,iF7t2KSl330,https://www.youtube.com/watch?v=iF7t2KSl330,
Postman Pat | The Ice Ladder | Postman Pat Full Episode | Kids Cartoon | Videos For Kids,2354,39:14:00,,367000,yes,59RoAlWA1cw,https://www.youtube.com/watch?v=59RoAlWA1cw,
Postman Pat | The Great Dinosaur Hunt | Postman Pat Full Episodes | Kids Cartoon | Videos For Kids,2354,39:14:00,,57000,yes,aFEKpv0qztY,https://www.youtube.com/watch?v=aFEKpv0qztY,
Postman Pat | The Runaway Kite | Postman Pat Full Episodes | Kids Cartoon | Videos For Kids,2354,39:14:00,,66000,yes,oKxakyuF77I,https://www.youtube.com/watch?v=oKxakyuF77I,
Postman Pat | Great Greendale Race | Postman Pat Full Episodes | Kids Movies | Videos For Kids,2354,39:14:00,,51000,yes,QmdTTzST_fg,https://www.youtube.com/watch?v=QmdTTzST_fg,
Postman Pat | Postman Pat and the Midsummer Market | Full Episodes | Videos For Kids,2354,39:14:00,,20000,yes,scejuDxq4-o,https://www.youtube.com/watch?v=scejuDxq4-o,
Postman Pat | The Spooky Sleepover | Postman Pat Full Episodes | Kids Cartoon | Videos For Kids,2354,39:14:00,,67000,yes,CjOjC5znr9Y,https://www.youtube.com/watch?v=CjOjC5znr9Y,
Postman Pat | The Jumble Sale | Postman Pat Full Episodes | Kids Movies | Videos For Kids,2354,39:14:00,,120000,yes,ZN0YXzM87oY,https://www.youtube.com/watch?v=ZN0YXzM87oY,
Postman Pat's Pied Piper | Postman Pat | Postman Pat Full Episodes | Kids Cartoon | Videos For Kids,2355,39:15:00,,90000,yes,fgE0Fjw1aFM,https://www.youtube.com/watch?v=fgE0Fjw1aFM,
Postman Pat | The Job Swap Day | Postman Pat Full Episodes | Kids Cartoon | Videos For Kids,2355,39:15:00,,95000,yes,k7fBSK--3jY,https://www.youtube.com/watch?v=k7fBSK--3jY,
Postman Pat | The Playful Pets | Postman Pat Full Episodes | Kids Cartoon | Videos For Kids,2355,39:15:00,,29000,yes,gI8wZx8q__I,https://www.youtube.com/watch?v=gI8wZx8q__I,
Postman Pat's Pied Piper | Postman Pat | Postman Pat Full Episodes | Kids Cartoon | Videos For Kids,2355,39:15:00,,82000,yes,09S2CLRAEqY,https://www.youtube.com/watch?v=09S2CLRAEqY,
Postman Pat 🎄The Christmas Panto Horse🎄 Full Episodes 🎄Christmas Videos For Kids 🐴🎄,2355,39:15:00,,87000,yes,SM-gQg4XRKE,https://www.youtube.com/watch?v=SM-gQg4XRKE,
The Rocket Rescue | Postman Pat | Postman Pat Full Episodes | Kids Cartoon | Videos For Kids,2355,39:15:00,,53000,yes,PHdo8PBPwsM,https://www.youtube.com/watch?v=PHdo8PBPwsM,
Postman Pat | The Big Butterflies | Postman Pat Full Episodes | Kids Movies | Videos For Kids,2355,39:15:00,,80000,yes,bfSwG-r8P4w,https://www.youtube.com/watch?v=bfSwG-r8P4w,
Midsummer Market | Postman Pat | Full Episodes | Kids Cartoon | Videos For Kids,2355,39:15:00,,51000,yes,MkpjTGi8ZaA,https://www.youtube.com/watch?v=MkpjTGi8ZaA,
Postman Pat | Postman Pat at the Seaside | Postman Pat Full Episodes | Kids Movies | Videos For Kids,2355,39:15:00,,31000,yes,MyBRQWBPQnc,https://www.youtube.com/watch?v=MyBRQWBPQnc,
Postman Pat | The Runaway Kite | Postman Pat Full Episodes | Kids Cartoon | Videos For Kids,2355,39:15:00,,44000,yes,akHwsQUmXm8,https://www.youtube.com/watch?v=akHwsQUmXm8,
Postman Pat | Great Greendale Race | Postman Pat Full Episodes | Kids Movies | Videos For Kids,2355,39:15:00,,58000,yes,8wDZsZAl1Gg,https://www.youtube.com/watch?v=8wDZsZAl1Gg,
Postman Pat | The Great Dinosaur Hunt | Postman Pat Full Episodes | Kids Cartoon | Videos For Kids,2355,39:15:00,,22000,yes,qCCpVm-9tmQ,https://www.youtube.com/watch?v=qCCpVm-9tmQ,
Postman Pat | The Job Swap Day | Postman Pat Full Episodes | Kids Cartoon | Videos For Kids,2355,39:15:00,,57000,yes,u1E7ExVQ1y4,https://www.youtube.com/watch?v=u1E7ExVQ1y4,
Postman Pat | Postman Pat and the Spotty Situation |  Full Episodes | Videos For Kids,2355,39:15:00,,31000,yes,BPVFCU5NbGo,https://www.youtube.com/watch?v=BPVFCU5NbGo,
Postman Pat |  Postman Pats Holiday Hobbies | Full Episodes | Kids Cartoon | Videos For Kids,2355,39:15:00,,18000,yes,wEatpbQqFik,https://www.youtube.com/watch?v=wEatpbQqFik,
Postman Pat | The Ice Ladder | Postman Pat Full Episode | Kids Cartoon | Videos For Kids,2355,39:15:00,,25000,yes,Vso4xVPPyzo,https://www.youtube.com/watch?v=Vso4xVPPyzo,
Postman Pat | The Hungry Goat | Postman Pat Full Episodes | Kids Cartoon | Videos For Kids,2355,39:15:00,,21000,yes,io_6-S2HpGw,https://www.youtube.com/watch?v=io_6-S2HpGw,
Postman Pat | The Big Boat Adventure | Postman Pat Full Episodes | Kids Movies | Videos For Kids,2356,39:16:00,,69000,yes,up1LKJNZAa8,https://www.youtube.com/watch?v=up1LKJNZAa8,
Postman Pat | Postman Pat and the Spooky Sleepover 🎃HALLOWEEN SPECIAL🎃 Postman Pat Full Episodes,2356,39:16:00,,435000,yes,a0KEQweQKQo,https://www.youtube.com/watch?v=a0KEQweQKQo,
Postman Pat | The Big Boat Adventure | Postman Pat Full Episodes | Kids Movies | Videos For Kids,2356,39:16:00,,49000,yes,FcJiqA8pyfA,https://www.youtube.com/watch?v=FcJiqA8pyfA,
Fun Run | Postman Pat | Postman Pat Full Episodes | Kids Cartoon | Kids Cartoon | Videos For Kids,2356,39:16:00,,73000,yes,0MHADhgWhrE,https://www.youtube.com/watch?v=0MHADhgWhrE,
Postman Pat's Pied Piper | Postman Pat | Postman Pat Full Episodes | Kids Cartoon | Videos For Kids,2356,39:16:00,,49000,yes,eqsl0GhjpeQ,https://www.youtube.com/watch?v=eqsl0GhjpeQ,
The Rocket Rescue | Postman Pat | Postman Pat Full Episodes | Kids Cartoon | Videos For Kids,2356,39:16:00,,47000,yes,uHCbRnyo1gs,https://www.youtube.com/watch?v=uHCbRnyo1gs,
Postman Pat 🎄The Christmas Panto Horse🎄 Full Episodes 🎄Christmas Videos For Kids 🐴🎄,2356,39:16:00,,308000,yes,v3iNR3d0ep0,https://www.youtube.com/watch?v=v3iNR3d0ep0,
Postman Pat | The Hungry Goat | Postman Pat Full Episodes | Kids Cartoon | Videos For Kids,2356,39:16:00,,60000,yes,uY8h1FEgm-Q,https://www.youtube.com/watch?v=uY8h1FEgm-Q,
Postman Pat | The Playful Pets | Postman Pat Full Episodes | Kids Cartoon | Videos For Kids,2356,39:16:00,,182000,yes,UV_VXm1VYbQ,https://www.youtube.com/watch?v=UV_VXm1VYbQ,
Postman Pat | The Big Butterflies | Postman Pat Full Episodes | Kids Movies | Videos For Kids,2356,39:16:00,,61000,yes,oHF5X5Ln7sk,https://www.youtube.com/watch?v=oHF5X5Ln7sk,
Postman Pat | Midsummer Market | Full Episodes | Kids Cartoon | Videos For Kids,2356,39:16:00,,54000,yes,Nn-Nh3GxcJI,https://www.youtube.com/watch?v=Nn-Nh3GxcJI,
Postman Pat | Postman Pat at the Seaside | Postman Pat Full Episodes | Kids Movies | Videos For Kids,2356,39:16:00,,70000,yes,b6VlzyLKErs,https://www.youtube.com/watch?v=b6VlzyLKErs,
Postman Pat | The Runaway Kite | Postman Pat Full Episodes | Kids Cartoon | Videos For Kids,2356,39:16:00,,51000,yes,F3H-fhNoNeQ,https://www.youtube.com/watch?v=F3H-fhNoNeQ,
Postman Pat | Great Greendale Race | Postman Pat Full Episodes | Kids Movies | Videos For Kids,2356,39:16:00,,84000,yes,fJDNU6bK1X4,https://www.youtube.com/watch?v=fJDNU6bK1X4,
Postman Pat | The Great Dinosaur Hunt | Postman Pat Full Episodes | Kids Cartoon | Videos For Kids,2356,39:16:00,,28000,yes,7M3AI18ZKJs,https://www.youtube.com/watch?v=7M3AI18ZKJs,
Postman Pat and the Runaway Kite | Postman Pat | Full Episodes,2357,39:17:00,,168000,yes,Z_mmQfH79k8,https://www.youtube.com/watch?v=Z_mmQfH79k8,
Fun Run | Postman Pat | Postman Pat Full Episodes | Kids Cartoon | Kids Cartoon | Videos For Kids,2357,39:17:00,,47000,yes,1kfffbSMR6Y,https://www.youtube.com/watch?v=1kfffbSMR6Y,
The Rocket Rescue | Postman Pat | Postman Pat Full Episodes | Kids Cartoon | Videos For Kids,2357,39:17:00,,76000,yes,#NAME?,https://www.youtube.com/watch?v=-ka5J0agaT8,
Postman Pat's Pied Piper | Postman Pat | Postman Pat Full Episodes | Kids Cartoon | Videos For Kids,2357,39:17:00,,49000,yes,zRQ4Jzs4pXk,https://www.youtube.com/watch?v=zRQ4Jzs4pXk,
Postman Pat | Postman Pat's Pied Piper | Postman Pat Full Episodes | Kids Cartoon | Videos For Kids,2357,39:17:00,,31000,yes,micCe8kyhic,https://www.youtube.com/watch?v=micCe8kyhic,
Postman Pat | Pats Perfect Painting | Full Episodes | Kids Cartoon | Videos For Kids,2357,39:17:00,,81000,yes,YRjOmWAoR1I,https://www.youtube.com/watch?v=YRjOmWAoR1I,
Postman Pat | The Green Rabbit | Postman Pat Full Episodes | Kids Movies | Videos For Kids,2357,39:17:00,,207000,yes,e-77KfOdNxI,https://www.youtube.com/watch?v=e-77KfOdNxI,
The Big Boat Adventure | Postman Pat | Postman Pat Full Episodes | Kids Movies | Videos For Kids,2357,39:17:00,,57000,yes,Bd7ph550nDo,https://www.youtube.com/watch?v=Bd7ph550nDo,
Postman Pat | Holiday Hobbies | Full Episodes | Kids Cartoon | Videos For Kids,2357,39:17:00,,38000,yes,aGBAOjqc3qc,https://www.youtube.com/watch?v=aGBAOjqc3qc,
Postman Pat | The Hungry Goat | Postman Pat Full Episodes | Kids Cartoon | Videos For Kids,2357,39:17:00,,63000,yes,o9wpkgZm4ak,https://www.youtube.com/watch?v=o9wpkgZm4ak,
Postman Pat | The Playful Pets | Postman Pat Full Episodes | Kids Cartoon | Videos For Kids,2357,39:17:00,,19000,yes,Ebt9-QJL-Fc,https://www.youtube.com/watch?v=Ebt9-QJL-Fc,
Postman Pat | The Big Butterflies | Postman Pat Full Episodes | Kids Movies | Videos For Kids,2357,39:17:00,,50000,yes,r4L0hbiss0M,https://www.youtube.com/watch?v=r4L0hbiss0M,
Postman Pat | Midsummer Market | Full Episodes | Kids Cartoon | Videos For Kids,2357,39:17:00,,45000,yes,BG_aKuZdAQY,https://www.youtube.com/watch?v=BG_aKuZdAQY,
Postman Pat 🎄 The Christmas Panto Horse🎄 Full Episodes 🎄Christmas Videos For Kids 🐴🎄,2357,39:17:00,,453000,yes,3sfMl3xpRLY,https://www.youtube.com/watch?v=3sfMl3xpRLY,
Postman Pat 🎃Pat and the Spooky Sleepover 🎃Full Episodes 🎃Kids Cartoon 🎃 Videos For Kids,2357,39:17:00,,37000,yes,tnhulEjmC3I,https://www.youtube.com/watch?v=tnhulEjmC3I,
Postman Pat | Postman Pats Pied Piper | Postman Pat Full Episodes | Kids Cartoon | Videos For Kids,2357,39:17:00,,29000,yes,ZYL_Uw5JvQg,https://www.youtube.com/watch?v=ZYL_Uw5JvQg,
Postman Pat | The Green Rabbit | Postman Pat Full Episodes | Kids Cartoon | Videos For Kids,2357,39:17:00,,108000,yes,WF50DuWBDRs,https://www.youtube.com/watch?v=WF50DuWBDRs,
Postman Pat | Postman Pat at the Seaside | Postman Pat Full Episodes | Videos For Kids,2357,39:17:00,,64000,yes,JjoV_dB1Cns,https://www.youtube.com/watch?v=JjoV_dB1Cns,
Postman Pat |  Runaway Kite |  Full Episodes | Cartoons For Kids | Kids Movies,2357,39:17:00,,123000,yes,GXOeYNS2u2E,https://www.youtube.com/watch?v=GXOeYNS2u2E,
Postman Pat 🎁🎄Postman Pat and the Jumble Sale 🎁🎄 Postman Pat Full Episodes,2357,39:17:00,,83000,yes,jgNwpy2eerA,https://www.youtube.com/watch?v=jgNwpy2eerA,
Postman Pat ❄️⛄ Postman Pat and the Great Greendale Race ❄️⛄ Postman Pat Full Episodes,2357,39:17:00,,25000,yes,wWrgB4-fuD4,https://www.youtube.com/watch?v=wWrgB4-fuD4,
Postman Pat 🎄🎁 Postman Pat and the Runaway Kite 🎄🎁 Postman Pat Full Episodes,2357,39:17:00,,47000,yes,K2qvgX6mOVE,https://www.youtube.com/watch?v=K2qvgX6mOVE,
Postman Pat | Postman Pat and the Jumble Sale | Postman Pat Full Episodes,2357,39:17:00,,145000,yes,e-JSd-YnMVQ,https://www.youtube.com/watch?v=e-JSd-YnMVQ,
Postman Pat | Postman Pat and the Great Greendale Race | Postman Pat Full Episodes,2357,39:17:00,,437000,yes,4TBQ2OAAPFk,https://www.youtube.com/watch?v=4TBQ2OAAPFk,
Postman Pat | Postman Pat and the Runaway Kite | Postman Pat Full Episodes,2357,39:17:00,,28000,yes,mCbtuoAEzLg,https://www.youtube.com/watch?v=mCbtuoAEzLg,
Postman Pat | Postman Pat and the Runaway Kite | Postman Pat Full Episodes,2357,39:17:00,,90000,yes,B13HYZ6gyTE,https://www.youtube.com/watch?v=B13HYZ6gyTE,
Postman Pat | Postman Pat and the Great Greendale Race | Postman Pat Full Episodes,2357,39:17:00,,116000,yes,VO0rpVOs640,https://www.youtube.com/watch?v=VO0rpVOs640,
Postman Pat | Postman Pat and the Jumble Sale | Postman Pat Full Episodes,2357,39:17:00,,638000,yes,#NAME?,https://www.youtube.com/watch?v=-sDG9T9BWR4,
Postman Pat | The Sculpture Trail |  Postman Pat Full Episodes,2357,39:17:00,,1100000,yes,ZZolfSxzKGA,https://www.youtube.com/watch?v=ZZolfSxzKGA,
Fun Run | Postman Pat | Postman Pat Full Episodes | Kids Cartoon | Kids Cartoon | Videos For Kids,2358,39:18:00,,136000,yes,nRNUxFllsBE,https://www.youtube.com/watch?v=nRNUxFllsBE,
Radio Greendale | Postman Pat | Postman Pat Full Episodes | Kids Cartoon | Videos For Kids,2358,39:18:00,,44000,yes,KjtDq1oF6i4,https://www.youtube.com/watch?v=KjtDq1oF6i4,
The Spotty Situation | Postman Pat | Postman Pat Full Episodes | Kids Cartoon | Videos For Kids,2358,39:18:00,,65000,yes,_cXkSV79QJc,https://www.youtube.com/watch?v=_cXkSV79QJc,
Postman Pat | The Spotty Situation | Postman Pat Full Episodes | Kids Cartoon | Videos For Kids,2358,39:18:00,,25000,yes,sxOIbwpUwBM,https://www.youtube.com/watch?v=sxOIbwpUwBM,
Postman Pat | Radio Greendale | Postman Pat Full Episodes | Kids Cartoon | Videos For Kids,2358,39:18:00,,45000,yes,O5YPI3VDd7o,https://www.youtube.com/watch?v=O5YPI3VDd7o,
Postman Pat | The Rocket Rescue | Postman Pat Full Episodes | Kids Cartoon | Videos For Kids,2358,39:18:00,,51000,yes,3ltYcZ7uL-4,https://www.youtube.com/watch?v=3ltYcZ7uL-4,
Postman Pat | Postman Pats Pigeon Post | Postman Pat Full Episodes | Kids Cartoon | Videos For Kids,2358,39:18:00,,55000,yes,CA4Ayq3gKWg,https://www.youtube.com/watch?v=CA4Ayq3gKWg,
Postman Pat | The Spring Dance | Postman Pat Full Episodes | Kids Cartoon | Videos For Kids,2358,39:18:00,,25000,yes,3vk8OIOzKhA,https://www.youtube.com/watch?v=3vk8OIOzKhA,
Postman Pat | Pats Perfect Painting | Full Episodes | Kids Cartoon | Videos For Kids,2358,39:18:00,,57000,yes,EtCmE-ogVMQ,https://www.youtube.com/watch?v=EtCmE-ogVMQ,
Postman Pat | Postman Pat's Pied Piper | Postman Pat Full Episodes | Kids Cartoon | Videos For Kids,2358,39:18:00,,49000,yes,kWCTsZKQIWY,https://www.youtube.com/watch?v=kWCTsZKQIWY,
Postman Pat | The Big Boat Adventure | Postman Pat Full Episodes | Kids Movies | Videos For Kids,2358,39:18:00,,46000,yes,H9HaA6uRvyU,https://www.youtube.com/watch?v=H9HaA6uRvyU,
Postman Pat | Holiday Hobbies | Full Episodes | Kids Cartoon | Videos For Kids,2358,39:18:00,,29000,yes,vTFVAmSWkkI,https://www.youtube.com/watch?v=vTFVAmSWkkI,
Postman Pat | Postman Pats Holiday Hobbies | Full Episodes | Kids Cartoon | Videos For Kids,2358,39:18:00,,51000,yes,6t0SJrWfV9k,https://www.youtube.com/watch?v=6t0SJrWfV9k,
Postman Pat |  The Hungry Goat | Postman Pat Full Episodes | Kids Cartoon | Videos For Kids,2358,39:18:00,,109000,yes,EXbYFBh9NAk,https://www.youtube.com/watch?v=EXbYFBh9NAk,
Postman Pat | The Job Swap Day | Postman Pat Full Episodes | Kids Cartoon | Videos For Kids,2358,39:18:00,,104000,yes,dXN9_-wc0MQ,https://www.youtube.com/watch?v=dXN9_-wc0MQ,
Postman Pat | Postman Pats Perfect Painting | Full Episodes | Kids Cartoon | Videos For Kids,2358,39:18:00,,22000,yes,py1aXaBx0Dg,https://www.youtube.com/watch?v=py1aXaBx0Dg,
Postman Pat | The Playful Pets | Postman Pat Full Episodes | Kids Cartoon | Videos For Kids,2358,39:18:00,,784000,yes,w61R8bfWZ9s,https://www.youtube.com/watch?v=w61R8bfWZ9s,
Postman Pat |  The Big Butterflies | Postman Pat Full Episodes | Kids Movies | Videos For Kids,2358,39:18:00,,41000,yes,3_faN2svFag,https://www.youtube.com/watch?v=3_faN2svFag,
Postman Pat | Postman Pat and the Midsummer Market | Full Episodes | Cartoons For Kids,2358,39:18:00,,27000,yes,Dkj1tS84HV4,https://www.youtube.com/watch?v=Dkj1tS84HV4,
Postman Pat | Pat and the Spooky Sleepover | Full Episodes | Cartoons for kids | Funny Cartoons,2358,39:18:00,,72000,yes,EZMzNckK40U,https://www.youtube.com/watch?v=EZMzNckK40U,
Postman Pat | Postman Pat and the Spooky Sleepover | Postman Pat Full Episodes | Cartoons for kids,2358,39:18:00,,21000,yes,fAA4ZZJHaUo,https://www.youtube.com/watch?v=fAA4ZZJHaUo,
Postman Pat ❄️⛄ Postman Pat and the Spooky Sleepover❄️⛄Postman Pat Full Episodes,2358,39:18:00,,60000,yes,JPnHPSbYnjs,https://www.youtube.com/watch?v=JPnHPSbYnjs,
Postman Pat | Postman Pat and the Spooky Sleepover 🎃HALLOWEEN SPECIAL🎃 Postman Pat Full Episodes,2358,39:18:00,,370000,yes,w9YkYEs5YCU,https://www.youtube.com/watch?v=w9YkYEs5YCU,
Postman Pat | The Tremendous Tree | Postman Pat Full Episodes,2358,39:18:00,,583000,yes,GLY37k2-zyY,https://www.youtube.com/watch?v=GLY37k2-zyY,
Postman Pat | The Christmas Panto Horse | Postman Pat Full Episodes 🐴🎄🎁,2358,39:18:00,,312000,yes,tLV_0aC-VjI,https://www.youtube.com/watch?v=tLV_0aC-VjI,
A Teddy | Postman Pat | Postman Pat Full Episodes🐻 | Compilation,2359,39:19:00,,256000,yes,8DAohJuE3-Q,https://www.youtube.com/watch?v=8DAohJuE3-Q,
A Teddy | Postman Pat | Postman Pat Full Episodes🐻,2359,39:19:00,,245000,yes,mVwuxgqHwqs,https://www.youtube.com/watch?v=mVwuxgqHwqs,
Postman Pat | Popular Policeman | Postman Pat Full Episodes | Kids Cartoon | Videos For Kids,2359,39:19:00,,271000,yes,TKxVJSJUl2w,https://www.youtube.com/watch?v=TKxVJSJUl2w,
Postman Pat | Fun Run | Postman Pat Full Episodes | Kids Cartoon | Kids Cartoon | Videos For Kids,2359,39:19:00,,106000,yes,ZtkOIsQTXs0,https://www.youtube.com/watch?v=ZtkOIsQTXs0,
Postman Pat | Postman Pats Disappearing Dotty | Postman Pat Full Episodes,2359,39:19:00,,54000,yes,DjLWQ4b6UN4,https://www.youtube.com/watch?v=DjLWQ4b6UN4,
Postman Pat | Chinese Dragon | Postman Pat Full Episodes,2359,39:19:00,,60000,yes,y7zdLn23Dd4,https://www.youtube.com/watch?v=y7zdLn23Dd4,
Postman Pat | Postman Pat's Wild West Rescue | Postman Pat Full Episodes | Cartoons for kids,2359,39:19:00,,86000,yes,SmInwTt48Jw,https://www.youtube.com/watch?v=SmInwTt48Jw,
Postman Pat | Postman Pat and the Pet Show | Postman Pat Full Episodes | Cartoons for kids,2359,39:19:00,,135000,yes,ljbzp7eKMZQ,https://www.youtube.com/watch?v=ljbzp7eKMZQ,
Postman Pat | The Magic Lamp | Postman Pat Full Episodes | Kids Cartoon | Videos For Kids,2359,39:19:00,,63000,yes,r9HY8WxyEcM,https://www.youtube.com/watch?v=r9HY8WxyEcM,
Postman Pat | Job Well Done | Postman Pat Full Episodes | Kids Cartoon | Videos For Kids,2359,39:19:00,,36000,yes,DVLky8f9Cfw,https://www.youtube.com/watch?v=DVLky8f9Cfw,
Postman Pat | Radio Greendale | Postman Pat Full Episodes | Kids Cartoon | Videos For Kids,2359,39:19:00,,46000,yes,kWIhXVoCix0,https://www.youtube.com/watch?v=kWIhXVoCix0,
Postman Pat | The Spotty Situation | Postman Pat Full Episodes | Kids Cartoon | Videos For Kids,2359,39:19:00,,18000,yes,xztI4WRgrsU,https://www.youtube.com/watch?v=xztI4WRgrsU,
Postman Pat | Pats Perfect Painting | Full Episodes | Kids Cartoon | Videos For Kids,2359,39:19:00,,37000,yes,2JiUaXV39XQ,https://www.youtube.com/watch?v=2JiUaXV39XQ,
Postman Pat | Postman Pat's Pied Piper | Postman Pat Full Episodes | Kids Cartoon | Videos For Kids,2359,39:19:00,,19000,yes,j6O88V86xrc,https://www.youtube.com/watch?v=j6O88V86xrc,
Postman Pat | Perfect Painting | Postman Pat Full Episodes | Kids Cartoon | Videos For Kids,2359,39:19:00,,48000,yes,pXWj2bnEcKo,https://www.youtube.com/watch?v=pXWj2bnEcKo,
Postman Pat | The Spring Dance | Postman Pat Full Episodes | Kids Cartoon | Videos For Kids,2359,39:19:00,,38000,yes,do0JLVv0o_Y,https://www.youtube.com/watch?v=do0JLVv0o_Y,
Postman Pat | Postman Pats Pigeon Post | Postman Pat Full Episodes | Kids Cartoon | Videos For Kids,2359,39:19:00,,34000,yes,3AHZyxHJwEw,https://www.youtube.com/watch?v=3AHZyxHJwEw,
Postman Pat | The Rocket Rescue | Postman Pat Full Episodes | Kids Cartoon | Videos For Kids,2359,39:19:00,,22000,yes,pAwRU-ML0UM,https://www.youtube.com/watch?v=pAwRU-ML0UM,
Postman Pat | The Big Butterflies | Postman Pat Full Episodes | Kids Cartoon | Videos For Kids,2359,39:19:00,,30000,yes,r3v2yMh1hRE,https://www.youtube.com/watch?v=r3v2yMh1hRE,
Postman Pat | The Rocket Rescue | Postman Pat Full Episodes | Kids Cartoon | Videos For Kids,2359,39:19:00,,480000,yes,DQywnWkDjgg,https://www.youtube.com/watch?v=DQywnWkDjgg,
Postman Pat | The Green Rabbit | Postman Pat Full Episodes | Kids Movies | Videos For Kids,2359,39:19:00,,98000,yes,zIPP7ZVufIQ,https://www.youtube.com/watch?v=zIPP7ZVufIQ,
Postman Pat | The Big Boat Adventure | Postman Pat Full Episodes | Kids Movies | Videos For Kids,2359,39:19:00,,61000,yes,GH70IWgmBdo,https://www.youtube.com/watch?v=GH70IWgmBdo,
Postman Pat | Postman Pat and the Big Butterflies | Full Episodes | Cartoons For Kids,2359,39:19:00,,32000,yes,ci326ZDmg5Q,https://www.youtube.com/watch?v=ci326ZDmg5Q,
Postman Pat |  Postman Pats Holiday Hobbies | Full Episodes | Videos For Kids,2359,39:19:00,,47000,yes,5WaY-Jdqmpk,https://www.youtube.com/watch?v=5WaY-Jdqmpk,
Postman Pat | Postman Pat and the Spotty Situation |  Full Episodes | Videos For Kids,2359,39:19:00,,70000,yes,JI-TtMjcWoA,https://www.youtube.com/watch?v=JI-TtMjcWoA,
Postman Pat | Postman Pats Holiday Hobbies | Full Episodes | Cartoons For Kids,2359,39:19:00,,55000,yes,L2xweDssVkI,https://www.youtube.com/watch?v=L2xweDssVkI,
Postman Pat | Hungry Goat | Postman Pat Full Episodes | Cartoons For Kids | Kids Movies,2359,39:19:00,,177000,yes,_kt3k1ypyuA,https://www.youtube.com/watch?v=_kt3k1ypyuA,
Postman Pat | Postman Pat and the Ice Ladder | Postman Pat Full Episode,2359,39:19:00,,46000,yes,PAvYu2ASJpA,https://www.youtube.com/watch?v=PAvYu2ASJpA,
Postman Pat | The Hungry Goat | Postman Pat Full Episodes | Kids Cartoon | Videos For Kids,2359,39:19:00,,128000,yes,WZ9TqNubNEo,https://www.youtube.com/watch?v=WZ9TqNubNEo,
Postman Pat ⛄🎄🎁 Postman Pat and the Ice Ladder ⛄🎄🎁 CHRISTMAS SPECIAL🎁🎄Postman Pat Full Episode,2359,39:19:00,,81000,yes,vO8ucnbDvGc,https://www.youtube.com/watch?v=vO8ucnbDvGc,
Postman Pat ❄️⛄ Postman Pat and the Ice Ladder ❄️⛄ Postman Pat Full Episodes,2359,39:19:00,,464000,yes,7P9N1krhMSw,https://www.youtube.com/watch?v=7P9N1krhMSw,
Postman Pat | Postman Pat and the Job Swap Day | Postman Pat Full Episodes,2359,39:19:00,,208000,yes,G-iWaR-oDaU,https://www.youtube.com/watch?v=G-iWaR-oDaU,
Postman Pat | Postman Pat and the Hungry Goat | Postman Pat Full Episodes,2359,39:19:00,,39000,yes,dnBS_YzCHKg,https://www.youtube.com/watch?v=dnBS_YzCHKg,
Postman Pat | Postman Pat and the Job Swap Day | Postman Pat Full Episodes,2359,39:19:00,,109000,yes,yJ-QSspu_NQ,https://www.youtube.com/watch?v=yJ-QSspu_NQ,
Postman Pat | Postman Pat and the Hungry Goat | Postman Pat Full Episodes,2359,39:19:00,,124000,yes,EJluoub5lZU,https://www.youtube.com/watch?v=EJluoub5lZU,
Postman Pat | Rubber Ducks | Postman Pat Full Episodes,2359,39:19:00,,2000000,yes,FpDwt9M2jPc,https://www.youtube.com/watch?v=FpDwt9M2jPc,
Postman Pat | A Teddy | Postman Pat Full Episodes🐻,2360,39:20:00,,839000,yes,g6IU4NQ6RfM,https://www.youtube.com/watch?v=g6IU4NQ6RfM,
Postman Pat | Perfect Pizza | Postman Pat Full Episodes | Cartoons For Kids | Kids Movies,2360,39:20:00,,81000,yes,YB-I2cvMbso,https://www.youtube.com/watch?v=YB-I2cvMbso,
Postman Pat | Pot Luck Picnic | Postman Pat Full Episodes | Cartoons for Kids | Kids Movies,2360,39:20:00,,93000,yes,ELeyaQJ1EIQ,https://www.youtube.com/watch?v=ELeyaQJ1EIQ,
Postman Pat | Grumpy Pony | Postman Pat Full Episodes,2360,39:20:00,,91000,yes,coBwmOzFnsQ,https://www.youtube.com/watch?v=coBwmOzFnsQ,
Postman Pat | Grand Custard Race | Postman Pat Full Episodes | Videos For Kids,2360,39:20:00,,32000,yes,fuCYDm4BQ9E,https://www.youtube.com/watch?v=fuCYDm4BQ9E,
Postman Pat | Pat Gets Stuck | Full Episodes | Videos For Kids | Funny Cartoons,2360,39:20:00,,126000,yes,djmFMrGEIRw,https://www.youtube.com/watch?v=djmFMrGEIRw,
Postman Pat | Popular Policeman | Postman Pat Full Episodes | Kids Cartoon | Videos For Kids,2360,39:20:00,,136000,yes,0YE821xn1eY,https://www.youtube.com/watch?v=0YE821xn1eY,
Postman Pat | The Big Boat Adventure | Full Episodes | Kids Cartoon | Videos For Kid,2360,39:20:00,,84000,yes,3XuA0AYbNxU,https://www.youtube.com/watch?v=3XuA0AYbNxU,
Postman Pat | The Greendale Movie | Postman Pat Full Episodes | Kids Cartoon | Videos For Kids,2360,39:20:00,,42000,yes,M8GFZakaQSE,https://www.youtube.com/watch?v=M8GFZakaQSE,
Postman Pat | Job Well Done | Postman Pat Full Episodes | Kids Cartoon | Videos For Kids,2360,39:20:00,,39000,yes,yW9PDczx5hU,https://www.youtube.com/watch?v=yW9PDczx5hU,
Postman Pat | The Spotty Situation | Postman Pat Full Episodes | Kids Cartoon | Videos For Kids,2360,39:20:00,,31000,yes,sUwnNonMdVQ,https://www.youtube.com/watch?v=sUwnNonMdVQ,
Postman Pat | Radio Greendale | Postman Pat Full Episodes | Kids Cartoon | Videos For Kids,2360,39:20:00,,26000,yes,fPIB6X8juZE,https://www.youtube.com/watch?v=fPIB6X8juZE,
Postman Pat | Big Butterflies | Postman Pat Full Episodes | Kids Cartoon | Videos For Kids,2360,39:20:00,,52000,yes,W8_7TmJO3Oo,https://www.youtube.com/watch?v=W8_7TmJO3Oo,
Postman Pat | Holiday Hobbies | Postman Pat Full Episodes | Kids Cartoon | Videos For Kids,2360,39:20:00,,61000,yes,NlZn2gBalHs,https://www.youtube.com/watch?v=NlZn2gBalHs,
Postman Pat | Fun Run | Postman Pat Full Episodes | Kids Cartoon | Kids Cartoon | Videos For Kids,2360,39:20:00,,375000,yes,nMt0mteG0Og,https://www.youtube.com/watch?v=nMt0mteG0Og,
Postman Pat | Big Boat Adventure | Postman Pat Full Episodes | Kids Cartoon | Videos For Kids,2360,39:20:00,,24000,yes,Bs3KOQHYzWc,https://www.youtube.com/watch?v=Bs3KOQHYzWc,
Postman Pat | The Job Well Done | Postman Pat Full Episodes | Kids Cartoon | Videos For Kids,2360,39:20:00,,26000,yes,tRJkZllKN6s,https://www.youtube.com/watch?v=tRJkZllKN6s,
Postman Pat | The Spotty Situation | Postman Pat Full Episodes | Kids Cartoon | Videos For Kids,2360,39:20:00,,23000,yes,O3BvmuAv87k,https://www.youtube.com/watch?v=O3BvmuAv87k,
Postman Pat | The Magic Lamp | Postman Pat Full Episodes | Kids Cartoon | Videos For Kids,2360,39:20:00,,19000,yes,Alq0BMJoUME,https://www.youtube.com/watch?v=Alq0BMJoUME,
Postman Pat | Postman Pats Noisy Day | Full Episodes | Videos For Kids,2360,39:20:00,,1200000,yes,3wdeOJ4F7QQ,https://www.youtube.com/watch?v=3wdeOJ4F7QQ,
Postman Pat | Postman Pat's Pied Piper | Postman Pat Full Episodes | Cartoons for kids,2360,39:20:00,,24000,yes,FJh3Q9Mm-KQ,https://www.youtube.com/watch?v=FJh3Q9Mm-KQ,
Postman Pat | Postman Pat and the Midsummer Market | Postman Pat Full Episodes | Cartoons for kids,2360,39:20:00,,35000,yes,rcNWYyRkDs8,https://www.youtube.com/watch?v=rcNWYyRkDs8,
Postman Pat | Postman Pats Trip to the Beach | Full Episodes | Videos For Kids | Funny Cartoons,2360,39:20:00,,35000,yes,Amz3z6ZsiQs,https://www.youtube.com/watch?v=Amz3z6ZsiQs,
Postman Pat | Postman Pats Perfect Painting | Full Episodes | Cartoons for kids | Funny Cartoons,2360,39:20:00,,30000,yes,WMp2qE5XAyY,https://www.youtube.com/watch?v=WMp2qE5XAyY,
Postman Pat | Postman Pat and the Pet Show | Postman Pat Full Episodes | Cartoons for kids,2360,39:20:00,,146000,yes,xrw3AxOUSXQ,https://www.youtube.com/watch?v=xrw3AxOUSXQ,
Postman Pat | Postman Pat's Wild West Rescue | Postman Pat Full Episodes | Cartoons for kids,2360,39:20:00,,77000,yes,RT_MkFjG5EU,https://www.youtube.com/watch?v=RT_MkFjG5EU,
Postman Pat | Postman Pat at the Seaside | Postman Pat Full Episodes | Videos For Kids,2360,39:20:00,,53000,yes,lktMmxVPEic,https://www.youtube.com/watch?v=lktMmxVPEic,
Postman Pat | Postman Pat and the Pet Show | Postman Pat Full Episodes | Videos For Kids,2360,39:20:00,,56000,yes,I8K3cQLlinM,https://www.youtube.com/watch?v=I8K3cQLlinM,
Postman Pat | Big Balloon Ride | Postman Pat Full Episodes | Videos For Kids,2360,39:20:00,,64000,yes,6Nv6u9UwMPc,https://www.youtube.com/watch?v=6Nv6u9UwMPc,
Postman Pat | Postman Pats Pied Piper | Postman Pat Full Episodes | Videos For Kids,2360,39:20:00,,52000,yes,lHeD9sFaLKQ,https://www.youtube.com/watch?v=lHeD9sFaLKQ,
Postman Pat | Postman Pat and the Playful Pets | Postman Pat Full Episodes | Cartoons for kids,2360,39:20:00,,32000,yes,nrPrn4Ws0TU,https://www.youtube.com/watch?v=nrPrn4Ws0TU,
Postman Pat | Postman Pats Perfect Painting | Postman Pat Full Episodes | Cartoons for kids,2360,39:20:00,,61000,yes,FPcUyOdwoaI,https://www.youtube.com/watch?v=FPcUyOdwoaI,
Postman Pat | Postman Pat and the Midsummer Market | Postman Pat Full Episodes | Cartoons for kids,2360,39:20:00,,14000,yes,X9Vuh4sFoac,https://www.youtube.com/watch?v=X9Vuh4sFoac,
Postman Pat | Postman Pat at the Seaside | Postman Pat Full Episodes | Videos For Kids,2360,39:20:00,,20000,yes,9aHqsbJWBJE,https://www.youtube.com/watch?v=9aHqsbJWBJE,
Postman Pat | Postman Pat and the Pet Show | Postman Pat Full Episodes | Videos For Kids,2360,39:20:00,,19000,yes,DyuIL8lmMuQ,https://www.youtube.com/watch?v=DyuIL8lmMuQ,
Postman Pat | Big Balloons | SDS | Postman Pat Full Episodes,2360,39:20:00,,939000,yes,arp2iipFfeo,https://www.youtube.com/watch?v=arp2iipFfeo,
Postman Pat | Postman Pat and the Great Dinosaur Hunt | Postman Pat Full Episodes,2360,39:20:00,,31000,yes,9dgyKGHDTRI,https://www.youtube.com/watch?v=9dgyKGHDTRI,
Postman Pat | Postman Pats Disappearing Dotty | Postman Pat Full Episodes,2360,39:20:00,,42000,yes,WmSB7iUXrPc,https://www.youtube.com/watch?v=WmSB7iUXrPc,
Postman Pat 🎁🎄 Postman Pats Pigeon Post 🎁🎄 Postman Pat Full Episodes 🎁🎄 Videos For Kids,2360,39:20:00,,31000,yes,HURZv96EVzA,https://www.youtube.com/watch?v=HURZv96EVzA,
Postman Pat | Postman Pat and the Great Dinosaur Hunt | Postman Pat Full Episodes,2360,39:20:00,,113000,yes,gjzVaZh2ljk,https://www.youtube.com/watch?v=gjzVaZh2ljk,
Postman Pat | Postman Pats Disappearing Dotty | Postman Pat Full Episodes,2360,39:20:00,,337000,yes,90gDaW81T5M,https://www.youtube.com/watch?v=90gDaW81T5M,
Postman Pat | Postman Pat and the Midsummer Market | Postman Pat Full Episodes | Cartoons for,2360,39:20:00,,18000,yes,f7hEc4VYl3s,https://www.youtube.com/watch?v=f7hEc4VYl3s,
Postman Pat | Postman Pats Pigeon Post | Postman Pat Full Episodes | Cartoons for kids,2360,39:20:00,,29000,yes,bItSgZablZs,https://www.youtube.com/watch?v=bItSgZablZs,
Postman Pat | Postman Pats Pigeon Post | Postman Pat Full Episodes | Cartoons for kids,2360,39:20:00,,136000,yes,fAvnJvEAHKM,https://www.youtube.com/watch?v=fAvnJvEAHKM,
Postman Pat | Postman Pat and the Midsummer Market | Postman Pat Full Episodes,2360,39:20:00,,31000,yes,sa4wq_cRVLA,https://www.youtube.com/watch?v=sa4wq_cRVLA,
Postman Pat | Postman Pat at the Seaside | Postman Pat Full Episodes | Videos For Kids,2360,39:20:00,,18000,yes,UyRS-hmAnZM,https://www.youtube.com/watch?v=UyRS-hmAnZM,
Postman Pat | Postman Pat and the Great Dinosaur Hunt | Postman Pat Full Episodes,2360,39:20:00,,46000,yes,pIA-fz53nLc,https://www.youtube.com/watch?v=pIA-fz53nLc,
Postman Pat | Postman Pats Disappearing Dotty | Postman Pat Full Episodes,2360,39:20:00,,21000,yes,BV3UB2N8_Us,https://www.youtube.com/watch?v=BV3UB2N8_Us,
Postman Pat | Postman Pats Perfect Painting | Postman Pat Full Episodes,2360,39:20:00,,16000,yes,WZdTSFGxb9g,https://www.youtube.com/watch?v=WZdTSFGxb9g,
Postman Pat | Postman Pat and the Spring Dance | Postman Pat Full Episodes |Cartoons for kids,2360,39:20:00,,25000,yes,rxFiNYcluZ8,https://www.youtube.com/watch?v=rxFiNYcluZ8,
Postman Pat | Postman Pats Pied Piper | Postman Pat Full Episodes | Cartoons for kids,2360,39:20:00,,36000,yes,G870qtccUR4,https://www.youtube.com/watch?v=G870qtccUR4,
Postman Pat | Postman Pat and the Playful Pets | Postman Pat Full Episodes | Cartoons for kids,2360,39:20:00,,137000,yes,L6uL5Job2Ck,https://www.youtube.com/watch?v=L6uL5Job2Ck,
Postman Pat | Postman Pat's Wild West Rescue | Postman Pat Full Episodes | Videos For Kids,2360,39:20:00,,167000,yes,nAyXZDB1HdU,https://www.youtube.com/watch?v=nAyXZDB1HdU,
Postman Pat | Postman Pat and the Pet Show | Postman Pat Full Episodes | Videos For Kids,2360,39:20:00,,81000,yes,74QiKosKdFw,https://www.youtube.com/watch?v=74QiKosKdFw,
Postman Pat | Postman Pat at the Seaside | Postman Pat Full Episodes | Cartoons for kids,2360,39:20:00,,26000,yes,_Jf8Ja40WL8,https://www.youtube.com/watch?v=_Jf8Ja40WL8,
Postman Pat | Postman Pats Pigeon Post | Postman Pat Full Episodes | Videos For Kids,2360,39:20:00,,26000,yes,WqkFltlH7yI,https://www.youtube.com/watch?v=WqkFltlH7yI,
Postman Pat | Postman Pat and the Midsummer Market | Postman Pat Full Episodes | Cartoons for kids,2360,39:20:00,,201000,yes,0aPEYc0ij9Q,https://www.youtube.com/watch?v=0aPEYc0ij9Q,
Postman Pat | Postman Pats Perfect Painting | Postman Pat Full Episodes,2360,39:20:00,,152000,yes,bb5eygeLx88,https://www.youtube.com/watch?v=bb5eygeLx88,
Postman Pat | Postman Pat's Disappearing Dotty | Postman Pat Full Episodes,2360,39:20:00,,245000,yes,TFV10JPOIlA,https://www.youtube.com/watch?v=TFV10JPOIlA,
Postman Pat | Postman Pat and the Great Dinosaur Hunt | Postman Pat Full Episodes,2360,39:20:00,,132000,yes,JsxjedO6JHE,https://www.youtube.com/watch?v=JsxjedO6JHE,
Postman Pat | Postman Pat and the Midsummer Market | Postman Pat Full Episodes | Videos For Kids,2360,39:20:00,,119000,yes,U7ShXxd_wJ8,https://www.youtube.com/watch?v=U7ShXxd_wJ8,
Postman Pat | Postman Pat's Pigeon Post | Postman Pat Full Episodes | Cartoons for kids,2360,39:20:00,,49000,yes,w6l0z5TvEWk,https://www.youtube.com/watch?v=w6l0z5TvEWk,
Postman Pat | Postman Pat at The Seaside | Postman Pat Full Episodes | Cartoons for kids,2360,39:20:00,,85000,yes,nhwPBha8GOA,https://www.youtube.com/watch?v=nhwPBha8GOA,
Postman Pat | Postman Pat's and the Playful Pets | Postman Pat Full Episodes | Cartoons for kids,2360,39:20:00,,219000,yes,djDfRaT3r5Q,https://www.youtube.com/watch?v=djDfRaT3r5Q,
Postman Pat | Postman Pat's Pied Piper | Postman Pat Full Episodes | Videos For Kids,2360,39:20:00,,66000,yes,t9KHZhM5pGY,https://www.youtube.com/watch?v=t9KHZhM5pGY,
Postman Pat | Postman Pat and the Pet Show | Postman Pat Full Episodes | Cartoons for kids,2360,39:20:00,,138000,yes,_ocrwC72wLw,https://www.youtube.com/watch?v=_ocrwC72wLw,
Postman Pat |  Wild West Rescue | Postman Pat Full Episodes | Cartoons for kids,2360,39:20:00,,69000,yes,AZMuJWP3mC0,https://www.youtube.com/watch?v=AZMuJWP3mC0,
Postman Pat | Postman Pat and the Spring Dance | Postman Pat Full Episodes | Videos For Kids,2360,39:20:00,,436000,yes,i6uKnHMEKBg,https://www.youtube.com/watch?v=i6uKnHMEKBg,
Postman Pat |  Big Balloon Ride | Postman Pat Full Episodes | Cartoons for kids,2360,39:20:00,,109000,yes,3eDSfm_Ue0k,https://www.youtube.com/watch?v=3eDSfm_Ue0k,
Postman Pat | A Wobbly Piano | Postman Pat Full Episodes,2360,39:20:00,,1000000,yes,5TmF1uXMv1I,https://www.youtube.com/watch?v=5TmF1uXMv1I,
Postman Pat | Seaside Special | Postman Pat Full Episodes🌤 🌞,2360,39:20:00,,3000000,yes,CmVJbFBPO4M,https://www.youtube.com/watch?v=CmVJbFBPO4M,
Postman Pat | The Karaoke Night | Postman Pat Full Episodes 🎵 🎤,2360,39:20:00,,800000,yes,dKIFEQG7TaQ,https://www.youtube.com/watch?v=dKIFEQG7TaQ,
Postman Pat | Chinese Dragon | Postman Pat Full Episodes,2360,39:20:00,,561000,yes,qfis_UIhedM,https://www.youtube.com/watch?v=qfis_UIhedM,
Postman Pat Classic Series 1 Compilation Ep11-13,2360,39:20:00,,761000,yes,eVe8Ew5CDy4,https://www.youtube.com/watch?v=eVe8Ew5CDy4,
Postman Pat & A Job Well Done | 40 Minutes Compilation | Postman Pat Full Episodes,2361,39:21:00,,75000,yes,W6Vm9NiYtIg,https://www.youtube.com/watch?v=W6Vm9NiYtIg,
Postman Pat and the Rocket Rescue |  Postman Pat  | Full Episode,2361,39:21:00,,449000,yes,RS9GEHAo9lE,https://www.youtube.com/watch?v=RS9GEHAo9lE,
Postman Pat and the Big Butterflies | Postman Pat | Full Episodes,2361,39:21:00,,66000,yes,vKupqfwPcpM,https://www.youtube.com/watch?v=vKupqfwPcpM,
Postman Pat | 40 Minutes Compilation | Postman Pat Full Episodes,2361,39:21:00,,104000,yes,1v1LGPF_GFA,https://www.youtube.com/watch?v=1v1LGPF_GFA,
Postman Pat | A Tree House | Postman Pat Full Episodes,2361,39:21:00,,298000,yes,mqwNHKILTfI,https://www.youtube.com/watch?v=mqwNHKILTfI,
Postman Pat | Clifftop Adventure | Postman Pat Full Episodes | Cartoons For Kids | Movies For Kids,2361,39:21:00,,40000,yes,WgCNVHCfeC4,https://www.youtube.com/watch?v=WgCNVHCfeC4,
Postman Pat | Popular Policeman | Postman Pat Full Episodes | Kids Cartoon | Videos For Kids,2361,39:21:00,,21000,yes,cu5SyN5fDlc,https://www.youtube.com/watch?v=cu5SyN5fDlc,
Postman Pat | Popular Policeman | Postman Pat Full Episodes | Kid Cartoon | Videos For Kids,2361,39:21:00,,61000,yes,WCnpiBpIMY0,https://www.youtube.com/watch?v=WCnpiBpIMY0,
Postman Pat | Postman Pat and the Big Boat Adventure | Full Episodes | Cartoons For Kids,2361,39:21:00,,96000,yes,Mn_GA9RqHiY,https://www.youtube.com/watch?v=Mn_GA9RqHiY,
Postman Pat | Postman Pat and the Greendale Movie | Full Episodes | Videos For Kids,2361,39:21:00,,58000,yes,Z1QLZ7SkMBo,https://www.youtube.com/watch?v=Z1QLZ7SkMBo,
Postman Pat | Radio Greendale | Full Episodes | Videos For Kids | Kids Movies,2361,39:21:00,,41000,yes,83WIh8Ainyk,https://www.youtube.com/watch?v=83WIh8Ainyk,
Postman Pat | Pot Luck Picnic | Postman Pat Full Episodes | Cartoons for Kids | Kids Movies,2361,39:21:00,,21000,yes,Y0-RErDBXgA,https://www.youtube.com/watch?v=Y0-RErDBXgA,
Postman Pat | Perfect Pizza | Postman Pat Full Episodes | Cartoons For Kids | Kids Movies,2361,39:21:00,,91000,yes,GN_Fi5bYfrY,https://www.youtube.com/watch?v=GN_Fi5bYfrY,
Postman Pat | Fun Run | Postman Pat Full Episodes | Videos For Kids | Kids Movies,2361,39:21:00,,32000,yes,6JfPckMuhhc,https://www.youtube.com/watch?v=6JfPckMuhhc,
Postman Pat | Big Boat Adventure | Postman Pat Full Episodes,2361,39:21:00,,15000,yes,DFv99ZgYFnE,https://www.youtube.com/watch?v=DFv99ZgYFnE,
Postman Pat | Grumpy Pony | Postman Pat Full Episodes,2361,39:21:00,,114000,yes,uGjUD49tUgQ,https://www.youtube.com/watch?v=uGjUD49tUgQ,
Postman Pat | The Job Well Done | Postman Pat Full Episodes | Cartoons for kids | Funny Cartoons,2361,39:21:00,,148000,yes,fnhAuLu6SNQ,https://www.youtube.com/watch?v=fnhAuLu6SNQ,
Postman Pat | PAT GETS STUCK | Full Episodes | Videos For Kids | Funny Cartoons,2361,39:21:00,,573000,yes,6tLoWlBETH0,https://www.youtube.com/watch?v=6tLoWlBETH0,
Postman Pat | Radio Greendale | Postman Pat Full Episodes | Videos For Kids,2361,39:21:00,,37000,yes,ORLg9HiW2sU,https://www.youtube.com/watch?v=ORLg9HiW2sU,
Postman Pat | The Magic Lamp | Postman Pat Full Episodes | Videos For Kids,2361,39:21:00,,118000,yes,RQ39ZytIl2s,https://www.youtube.com/watch?v=RQ39ZytIl2s,
Postman Pat | Perfect Pizza | Postman Pat Full Episodes | Cartoons for kids,2361,39:21:00,,2700000,yes,GZ_6uItKkjc,https://www.youtube.com/watch?v=GZ_6uItKkjc,
Postman Pat | Grand Custard Race | Postman Pat Full Episodes | Videos For Kids,2361,39:21:00,,166000,yes,0fIFcGCvyXM,https://www.youtube.com/watch?v=0fIFcGCvyXM,
Postman Pat | Postman Pat and the Green Rabbit | Postman Pat Full Episodes | Cartoons for kids,2361,39:21:00,,63000,yes,MLzrv9oNZAg,https://www.youtube.com/watch?v=MLzrv9oNZAg,
Postman Pat | Postman Pat and the Spotty Situation | Postman Pat Full Episodes | Videos For Kids,2361,39:21:00,,26000,yes,7lizQtKi3VA,https://www.youtube.com/watch?v=7lizQtKi3VA,
Postman Pat | Postman Pat and the Greendale Movie | Postman Pat Full Episodes | Cartoons for kids,2361,39:21:00,,27000,yes,iPJpbiWoxZs,https://www.youtube.com/watch?v=iPJpbiWoxZs,
Postman Pat | Postman Pat and the Big Butterflies | Postman Pat Full Episodes,2361,39:21:00,,24000,yes,7HkKMMrcTvc,https://www.youtube.com/watch?v=7HkKMMrcTvc,
Postman Pat | Postman Pats Holiday Hobbies | Postman Pat Full Episodes,2361,39:21:00,,177000,yes,XRilp9ccQaQ,https://www.youtube.com/watch?v=XRilp9ccQaQ,
Postman Pat | Postman Pat and the Rocket Rescue | Postman Pat Full Episodes | Videos For Kids,2361,39:21:00,,48000,yes,PxYYmcvLa3I,https://www.youtube.com/watch?v=PxYYmcvLa3I,
Postman Pat | Postman Pat and the Rocket Rescue | Postman Pat Full Episodes,2361,39:21:00,,48000,yes,xKebrSOl2P8,https://www.youtube.com/watch?v=xKebrSOl2P8,
Postman Pat | Postman Pat and the Green Rabbit | Postman Pat Full Episodes,2361,39:21:00,,40000,yes,EUJwlMW5K5s,https://www.youtube.com/watch?v=EUJwlMW5K5s,
Postman Pat | Postman Pats Holiday Hobbies | Postman Pat Full Episodes,2361,39:21:00,,95000,yes,ihpWTFRDKpU,https://www.youtube.com/watch?v=ihpWTFRDKpU,
Postman Pat | Postman Pat and the Big Boat Adventure | Postman Pat Full Episodes,2361,39:21:00,,55000,yes,tsbhtipYYpM,https://www.youtube.com/watch?v=tsbhtipYYpM,
Postman Pat ⭐🌟Pot Luck Picnic ⭐🌟NEW YEARS SPECIAL ⭐🌟Postman Pat Full Episodes Cartoon,2361,39:21:00,,70000,yes,Hclx9AEO6sA,https://www.youtube.com/watch?v=Hclx9AEO6sA,
Postman Pat ❄️⛄ Postman Pats Christmas Eve ❄️⛄ Christmas Special ❄️⛄  Postman Pat Full Episodes,2361,39:21:00,,51000,yes,oGV_aISL7Ss,https://www.youtube.com/watch?v=oGV_aISL7Ss,
Postman Pat ❄️⛄ Postman Pat and the Big Butterflies ❄️⛄ Postman Pat Full Episodes,2361,39:21:00,,27000,yes,BQ0O8N07Lf4,https://www.youtube.com/watch?v=BQ0O8N07Lf4,
Postman Pat 🎄⛄ Postman Pats Holiday Hobbies 🎄⛄ Postman Pat Full Episodes,2361,39:21:00,,83000,yes,jVta7eex7FY,https://www.youtube.com/watch?v=jVta7eex7FY,
Postman Pat ❄️⛄Postman Pats Christmas Eve ❄️⛄Christmas Special ❄️⛄ Postman Pat Full Episodes,2361,39:21:00,,106000,yes,tm2rEuflzO4,https://www.youtube.com/watch?v=tm2rEuflzO4,
Postman Pat ⛄🎄 Pot Luck Picnic ⛄🎄 Postman Pat Full Episodes ⛄🎄 Cartoon,2361,39:21:00,,48000,yes,b43xKBvE5dw,https://www.youtube.com/watch?v=b43xKBvE5dw,
Postman Pat❄️⛄ Postman Pat and the Green Rabbit❄️⛄ Postman Pat Full Episodes,2361,39:21:00,,52000,yes,RZUvndbjba0,https://www.youtube.com/watch?v=RZUvndbjba0,
Postman Pat ❄️⛄ Postman Pat and the Rocket Rescue ❄️⛄ Postman Pat Full Episodes,2361,39:21:00,,24000,yes,Oxn3EpNnfr8,https://www.youtube.com/watch?v=Oxn3EpNnfr8,
Postman Pat | Postman Pat and the Spotty Situation | Postman Pat Full Episodes,2361,39:21:00,,2100000,yes,LbAd5HbMY9Q,https://www.youtube.com/watch?v=LbAd5HbMY9Q,
Postman Pat | Postman Pat and a Job Well Done | Postman Pat Full Episodes,2361,39:21:00,,135000,yes,hymhHCu4bV0,https://www.youtube.com/watch?v=hymhHCu4bV0,
Postman Pat | Postman Pat and the Greendale Movie | Postman Pat Full Episodes,2361,39:21:00,,38000,yes,HuQK4VoQHr0,https://www.youtube.com/watch?v=HuQK4VoQHr0,
Postman Pat | Postman Pats Holiday Hobbies | Postman Pat Full Episodes,2361,39:21:00,,39000,yes,7cjEPeWE4sI,https://www.youtube.com/watch?v=7cjEPeWE4sI,
Postman Pat | Postman Pat and the Big Boat Adventure | Postman Pat Full Episodes,2361,39:21:00,,145000,yes,rhKuD8_xmSk,https://www.youtube.com/watch?v=rhKuD8_xmSk,
Postman Pat | Postman Pat and the Big Butterflies | Postman Pat Full Episodes,2361,39:21:00,,87000,yes,ZfttJCgOzbg,https://www.youtube.com/watch?v=ZfttJCgOzbg,
Postman Pat | Postman Pat and the Rocket Rescue | Postman Pat Full Episodes,2361,39:21:00,,29000,yes,T3hpqqOTN3A,https://www.youtube.com/watch?v=T3hpqqOTN3A,
Postman Pat | Pot Luck Picnic | BONFIRE NIGHT SPECIAL | Postman Pat Full Episodes | Videos For Kids,2361,39:21:00,,106000,yes,f6LIevYQvYY,https://www.youtube.com/watch?v=f6LIevYQvYY,
Postman Pat | Postman Pat and the Green Rabbit | Postman Pat Full Episodes,2361,39:21:00,,82000,yes,xsJNhL25-FQ,https://www.youtube.com/watch?v=xsJNhL25-FQ,
Postman Pat | Postman Pat and the Runaway Train | Postman Pat Full Episodes | Cartoons for kids,2361,39:21:00,,173000,yes,IDcIkk1ENyY,https://www.youtube.com/watch?v=IDcIkk1ENyY,
Postman Pat | Postman Pat and the Big Boat Adventure | Postman Pat Full Episodes,2361,39:21:00,,79000,yes,Bu0CETay06w,https://www.youtube.com/watch?v=Bu0CETay06w,
Postman Pat | Postman Pat's Holiday Hobbies | Postman Pat Full Episodes,2361,39:21:00,,77000,yes,spccfr1IS1A,https://www.youtube.com/watch?v=spccfr1IS1A,
Postman Pat | Postman Pat and the Greendale Movie | Postman Pat Full Episodes,2361,39:21:00,,70000,yes,JHCqjFfJOd0,https://www.youtube.com/watch?v=JHCqjFfJOd0,
Postman Pat | Postman Pat and the Spotty Situation | Postman Pat Full Episodes,2361,39:21:00,,160000,yes,nqKWHCTUj5U,https://www.youtube.com/watch?v=nqKWHCTUj5U,
Postman Pat | Postman Pat and a Job Well Done | Postman Pat Full Episodes,2361,39:21:00,,35000,yes,CiGgDuAbRdQ,https://www.youtube.com/watch?v=CiGgDuAbRdQ,
Postman Pat | Postman Pat and the Rocket Rescue | Postman Pat Full Episodes,2361,39:21:00,,96000,yes,FcoD-M3M81Y,https://www.youtube.com/watch?v=FcoD-M3M81Y,
Postman Pat | Postman Pat and the Big Butterflies | Postman Pat Full Episodes,2361,39:21:00,,135000,yes,yYWW6njVJrg,https://www.youtube.com/watch?v=yYWW6njVJrg,
Postman Pat | Postman Pat and the Green Rabbit | Postman Pat Full Episodes,2361,39:21:00,,52000,yes,XNNZCPL-7gY,https://www.youtube.com/watch?v=XNNZCPL-7gY,
Postman Pat | Postman Pat and The Runaway Train  | Postman Pat Full Episodes | Cartoons for kids,2361,39:21:00,,531000,yes,vFkLpugyYVM,https://www.youtube.com/watch?v=vFkLpugyYVM,
Postman Pat | The Magic Lamp | Postman Pat Full Episodes | Videos For Kids,2361,39:21:00,,209000,yes,klspXq8j3Ow,https://www.youtube.com/watch?v=klspXq8j3Ow,
Postman Pat | Grand Custard Race | Postman Pat Full Episodes | Videos For Kids,2361,39:21:00,,388000,yes,MVnV0Y4SXRE,https://www.youtube.com/watch?v=MVnV0Y4SXRE,
Postman Pat | Pot Luck Picnic | Postman Pat Full Episodes | Cartoons for kids,2361,39:21:00,,260000,yes,XRjRUDiSISo,https://www.youtube.com/watch?v=XRjRUDiSISo,
Postman Pat | Perfect Pizza | Postman Pat Full Episodes | Cartoons for kids,2361,39:21:00,,278000,yes,x9De7yPlm9w,https://www.youtube.com/watch?v=x9De7yPlm9w,
Postman Pat | Radio Greendale | Postman Pat Full Episodes | Cartoons for kids,2361,39:21:00,,157000,yes,gRuGRi0RmfI,https://www.youtube.com/watch?v=gRuGRi0RmfI,
Postman Pat | Pat Gets Stuck| Postman Pat Full Episodes,2361,39:21:00,,204000,yes,ojjcMx_aVxw,https://www.youtube.com/watch?v=ojjcMx_aVxw,
Postman Pat | Fun Run | Postman Pat Full Episodes,2361,39:21:00,,552000,yes,8IaQyPi3dZY,https://www.youtube.com/watch?v=8IaQyPi3dZY,
Postman Pat | Big Boat Adventure | Postman Pat Full Episodes,2361,39:21:00,,67000,yes,YqglRvTlKX4,https://www.youtube.com/watch?v=YqglRvTlKX4,
Postman Pat | Grumpy Pony | Postman Pat Full Episodes,2361,39:21:00,,324000,yes,xB1qQKIYDJs,https://www.youtube.com/watch?v=xB1qQKIYDJs,
Postman Pat | Cranky Cows | Postman Pat Full Episodes,2361,39:21:00,,101000,yes,2ljsmRETnas,https://www.youtube.com/watch?v=2ljsmRETnas,
Postman Pat | Clifftop Adventure | Postman Pat Full Episodes | Cartoons For Kids | Movies For Kids,2362,39:22:00,,30000,yes,_5skKg2_M68,https://www.youtube.com/watch?v=_5skKg2_M68,
Postman Pat | Popular Policeman | Postman Pat Full Episodes,2362,39:22:00,,106000,yes,QsfzyPETF4o,https://www.youtube.com/watch?v=QsfzyPETF4o,
Postman Pat | CLIFTOP ADVENTURE | Full Episodes | Cartoons for kids | Funny Cartoons,2362,39:22:00,,59000,yes,lU3ZvY_MK4o,https://www.youtube.com/watch?v=lU3ZvY_MK4o,
Postman Pat | Postman Pats Noisy Day | Postman Pat Full Episodes,2362,39:22:00,,57000,yes,tIOE1svr_Vk,https://www.youtube.com/watch?v=tIOE1svr_Vk,
Postman Pat | Postman Pat's Noisy Day | Postman Pat Full Episodes,2362,39:22:00,,105000,yes,JMh6mhjW4DQ,https://www.youtube.com/watch?v=JMh6mhjW4DQ,
Postman Pat | Clifftop Adventure | Postman Pat Full Episodes,2362,39:22:00,,186000,yes,Zs3F0WuGOi8,https://www.youtube.com/watch?v=Zs3F0WuGOi8,
Postman Pat | Popular Policeman | Postman Pat Full Episodes,2362,39:22:00,,159000,yes,ubApzcXTS24,https://www.youtube.com/watch?v=ubApzcXTS24,
Postman Pat | Bowling Buddies | Full Episodes | Kids Cartoon | Kids Movies | Videos For Kids,2372,39:32:00,,61000,yes,NdqTON-pIwI,https://www.youtube.com/watch?v=NdqTON-pIwI,
Postman Pat | Stolen Strawberries | Postman Pat Full Episodes | Kids Cartoon | Videos For Kids,2373,39:33:00,,128000,yes,fwT--7coEBg,https://www.youtube.com/watch?v=fwT--7coEBg,
Postman Pat | Island Shipwreck | Postman Pat Full Episodes | Videos For Kids | Kids Movies,2373,39:33:00,,91000,yes,bcmQx4CUsJM,https://www.youtube.com/watch?v=bcmQx4CUsJM,
Postman Pat | Stolen Strawberries | Postman Pat Full Episodes | Kids Cartoon | Videos For Kids,2373,39:33:00,,67000,yes,O1D9P9JOTjg,https://www.youtube.com/watch?v=O1D9P9JOTjg,
Postman Pat | Record Breakers | Postman Pat Full Episodes | Kids Cartoon | Videos For Kids,2373,39:33:00,,91000,yes,y3wbAokJYaY,https://www.youtube.com/watch?v=y3wbAokJYaY,
Postman Pat | Bowling Buddies |  Full Episodes | Kids Cartoon | Kids Movies | Videos For Kids,2373,39:33:00,,80000,yes,XbrA61jZiWM,https://www.youtube.com/watch?v=XbrA61jZiWM,
Stolen Strawberries 🍓Postman Pat 🍓Postman Pat Full Episodes | Cartoons for kids,2374,39:34:00,,22000,yes,9hmhexvx5ag,https://www.youtube.com/watch?v=9hmhexvx5ag,
Postman Pat | Sneaky Sheep | Postman Pat Full Episodes | Kids Cartoon | Videos For Kids,2374,39:34:00,,47000,yes,aPmcjkLdCyY,https://www.youtube.com/watch?v=aPmcjkLdCyY,
Postman Pat | Missing Things | Postman Pat Full Episodes | Kids Cartoon | Videos For Kids,2374,39:34:00,,70000,yes,riFiWCM4DAw,https://www.youtube.com/watch?v=riFiWCM4DAw,
Postman Pat | Island Shipwreck | Postman Pat Full Episodes | Videos For Kids | Kids Movies,2374,39:34:00,,59000,yes,N9TPOWgQnIU,https://www.youtube.com/watch?v=N9TPOWgQnIU,
Postman Pat | Stolen Strawberries | Postman Pat Full Episodes | Kids Cartoon | Videos For Kids,2374,39:34:00,,97000,yes,G3htHqkRYLU,https://www.youtube.com/watch?v=G3htHqkRYLU,
Postman Pat | Bowling Buddies |  Full Episodes | Kids Cartoon | Kids Movies | Videos For Kids,2374,39:34:00,,49000,yes,ZyLNy3A2YZY,https://www.youtube.com/watch?v=ZyLNy3A2YZY,
Postman Pat | Record Breakers | Postman Pat Full Episodes | Kids Cartoon | Videos For Kids,2374,39:34:00,,34000,yes,plD9ddY6DoY,https://www.youtube.com/watch?v=plD9ddY6DoY,
Postman Pat | Pat the Secret Superhero | Postman Pat Full Episodes | Kids Cartoon | Videos For Kids,2374,39:34:00,,32000,yes,TryQBhY8YMY,https://www.youtube.com/watch?v=TryQBhY8YMY,
Postman Pat| Ice Capade | Postman Pat Full Episodes | Cartoons For Kids | Kids Movies,2374,39:34:00,,23000,yes,3pj6CC_39go,https://www.youtube.com/watch?v=3pj6CC_39go,
Postman Pat ⛄❄️PAT GOES ICE SKATING⛄❄️Postman Pat Full Episodes | Cartoons for Kids | Funny Cartoons,2374,39:34:00,,21000,yes,MI1SeFJB27o,https://www.youtube.com/watch?v=MI1SeFJB27o,
Postman Pat ❄️⛄ICE CAPADE ❄️⛄ Full Episodes | Cartoons for kids | Funny Cartoons,2374,39:34:00,,26000,yes,yp0KVJJDux8,https://www.youtube.com/watch?v=yp0KVJJDux8,
Postman Pat  ❄️⛄ Ice Capade  ❄️⛄ Postman Pat Full Episodes,2374,39:34:00,,84000,yes,8AvbBRwQCSM,https://www.youtube.com/watch?v=8AvbBRwQCSM,
Postman Pat | Double Disguise | Postman Pat Full Episodes,2375,39:35:00,,185000,yes,CpOzeHENphU,https://www.youtube.com/watch?v=CpOzeHENphU,
Postman Pat 🍓Stolen Strawberries 🍓Postman Pat Full Episodes | Cartoons for kids,2375,39:35:00,,15000,yes,X3lLKRB5A1g,https://www.youtube.com/watch?v=X3lLKRB5A1g,
Postman Pat | Island Shipwreck | Postman Pat Full Episodes | Videos For Kids | Kids Movies,2375,39:35:00,,38000,yes,Ue6zMLIYnf0,https://www.youtube.com/watch?v=Ue6zMLIYnf0,
Postman Pat | Stolen Strawberries | Postman Pat Full Episodes | Kids Cartoon | Videos For Kids,2375,39:35:00,,27000,yes,8vzEIYeBDf4,https://www.youtube.com/watch?v=8vzEIYeBDf4,
Postman Pat | Sneaky Sheep | Postman Pat Full Episodes | Kids Cartoon | Videos For Kids,2375,39:35:00,,28000,yes,hEl1gdxAKvI,https://www.youtube.com/watch?v=hEl1gdxAKvI,
Postman Pat | Missing Things | Postman Pat Full Episodes | Kids Cartoon | Videos For Kids,2375,39:35:00,,134000,yes,BycOdNvIyJM,https://www.youtube.com/watch?v=BycOdNvIyJM,
Postman Pat | Lost Property | Postman Pat Full Episodes | Kids Cartoon | Videos For Kids,2375,39:35:00,,116000,yes,5K82LOtyvn8,https://www.youtube.com/watch?v=5K82LOtyvn8,
Postman Pat | Bowling Buddies |  Full Episodes | Cartoons For Kids | Kids Movies,2375,39:35:00,,20000,yes,d_YUt0hTDM0,https://www.youtube.com/watch?v=d_YUt0hTDM0,
Postman Pat | Record Breaking Day | Postman Pat Full Episodes | Videos For Kids | Kid's Movies,2375,39:35:00,,59000,yes,O3YvkiZ2b0M,https://www.youtube.com/watch?v=O3YvkiZ2b0M,
Postman Pat | Record Breakers | Postman Pat Full Episodes | NEW EPISODES | Videos For Kids,2375,39:35:00,,58000,yes,QGMAUtfJu8w,https://www.youtube.com/watch?v=QGMAUtfJu8w,
Postman Pat | Pat the Secret Superhero | Postman Pat Full Episodes | Videos For Kids,2375,39:35:00,,82000,yes,WGLbNDmSvbE,https://www.youtube.com/watch?v=WGLbNDmSvbE,
Postman Pat | Bowling Buddies | Postman Pat Full Episodes | Cartoons for kids,2375,39:35:00,,325000,yes,sWvUjk1WHyA,https://www.youtube.com/watch?v=sWvUjk1WHyA,
Postman Pat | Pat the Secret Superhero | Postman Pat Full Episodes | Cartoons for kids,2375,39:35:00,,279000,yes,vCpV3y9s6EE,https://www.youtube.com/watch?v=vCpV3y9s6EE,
Postman Pat | Bowling Buddies | Postman Pat Full Episodes | Cartoons for kids,2375,39:35:00,,77000,yes,q2VferFVhmk,https://www.youtube.com/watch?v=q2VferFVhmk,
Postman Pat | Record Breakers | Postman Pat Full Episodes,2375,39:35:00,,144000,yes,eijmn1kYyZM,https://www.youtube.com/watch?v=eijmn1kYyZM,
Postman Pat | Island Shipwreck | Postman Pat Full Episodes | Cartoons For Kids | Kids Movies,2376,39:36:00,,447000,yes,TxudiOwRhoI,https://www.youtube.com/watch?v=TxudiOwRhoI,
Postman Pat | Sneaky Sheep | Postman Pat Full Episodes | Cartoons For Children | Kids Movies,2376,39:36:00,,89000,yes,OrydFhZJfHk,https://www.youtube.com/watch?v=OrydFhZJfHk,
Postman Pat | Missing Things | Postman Pat Full Episodes | Videos For Kids | Kid's Movies,2376,39:36:00,,28000,yes,wtAwY9QgyZs,https://www.youtube.com/watch?v=wtAwY9QgyZs,
Postman Pat | Stolen Strawberries | Postman Pat Full Episodes | Videos For Kids | Kids Movies,2376,39:36:00,,39000,yes,IpoMZKKQP9c,https://www.youtube.com/watch?v=IpoMZKKQP9c,
Postman Pat | Lost Property | Postman Pat Full Episodes | Videos For Kids | Kids Movies,2376,39:36:00,,49000,yes,Rty7pSa356I,https://www.youtube.com/watch?v=Rty7pSa356I,
Postman Pat | Missing Strawberries | Postman Pat Full Episodes | Videos For Kids | Funny Cartoons,2376,39:36:00,,48000,yes,snP6s2FaEnM,https://www.youtube.com/watch?v=snP6s2FaEnM,
Postman Pat | Sneaky Sheep | Postman Pat Full Episodes | Cartoons for Kids,2376,39:36:00,,25000,yes,wWoPXynfD5g,https://www.youtube.com/watch?v=wWoPXynfD5g,
Postman Pat | Missing things | Postman Pat Full Episodes | Videos For Kids,2376,39:36:00,,58000,yes,9LXdZf_Q7rw,https://www.youtube.com/watch?v=9LXdZf_Q7rw,
Postman Pat | Island Shipwreck | Postman Pat NEW EPISODES | Videos For Kids |,2376,39:36:00,,26000,yes,SSXM_fifF5w,https://www.youtube.com/watch?v=SSXM_fifF5w,
Postman Pat 🍓Stolen Strawberries 🍓Postman Pat Full Episodes | Cartoons for kids,2376,39:36:00,,42000,yes,R31h67YnQBA,https://www.youtube.com/watch?v=R31h67YnQBA,
Postman Pat | Island Shipwreck | Postman Pat Full Episodes,2376,39:36:00,,108000,yes,Ntv9b3E3JT0,https://www.youtube.com/watch?v=Ntv9b3E3JT0,
Postman Pat | Sneaky Sheep | Postman Pat Full Episodes,2376,39:36:00,,112000,yes,mnDCS6xmvvA,https://www.youtube.com/watch?v=mnDCS6xmvvA,
Postman Pat | Missing things | Postman Pat Full Episodes,2376,39:36:00,,212000,yes,aTsAM0WQQoQ,https://www.youtube.com/watch?v=aTsAM0WQQoQ,
Postman Pat | Stolen Strawberries | Postman Pat Full Episodes,2376,39:36:00,,288000,yes,HmmoddS2N6M,https://www.youtube.com/watch?v=HmmoddS2N6M,
Postman Pat | Lost Property | Postman Pat Full Episodes,2376,39:36:00,,321000,yes,P4X0K12cBVs,https://www.youtube.com/watch?v=P4X0K12cBVs,
Postman Pat Classic Series 2 Compilation Ep11-13,2457,40:57:00,,616000,yes,b9otRFTMhXU,https://www.youtube.com/watch?v=b9otRFTMhXU,
Postman Pat Compilation | Postman Pat | Full Episodes,2652,44:12:00,,246000,yes,BmOt9CaPolM,https://www.youtube.com/watch?v=BmOt9CaPolM,
Pat Takes The Bus | Postman Pat | Postman Pat Full Episodes  | Kids Cartoon | Videos For Kids,2732,45:32:00,,30000,yes,_Q659Y6taFw,https://www.youtube.com/watch?v=_Q659Y6taFw,
Postman Pat | Pat Takes The Bus | Postman Pat Full Episodes  | Kids Cartoon | Videos For Kids,2733,45:33:00,,36000,yes,5uhSXrC0MJk,https://www.youtube.com/watch?v=5uhSXrC0MJk,
Postman Pat | Pat Takes The Bus | Postman Pat Full Episodes  | Kids Cartoon | Videos For Kids,2734,45:34:00,,31000,yes,q-D9bohkjrk,https://www.youtube.com/watch?v=q-D9bohkjrk,
Postman Pat | Pat Takes The Bus | Postman Pat Full Episodes,2735,45:35:00,,108000,yes,3y_mMgaCEZw,https://www.youtube.com/watch?v=3y_mMgaCEZw,
Postman Pat | Pat Takes The Bus | Postman Pat Full Episodes,2735,45:35:00,,833000,yes,kTCLYlx-JNE,https://www.youtube.com/watch?v=kTCLYlx-JNE,
Tricky Transport Day | Postman Pat | Full Episodes | Kids Cartoon | Videos For Kids,3135,52:15:00,,45000,yes,_wcmk05wN9c,https://www.youtube.com/watch?v=_wcmk05wN9c,
Tricky Transport Day | Postman Pat | Full Episodes | Kids Cartoon | Videos For Kids,3136,52:16:00,,29000,yes,t0E9AYIE_w8,https://www.youtube.com/watch?v=t0E9AYIE_w8,
Tricky Transport Day | Postman Pat | Full Episodes | Kids Cartoon | Videos For Kids,3137,52:17:00,,51000,yes,nAHybCBGYN0,https://www.youtube.com/watch?v=nAHybCBGYN0,
Postman Pat | Tricky Transport Day | Full Episodes | Kids Cartoon | Videos For Kids,3138,52:18:00,,67000,yes,w5MQ140IzpY,https://www.youtube.com/watch?v=w5MQ140IzpY,
Postman Pat | The Tricky Transport Day | Postman Pat Full Episodes | Kids Cartoon | Videos For Kids,3138,52:18:00,,19000,yes,33z9Ls6xkc4,https://www.youtube.com/watch?v=33z9Ls6xkc4,
Postman Pat |Tricky Transport Day | Full Episodes | Kids Cartoon | Videos For Kids,3139,52:19:00,,49000,yes,rg5Fqlr2RTk,https://www.youtube.com/watch?v=rg5Fqlr2RTk,
Postman Pat | Postman Pat and the Tricky Transport Day | Full Episodes | Cartoons For Kids,3140,52:20:00,,1400000,yes,aa4lbNG7gAg,https://www.youtube.com/watch?v=aa4lbNG7gAg,
Postman Pat | Postman Pat and the Tricky Transport Day | SNOWY SPECIAL | Postman Pat Full Episodes,3140,52:20:00,,196000,yes,i1DE761KYxM,https://www.youtube.com/watch?v=i1DE761KYxM,
Postman Pat | Postman Pat and the Tricky Transport Day | Postman Pat Full Episodes,3140,52:20:00,,47000,yes,EC1MDNUP-eY,https://www.youtube.com/watch?v=EC1MDNUP-eY,
Postman Pat ❄️⛄ Postman Pat and the Tricky Transport Day❄️⛄ Postman Pat Full Episodes,3140,52:20:00,,70000,yes,ef5q1rWSaYI,https://www.youtube.com/watch?v=ef5q1rWSaYI,
Pat Has to Borrow?! 🩰😮💫 | Postman Pat | 1 Hour Comp,3160,52:40:00,,78000,yes,W2O8TdnRTlE,https://www.youtube.com/watch?v=W2O8TdnRTlE,
Pat's Wild West Adventures 😲⭐️🤠 | Postman Pat | Full Episode | 1 Hour Comp,3160,52:40:00,,41000,yes,73gqouk_1LE,https://www.youtube.com/watch?v=73gqouk_1LE,
Pat's Pink Slippers?! 😲📦🩰 | Postman Pat | Full Episode | 1 Hour Comp,3160,52:40:00,,91000,yes,lDyNkQOjO3s,https://www.youtube.com/watch?v=lDyNkQOjO3s,
Pat Rides a Bucking Bronco! 🤠🐄 | Postman Pat | 1 Hour Comp | Full Episode,3160,52:40:00,,71000,yes,AO9S7Qxa5rE,https://www.youtube.com/watch?v=AO9S7Qxa5rE,
Pat Wears Pink Slippers! 🩰😯 | Postman Pat | Full Episode | 1 Hour Comp,3160,52:40:00,,48000,yes,WGc6HGkEe7w,https://www.youtube.com/watch?v=WGc6HGkEe7w,
Pat Rides A Bucking Bronco 🤠 | Postman Pat | 1 Hour of Full Episodes,3160,52:40:00,,40000,yes,KAmZsxyiGMQ,https://www.youtube.com/watch?v=KAmZsxyiGMQ,
Pats Fabulous Pink Slippers! 🩰 | Postman Pat | 1 Hour of Full Episodes,3160,52:40:00,,47000,yes,a6BHV-LDju4,https://www.youtube.com/watch?v=a6BHV-LDju4,
Julian the Cowboy! 🤠 | Postman Pat | 1 Hour of Full Episodes,3160,52:40:00,,58000,yes,IQILbk7gYmE,https://www.youtube.com/watch?v=IQILbk7gYmE,
Pat Has to Wear Fluffy Pink Slippers! | Postman Pat | 1 Hour of Full Episode,3160,52:40:00,,56000,yes,e6TGKt4sHcM,https://www.youtube.com/watch?v=e6TGKt4sHcM,
The Wild West Adventures 🤠 | 1 Hour of Postman Pat Full Episodes,3160,52:40:00,,47000,yes,U1zMOchT71M,https://www.youtube.com/watch?v=U1zMOchT71M,
Let's Go Fruit Hunting! 🍉🍌🍎 | 1 Hour of Postman Pat Full Episodes,3160,52:40:00,,148000,yes,DtSaIdmjbqs,https://www.youtube.com/watch?v=DtSaIdmjbqs,
Yeehaw! Let's Be Cowboys 🤠 | 1 Hour of Postman Pat Full Episodes,3160,52:40:00,,44000,yes,6_I-soDnTFI,https://www.youtube.com/watch?v=6_I-soDnTFI,
The Greendale Grand Prix! 🏎️ | Postman Pat | 1 Hour of Full Episodes,3171,52:51:00,,69000,yes,vOd4hJ0aEXM,https://www.youtube.com/watch?v=vOd4hJ0aEXM,
Ajay the Speedster! 🏍️💨 | Postman Pat 1 Hour of Full Episodes,3171,52:51:00,,66000,yes,h_XZ6wikY1E,https://www.youtube.com/watch?v=h_XZ6wikY1E,
Postman Pat 1 Hour Compilation | Postman Pat | Full Episode,3171,52:51:00,,108000,yes,njBK3m9Vzpo,https://www.youtube.com/watch?v=njBK3m9Vzpo,
Pat Documents Greendale! 🎥 | Postman Pat | 1 Hour of Full Episodes,3177,52:57:00,,54000,yes,KiPNluLS2ac,https://www.youtube.com/watch?v=KiPNluLS2ac,
Pat the Movie Director! 🎥🍿 | Postman Pat | 1 Hour of Full Episodes,3177,52:57:00,,52000,yes,ag98f-Nhdms,https://www.youtube.com/watch?v=ag98f-Nhdms,
"Lights, Camera, Action! 🎬 | 1 Hour of Postman Pat Full Episodes",3177,52:57:00,,53000,yes,3Hx1hypYleU,https://www.youtube.com/watch?v=3Hx1hypYleU,
Postman Pat Special Deliveries Summer Fun | Compilation | 1 H | Postman Pat Official,3177,52:57:00,,117000,yes,wpJHOv3s30M,https://www.youtube.com/watch?v=wpJHOv3s30M,
Postman Pat's New Hobbies 🚂 | Postman Pat | 1 Hour of Full Episodes,3180,53:00:00,,258000,yes,ouCAC6eZhhw,https://www.youtube.com/watch?v=ouCAC6eZhhw,
A Snowy Disaster ❄️ | Postman Pat | 1 Hour of Full Episodes,3181,53:01:00,,121000,yes,cllZEFQNcVc,https://www.youtube.com/watch?v=cllZEFQNcVc,
Pat's Old Teddy Bear! 🧸📦⭐️| Postman Pat | Full Episode,3182,53:02:00,,30000,yes,aotfoZn5kx4,https://www.youtube.com/watch?v=aotfoZn5kx4,
Pat's Childhood Toy! 🧸 | Postman Pat | 1 Hour of Full Episodes,3182,53:02:00,,47000,yes,Ko-O0WjoH7Q,https://www.youtube.com/watch?v=Ko-O0WjoH7Q,
Bonnie's Prickly Friend! 🦔 | Postman Pat | 1 Hour of Full Episodes,3182,53:02:00,,36000,yes,1YNRBBm66N8,https://www.youtube.com/watch?v=1YNRBBm66N8,
Greendale’s Teddy Bear Friend! 🧸 | Postman Pat | 1 Hour of Full Episodes,3182,53:02:00,,39000,yes,trXVRz77aBc,https://www.youtube.com/watch?v=trXVRz77aBc,
Bonnies New Neighbours! 🦔✨ | Postman Pat | 1 Hour of Full Episodes,3182,53:02:00,,45000,yes,vdMqd5DU0ao,https://www.youtube.com/watch?v=vdMqd5DU0ao,
Where Did Teddy Bear Go? 🧸 | 1 Hour of Postman Pat Full Episodes,3182,53:02:00,,41000,yes,snrXiwOfE2M,https://www.youtube.com/watch?v=snrXiwOfE2M,
Let's Build A Hedgehog House 🏠 | 1 Hour of Postman Pat Full Episodes,3182,53:02:00,,61000,yes,ck4Ydc1EUgE,https://www.youtube.com/watch?v=ck4Ydc1EUgE,
Teddy Bear's Wild Adventure 🧸 | 1 Hour of Postman Pat Full Episodes,3182,53:02:00,,46000,yes,i4_9B6REUVM,https://www.youtube.com/watch?v=i4_9B6REUVM,
Pat's Fun Run! 🏃🏻‍♂️⭐️😮 | Postman Pat | Full Episode,3184,53:04:00,,31000,yes,w2OCkVHgDOU,https://www.youtube.com/watch?v=w2OCkVHgDOU,
Pat and Bill's Mission! ⭐️ | Postman Pat | 1 Hour Comp | Full Episode,3184,53:04:00,,55000,yes,60pJ0yJzRBI,https://www.youtube.com/watch?v=60pJ0yJzRBI,
Pat & Bill's Mission! ⭐️ | Postman Pat | 1 Hour of Full Episodes,3184,53:04:00,,40000,yes,3ESmJuTDV9g,https://www.youtube.com/watch?v=3ESmJuTDV9g,
Pat the Sign Poster! 🪧📭 | Postman Pat | 1 Hour of Full Episodes,3184,53:04:00,,57000,yes,XZvA2O81Pro,https://www.youtube.com/watch?v=XZvA2O81Pro,
The Fun Run! 🏃‍♂️ | 1 Hour of Postman Pat Full Episodes,3184,53:04:00,,117000,yes,lwAyEruwMvI,https://www.youtube.com/watch?v=lwAyEruwMvI,
Bill Learns An Important Lesson 😃 | 1 Hour of Postman Pat Full Episodes,3184,53:04:00,,44000,yes,1MXvHnzqowA,https://www.youtube.com/watch?v=1MXvHnzqowA,
Pat's Massive Delivery! 🚚📦 | Postman Pat | 1 Hour of Full Episodes,3192,53:12:00,,121000,yes,x3DrVQ5IsEM,https://www.youtube.com/watch?v=x3DrVQ5IsEM,
Bill Learns to Ride a Bike! 🚲 | Postman Pat | 1 Hour of Full Episodes,3192,53:12:00,,173000,yes,v8CRz9K4SEU,https://www.youtube.com/watch?v=v8CRz9K4SEU,
Remember to Never Give Up! 🚲 | 1 Hour of Postman Pat Full Episodes,3192,53:12:00,,78000,yes,aubh55KHZJo,https://www.youtube.com/watch?v=aubh55KHZJo,
Pat the Handyman! 👨‍🔧 | Postman Pat | 1 Hour of Full Episodes,3214,53:34:00,,54000,yes,3nhT-y0SNrk,https://www.youtube.com/watch?v=3nhT-y0SNrk,
The Secret Greendale Spy! 🕵️‍♂️🔍 | Postman Pat | 1 Hour of Full Episodes,3214,53:34:00,,75000,yes,m_Jz5QDNhCA,https://www.youtube.com/watch?v=m_Jz5QDNhCA,
Is There A Spy In Greendale? 📡 | 1 Hour of Postman Pat Full Episodes,3214,53:34:00,,32000,yes,rzsqrdkIUNY,https://www.youtube.com/watch?v=rzsqrdkIUNY,
Pat's New Petl?! 📦🐮 | Postman Pat | 1 Hour Comp,3222,53:42:00,,35000,yes,fZYUYvaf9C4,https://www.youtube.com/watch?v=fZYUYvaf9C4,
Pat's Noisiest Parcel?! 📦🐮😯 | Postman Pat | Full Episode,3222,53:42:00,,40000,yes,r4zZQwpr1Rc,https://www.youtube.com/watch?v=r4zZQwpr1Rc,
Pat And The Cranky Cows!  | Postman Pat | 1 Hour Comp | Full Episode,3222,53:42:00,,39000,yes,T4NI9FUTQwk,https://www.youtube.com/watch?v=T4NI9FUTQwk,
Pat and the Noisy Parcel! 📦💥 | Postman Pat | 1 Hour of Full Episodes,3222,53:42:00,,48000,yes,6AGrvb2GaZc,https://www.youtube.com/watch?v=6AGrvb2GaZc,
Troublesome Farm Animals! 🐑🐄 | Postman Pat | 1 Hour of Full Episode,3222,53:42:00,,58000,yes,e6sdFPtjgGY,https://www.youtube.com/watch?v=e6sdFPtjgGY,
Why Are The Cows Cranky? 🐮 | 1 Hour of Postman Pat Full Episodes,3222,53:42:00,,41000,yes,YlR_saB7GMY,https://www.youtube.com/watch?v=YlR_saB7GMY,
Postman Pat's Tree Delivery?! 🌲😳📦 | Postman Pat Special Delivery | Full Episode | Kids Cartoons,3256,54:16:00,,18000,yes,GCdguEc0qJE,https://www.youtube.com/watch?v=GCdguEc0qJE,
Pat's Biggest Delivery Yet?! 🌲😳📦 | Postman Pat Special Delivery | Full Episode | 1 Hour Comp,3256,54:16:00,,73000,yes,rdxzbNFrVfQ,https://www.youtube.com/watch?v=rdxzbNFrVfQ,
Postman Pat's Tree Delivery?! 🌲😳📦 | Postman Pat Special Delivery | Full Episode | Kids Cartoons,3256,54:16:00,,75000,yes,Bh0AeEnftDQ,https://www.youtube.com/watch?v=Bh0AeEnftDQ,
Pat Delivers His Biggest Parcel! 📦  | Postman Pat | 1 Hour of Full Episodes,3256,54:16:00,,56000,yes,us33Ay7ypOk,https://www.youtube.com/watch?v=us33Ay7ypOk,
Pats Tree Troubles | Postman Pat | 1 Hour of Full Episodes,3256,54:16:00,,38000,yes,NNXHwec8nSM,https://www.youtube.com/watch?v=NNXHwec8nSM,
The Gigantic Tree 🌲 | 1 Hour of Postman Pat Full Episodes,3256,54:16:00,,37000,yes,a03q8-mc1NI,https://www.youtube.com/watch?v=a03q8-mc1NI,
Pat's Enormous Tree Delivery! 🌲 | 1 Hour of Postman Pat Special Delivery Service,3256,54:16:00,,33000,yes,CDUsUeS8DEY,https://www.youtube.com/watch?v=CDUsUeS8DEY,
1 HOUR COMPILATION | Postman Pat | Postman Pat Full Episodes | Kids Cartoon | Videos For Kids,3328,55:28:00,,52000,yes,6ZbP009L7HI,https://www.youtube.com/watch?v=6ZbP009L7HI,
1 HOUR COMPILATION | Postman Pat | Postman Pat Full Episodes | Kids Cartoon | Videos For Kids,3329,55:29:00,,86000,yes,xqRewR8DVnc,https://www.youtube.com/watch?v=xqRewR8DVnc,
1 HOUR COMPILATION | Postman Pat | Postman Pat Full Episodes | Kids Cartoon | Videos For Kids,3330,55:30:00,,49000,yes,EaKM72xlcG0,https://www.youtube.com/watch?v=EaKM72xlcG0,
Postman Pat | 1 HOUR COMPILATION | Postman Pat Full Episodes | Kids Cartoon | Videos For Kids,3331,55:31:00,,49000,yes,VU0A4a20efM,https://www.youtube.com/watch?v=VU0A4a20efM,
Postman Pat | 1 HOUR COMPILATION | Postman Pat Full Episodes | Kids Cartoon | Videos For Kids,3332,55:32:00,,24000,yes,YSUMwksYWbs,https://www.youtube.com/watch?v=YSUMwksYWbs,
Postman Pat | 1 HOUR COMPILATION | Postman Pat Full Episodes | Kids Cartoon | Videos For Kids,3333,55:33:00,,103000,yes,l1-zP1Pk8is,https://www.youtube.com/watch?v=l1-zP1Pk8is,
Postman Pat | 1 HOUR COMPILATION | Postman Pat Full Episodes | Kids Cartoon | Videos For Kids,3334,55:34:00,,46000,yes,Dq0fuBjZHRc,https://www.youtube.com/watch?v=Dq0fuBjZHRc,
Postman Pat Postman Pat | 1 HOUR COMPILATION | Postman Pat Full Episodes | Videos For Kids,3336,55:36:00,,40000,yes,y7o-b4QFOos,https://www.youtube.com/watch?v=y7o-b4QFOos,
Postman Pat Postman Pat | 1 HOUR COMPILATION | Postman Pat Full Episodes,3336,55:36:00,,100000,yes,AsgfZYE3JLk,https://www.youtube.com/watch?v=AsgfZYE3JLk,
Postman Pat Postman Pat | 1 HOUR COMPILATION | Postman Pat Full Episodes,3336,55:36:00,,51000,yes,BhpHoKZlr4Y,https://www.youtube.com/watch?v=BhpHoKZlr4Y,
Postman Pat | 1 HOUR COMPILATION | Postman Pat Full Episodes,3336,55:36:00,,168000,yes,jav4eNNt_ug,https://www.youtube.com/watch?v=jav4eNNt_ug,
Pat and the Missing Ducks! 🦆 | Postman Pat | Full Episode,3531,58:51:00,,62000,yes,p7YG-riREhM,https://www.youtube.com/watch?v=p7YG-riREhM,
Pat Saves A Gecko! 🦎 | Postman Pat Special Delivery Service | Full Episode,3531,58:51:00,,54000,yes,a4XTeV3fxd4,https://www.youtube.com/watch?v=a4XTeV3fxd4,
The Rubber Duck Rescue! 🛟🐥 | Postman Pat | 1 Hour of Full Episodes,3531,58:51:00,,74000,yes,yI00Y57yNzo,https://www.youtube.com/watch?v=yI00Y57yNzo,
The runaway Gecko! 🦎🏃‍♂️ | Postman Pat Special Delivery Service | 1 Hour of Full Episodes,3531,58:51:00,,66000,yes,Ckax4nUGgZA,https://www.youtube.com/watch?v=Ckax4nUGgZA,
Postman Pat 1 Hour Compilation | Postman Pat Special Deliveries | Full Episodes,3531,58:51:00,,115000,yes,cTQ8HZ8T78M,https://www.youtube.com/watch?v=cTQ8HZ8T78M,
Postman Pat Special Deliveries Summer Compilation | 1 H | Postman Pat Official,3531,58:51:00,,319000,yes,vCHuZ7_ZRhc,https://www.youtube.com/watch?v=vCHuZ7_ZRhc,
Postman Pat Special Deliveries 1 Hour Compilation | Postman Pat Official | Compilation,3531,58:51:00,,493000,yes,vAlBzlWkQME,https://www.youtube.com/watch?v=vAlBzlWkQME,
Postman Pat Special Deliveries 1 Hour Compilation | Postman Pat Official | Compilation,3531,58:51:00,,1600000,yes,SHgqOY-qEmg,https://www.youtube.com/watch?v=SHgqOY-qEmg,
Postman Pat Special Deliveries 1H Compilation | Postman Pat Official,3531,58:51:00,,367000,yes,SbSiaLoaEz8,https://www.youtube.com/watch?v=SbSiaLoaEz8,
Postman Pat Special Deliveries 1H Compilation | Postman Pat Official,3531,58:51:00,,471000,yes,BBNeeHVy1uY,https://www.youtube.com/watch?v=BBNeeHVy1uY,
Postman Pat 1 Hour Compilation | Postman Pat Special Deliveries | Full Episodes,3531,58:51:00,,2100000,yes,DGqn3xV_LcQ,https://www.youtube.com/watch?v=DGqn3xV_LcQ,
Greendale's Favourite Items! | 1 Hour of Postman Pat Full Episodes,3532,58:52:00,,63000,yes,Mg0czZvB8rw,https://www.youtube.com/watch?v=Mg0czZvB8rw,
Pat and the Scary Policeman! 👮‍♂️😱 | Postman Pat | 1 Hour of Full Episodes,3532,58:52:00,,66000,yes,QAjXwoSYovs,https://www.youtube.com/watch?v=QAjXwoSYovs,
Sarah's Crazy Cooking Mess!  | Postman Pat | 1 Hour of Full Episodes,3532,58:52:00,,39000,yes,tqdci4PY0JI,https://www.youtube.com/watch?v=tqdci4PY0JI,
Pat and the Spooky Scarecrow! 😱🐦‍⬛ | Postman Pat | 1 Hour of Full Episodes,3532,58:52:00,,53000,yes,rmXbSvDn5UA,https://www.youtube.com/watch?v=rmXbSvDn5UA,
The Amazing Greendale Website 💻 | 1 Hour of Postman Pat Full Episodes,3532,58:52:00,,53000,yes,-9eXBXXLDp8,https://www.youtube.com/watch?v=-9eXBXXLDp8,
The Scarecrow Policeman! 🌾 | 1 Hour of Full Episodes of Postman Pat Special Delivery Service,3532,58:52:00,,60000,yes,7krFkUbRyWE,https://www.youtube.com/watch?v=7krFkUbRyWE,
Postman Pat 1 Hour Compilation | Postman Pat Officiel | Full Episodes,3532,58:52:00,,266000,yes,aeVz-_WXiFo,https://www.youtube.com/watch?v=aeVz-_WXiFo,
Postman Pat Special Delivery 1 Hour Compilation | Full Episode,3532,58:52:00,,579000,yes,8mtFsc6KnC0,https://www.youtube.com/watch?v=8mtFsc6KnC0,
Jess' First Words! 🐱 | 1 Hour of Postman Pat Full Episodes,3552,59:12:00,,70000,yes,xrTKNCNor3Y,https://www.youtube.com/watch?v=xrTKNCNor3Y,
Where's Jess!? 🐱 | Postman Pat | 1 Hour of Full Episodes,3552,59:12:00,,70000,yes,oo9VfLTRtTk,https://www.youtube.com/watch?v=oo9VfLTRtTk,
The Search For Pumpkin!  | Postman Pat | 1 Hour of Full Episodes,3552,59:12:00,,98000,yes,LnlAaXXgZ3E,https://www.youtube.com/watch?v=LnlAaXXgZ3E,
Jess Learns to Talk! 🐱🗣️ | Postman Pat | 1 Hour of Full Episodes,3552,59:12:00,,113000,yes,WM1WGt5jI4E,https://www.youtube.com/watch?v=WM1WGt5jI4E,
Jess the Helpful Cat! 🐱 | Postman Pat | 1 Hour of Full Episodes,3552,59:12:00,,101000,yes,Bhcxc-925jo,https://www.youtube.com/watch?v=Bhcxc-925jo,
Pumpkin Goes Missing! 🐴💨 | Postman Pat | 1 Hour of Full Episodes,3552,59:12:00,,89000,yes,MCozGCl8lNU,https://www.youtube.com/watch?v=MCozGCl8lNU,
Jess the Amazing Talking Cat! 🐱 | 1 Hour of Postman Pat Full Episodes,3552,59:12:00,,66000,yes,mSbxH91McO0,https://www.youtube.com/watch?v=mSbxH91McO0,
Jess Wins Most Helpful Cat! 🏆 | 1 Hour of Full Episodes!,3552,59:12:00,,67000,yes,nCks887UgMI,https://www.youtube.com/watch?v=nCks887UgMI,
Pat's Pony Ride 🐴 | Postman Pat | 1 Hour Compilation,3552,59:12:00,,407000,yes,Z9_qAUcJT9E,https://www.youtube.com/watch?v=Z9_qAUcJT9E,
Jess Can Talk?! 😺 | Postman Pat | Full Episode,3552,59:12:00,,116000,yes,frBL0AL9H2w,https://www.youtube.com/watch?v=frBL0AL9H2w,
The Lost Pets 🐶 | Postman Pat | 1 Hour Compilation,3552,59:12:00,,172000,yes,GQ430I6E5Y0,https://www.youtube.com/watch?v=GQ430I6E5Y0,
Dr Gilbertson's New Car!  | Postman Pat | 1 Hour of Full Episodes,3554,59:14:00,,115000,yes,ZXLtbWGpX7s,https://www.youtube.com/watch?v=ZXLtbWGpX7s,
The Surprise Present 🎁✨  | Postman Pat 1 Hour of Full Episodes,3554,59:14:00,,55000,yes,i04YtexVCpg,https://www.youtube.com/watch?v=i04YtexVCpg,
The Big Surprise 🎁 | Postman Pat | 1 Hour of Full Episodes,3554,59:14:00,,511000,yes,aRcJ8I10eY4,https://www.youtube.com/watch?v=aRcJ8I10eY4,
Pat and the Missing Dog! 🐶 | Postman Pat | 1 Hour of Full Episodes,3555,59:15:00,,54000,yes,gHor8EROf1k,https://www.youtube.com/watch?v=gHor8EROf1k,
Pat's Balloon Adventure! 🎈✨ | Postman Pat | 1 Hour of Full Episodes,3555,59:15:00,,104000,yes,NY3A29GWwSc,https://www.youtube.com/watch?v=NY3A29GWwSc,
The Wild Hot Air Balloon Ride 🎈 | 1 Hour of Postman Pat Full Episodes,3555,59:15:00,,62000,yes,YAfkLvTTiBw,https://www.youtube.com/watch?v=YAfkLvTTiBw,
A Snowy Surprise ❄️ | Postman Pat | 1 Hour of Full Episodes,3555,59:15:00,,140000,yes,h5msx3Iey-U,https://www.youtube.com/watch?v=h5msx3Iey-U,
Pat Vs Dinosaurs?! 🦖📦😮 | Postman Pat | 1 Hour Comp,3557,59:17:00,,15000,yes,Ljj2XEK38a4,https://www.youtube.com/watch?v=Ljj2XEK38a4,
Pat Vs Dinosaurs?! 🦖📦😮 | Postman Pat | 1 Hour Comp,3557,59:17:00,,61000,yes,5wT2UFf-_dk,https://www.youtube.com/watch?v=5wT2UFf-_dk,
Pat's Broken Down! 🚗📦😯 | Postman Pat | 1 Hour Comp,3557,59:17:00,,44000,yes,wJNNkJZ_sto,https://www.youtube.com/watch?v=wJNNkJZ_sto,
Can Pat & The Knights Defend Greendale?! 😲📦🌟 | Postman Pat | Full Episode | 1 Hour Comp,3557,59:17:00,,33000,yes,1kntDGNRESM,https://www.youtube.com/watch?v=1kntDGNRESM,
Pat Saves Greendale From Dinosaurs?! 🦖😲📦  | Postman Pat | 1 Hour Comp | Full Episode,3557,59:17:00,,71000,yes,YY0h3HbSQBY,https://www.youtube.com/watch?v=YY0h3HbSQBY,
Pat and the Garden Knights! 🛡️⚔️ | Postman Pat | 1 Hour of Full Episodes,3557,59:17:00,,73000,yes,WXF0M4JBn3M,https://www.youtube.com/watch?v=WXF0M4JBn3M,
Pat's Special Tricks! ✨ | Postman Pat | 1 Hour of Full Episodes,3557,59:17:00,,82000,yes,WB9CYLPRqi0,https://www.youtube.com/watch?v=WB9CYLPRqi0,
Pat's Surprise for the Kids! 🧒👧  | Postman Pat | Full Episodes,3557,59:17:00,,54000,yes,2JgngNpf-xU,https://www.youtube.com/watch?v=2JgngNpf-xU,
Pat's Cliffside Rescue! 🐑 | 1 Hour of Postman Pat Full Episodes,3557,59:17:00,,79000,yes,9PBXAG4SXzM,https://www.youtube.com/watch?v=9PBXAG4SXzM,
Jess's Rescue Mission | Postman Pat | 1 Hour of Full Episodes,3557,59:17:00,,83000,yes,ljy05dcwedQ,https://www.youtube.com/watch?v=ljy05dcwedQ,
The Greendale Rocket Mechanics | Postman Pat | 1 Hour of Full Episodes,3557,59:17:00,,87000,yes,A5cA9s6qK98,https://www.youtube.com/watch?v=A5cA9s6qK98,
Pat Paints the Treehouse! 🎨🏡 | Postman Pat | 1 Hour of Full Episodes,3557,59:17:00,,126000,yes,RHWahIVuDd8,https://www.youtube.com/watch?v=RHWahIVuDd8,
Trip to the Seaside! 🏖️🪣 | Postman Pat | 1 Hour of Full Episodes,3557,59:17:00,,82000,yes,WgXSXdhwGLw,https://www.youtube.com/watch?v=WgXSXdhwGLw,
Pats Marvellous Card Tricks ♣️♦️ | Postman Pat | 1 Hour of Full Episodes,3557,59:17:00,,39000,yes,ptshH-lFZA0,https://www.youtube.com/watch?v=ptshH-lFZA0,
Sir Julian gets knighted! 🗡️🛡️ | Postman Pat | 1 Hour of Full Episodes,3557,59:17:00,,37000,yes,ZYbi7ZiPKm8,https://www.youtube.com/watch?v=ZYbi7ZiPKm8,
The Hunt for Fossils! 🦖🔍  | Postman Pat | Full Episodes,3557,59:17:00,,59000,yes,#NAME?,https://www.youtube.com/watch?v=-T5yEPMYRDk,
Ajay’s Crazy Camping Trip! 🏕️🐑 | Postman Pat | 1 Hour of Full Episodes,3557,59:17:00,,62000,yes,T9X_Zr0qrZs,https://www.youtube.com/watch?v=T9X_Zr0qrZs,
Jess the Litter Picker! 🐈‍⬛🗑️ | Postman Pat | 1 Hour of Full Episodes,3557,59:17:00,,188000,yes,#NAME?,https://www.youtube.com/watch?v=-Ta6xO3ZYUs,
The Unexpected Inspection! 🧐🚂 | Postman Pat | 1 Hour of Full Episodes,3557,59:17:00,,71000,yes,djcE5sN_chE,https://www.youtube.com/watch?v=djcE5sN_chE,
The Troublesome Two 🐶🐱 | Postman Pat | 1 Hour of Full Episode,3557,59:17:00,,79000,yes,d8M1q0EW7Pk,https://www.youtube.com/watch?v=d8M1q0EW7Pk,
Ajay's Picnic Disaster | Postman Pat | 1 Hour of Full Episode,3557,59:17:00,,99000,yes,at-2z62skmk,https://www.youtube.com/watch?v=at-2z62skmk,
The Knights of Greendale 🏰 | 1 Hour of Postman Pat Full Episodes,3557,59:17:00,,41000,yes,Lbyh1t4BYeU,https://www.youtube.com/watch?v=Lbyh1t4BYeU,
Pat's Amazing Magic Tricks! 🃏🪄 | 1 Hour of Postman Pat Full Episodes,3557,59:17:00,,56000,yes,DeXtstWWspU,https://www.youtube.com/watch?v=DeXtstWWspU,
Wear Your Best Costume! | 1 Hour of Postman Pat Full Episodes,3557,59:17:00,,61000,yes,udUKzlRjphA,https://www.youtube.com/watch?v=udUKzlRjphA,
Hunting for Dinosaurs! 🦕 | 1 Hour of Postman Pat Full Episodes,3557,59:17:00,,39000,yes,JD2q2fPz7FU,https://www.youtube.com/watch?v=JD2q2fPz7FU,
The Mischievous Pets! 🐶🐱 | 1 Hour of Postman Pat Full Episodes,3557,59:17:00,,78000,yes,XqoVSheQSfI,https://www.youtube.com/watch?v=XqoVSheQSfI,
Mountain Top Rescue! ⛰️ | 1 Hour of Postman Pat Full Episodes,3557,59:17:00,,73000,yes,hnQVslOaRB0,https://www.youtube.com/watch?v=hnQVslOaRB0,
Will the Train Pass Inspection? 🚂 | 1 Hour of Postman Pat Full Episodes,3557,59:17:00,,180000,yes,P25zhlJXbqs,https://www.youtube.com/watch?v=P25zhlJXbqs,
Day At The Seaside! 🏝️ | 1 Hour of Postman Pat Full Episodes,3557,59:17:00,,51000,yes,4eiHLKxxzjQ,https://www.youtube.com/watch?v=4eiHLKxxzjQ,
Don't Be Late for the Dance! 🪩 | 1 Hour of Postman Pat Full Episodes,3557,59:17:00,,51000,yes,-1kP7WE4L2g,https://www.youtube.com/watch?v=-1kP7WE4L2g,
Jess is Stuck! 🐱 | Postman Pat | 1 Hour of Full Episodes,3557,59:17:00,,73000,yes,PCdwJ5biF_c,https://www.youtube.com/watch?v=PCdwJ5biF_c,
The Marvelous Magic Show! 🪄 | Postman Pat | 1 HOUR of Full Episodes,3557,59:17:00,,84000,yes,0JR6f1QK2tw,https://www.youtube.com/watch?v=0JR6f1QK2tw,
The Brave Greendale Knights! 🏰 | Postman Pat | Full Episode,3557,59:17:00,,175000,yes,aoTNb9Oi-Qw,https://www.youtube.com/watch?v=aoTNb9Oi-Qw,
Let's Go On A Dino Hunt! 🦖 | Postman Pat | 1 Hour Compilation,3557,59:17:00,,65000,yes,HVe4kZVhbr8,https://www.youtube.com/watch?v=HVe4kZVhbr8,
Bowling for Friendship 🎳 | Postman Pat | 1 Hour of Full Episodes,3557,59:17:00,,236000,yes,b88bkQdj2bQ,https://www.youtube.com/watch?v=b88bkQdj2bQ,
The Perfect Outfit! 👗 | Postman Pat | 1 Hour of Full Episodes,3557,59:17:00,,67000,yes,aFC22kvNfJc,https://www.youtube.com/watch?v=aFC22kvNfJc,
Midsummer Music 🎶 | Postman Pat | 1 Hour of Full Episodes,3557,59:17:00,,118000,yes,bXlsuNGJos4,https://www.youtube.com/watch?v=bXlsuNGJos4,
A Perfect Pizza Party 🍕 | Postman Pat | 1 Hour of Full Episodes,3557,59:17:00,,349000,yes,2OtWwLcq9eA,https://www.youtube.com/watch?v=2OtWwLcq9eA,
Jess and Bonnie's Playful Day 🐶😸 | Postman Pat | 1 Hour of Full Episodes,3557,59:17:00,,495000,yes,l36s7icIEs4,https://www.youtube.com/watch?v=l36s7icIEs4,
Oh Christmas Tree! 🎄 | Postman Pat | 1 Hour of Full Episodes,3557,59:17:00,,135000,yes,PzX-0byNKtQ,https://www.youtube.com/watch?v=PzX-0byNKtQ,
Pat Teaches About Teamwork 👬 | Postman Pat | 1 Hour of Full Episodes,3557,59:17:00,,402000,yes,xMVYKwU_Z1c,https://www.youtube.com/watch?v=xMVYKwU_Z1c,
It’s Train Inspection Day!🚂 | Postman Pat | 1 Hour of Full Episodes,3557,59:17:00,,254000,yes,9dC9U1n4p6Y,https://www.youtube.com/watch?v=9dC9U1n4p6Y,
A Day at the Seaside 🏖️ | Postman Pat | 1 Hour of Full Episodes,3557,59:17:00,,1400000,yes,KPCBnO9nWCk,https://www.youtube.com/watch?v=KPCBnO9nWCk,
Postman Pat's Halloween Adventures 🎃 | Postman Pat | 1 Hour of Full Episodes,3557,59:17:00,,201000,yes,7afjNad7OD4,https://www.youtube.com/watch?v=7afjNad7OD4,
Postman Pat's Rescue Mission  🧗| Postman Pat | 1 Hour Compilation,3557,59:17:00,,110000,yes,UYzzo853fV4,https://www.youtube.com/watch?v=UYzzo853fV4,
The Mischevious Pets of Greendale 🐱🐶 | Postman Pat | 1 Hour Of Full Episodes,3557,59:17:00,,397000,yes,Vw3FRqwwe5c,https://www.youtube.com/watch?v=Vw3FRqwwe5c,
Jess Gets Into Trouble 😺 | Postman Pat | 1 Hour Compilation,3557,59:17:00,,281000,yes,GWr_DHrlpHE,https://www.youtube.com/watch?v=GWr_DHrlpHE,
Postman Pat 1 HOUR COMP | Postman Pat,3595,59:55:00,,76000,yes,570zBb04H9Y,https://www.youtube.com/watch?v=570zBb04H9Y,
Postman Pat 1 HOUR COMPILATION | Postman Pat,3596,59:56:00,,135000,yes,p6aXjYYMeRY,https://www.youtube.com/watch?v=p6aXjYYMeRY,
